aula_id,oferta_id,ano,data_aula,materia,professor_id,turma,tema_aula,duracao_min,modalidade_aula
L0000001,O20210001,2021,2021-02-25,Matemática,P002,Extensivo A,Laboratório Matemática,50,Presencial
L0000002,O20210001,2021,2021-02-17,Matemática,P002,Extensivo A,Laboratório Matemática,60,Híbrido
L0000003,O20210001,2021,2021-03-16,Matemática,P002,Extensivo A,Resolução de questões Matemática,120,online
L0000004,O20210001,2021,2021-03-05,Matemática,P002,Extensivo A, Matemática,90,online
L0000005,O20210001,2021,2021-04-28,Matemática,P002,Extensivo A,Laboratório Matemática,,
L0000006,O20210001,2021,2021-04-04,Matemática,P002,Extensivo A,Correção de simulado Matemática,75,
L0000007,O20210001,2021,2021-05-10,Matemática,P002,Extensivo A,Resolução de questões Matemática,75,Online
L0000008,O20210001,2021,2021-05-17,Matemática,P002,Extensivo A, Matemática,60,Online
L0000009,O20210001,2021,2021-06-22,Matemática,P002,Extensivo A,Aula teórica Matemática,60,online
L0000010,O20210001,2021,2021-06-24,Matemática,P002,Extensivo A,Aula teórica Matemática,75,Híbrido
L0000011,O20210002,2021,2021-02-09,Física,P006,Extensivo A, Física,120,Online
L0000012,O20210002,2021,2021-02-21,Física,P006,Extensivo A,Revisão Física,120,Online
L0000013,O20210002,2021,2021-03-02,Física,P006,Extensivo A,Aula teórica Física,50,online
L0000014,O20210002,2021,2021-03-12,Física,P006,Extensivo A, Física,75,
L0000015,O20210002,2021,2021-04-10,Física,P006,Extensivo A,Aula teórica Física,120,Online
L0000016,O20210002,2021,2021-04-03,Física,P006,Extensivo A, Física,120,Presencial
L0000017,O20210002,2021,2021-05-11,Física,P006,Extensivo A, Física,60,Presencial
L0000018,O20210002,2021,2021-05-14,Física,P006,Extensivo A,Correção de simulado Física,120,
L0000019,O20210002,2021,2021-06-13,Física,P006,Extensivo A,Revisão Física,120,Online
L0000020,O20210002,2021,2021-06-03,Física,P006,Extensivo A,Revisão Física,120,online
L0000021,O20210002,2021,2021-07-02,Física,P006,Extensivo A,Laboratório Física,75,Presencial
L0000022,O20210002,2021,2021-07-12,Física,P006,Extensivo A,Resolução de questões Física,90,Presencial
L0000023,O20210002,2021,2021-08-18,Física,P006,Extensivo A,Revisão Física,120,
L0000024,O20210002,2021,2021-08-15,Física,P006,Extensivo A,Resolução de questões Física,120,Presencial
L0000025,O20210003,2021,2021-02-24,QUÍMICA,P008,Extensivo A,Resolução de questões Química,120,Presencial
L0000026,O20210003,2021,2021-02-19,QUÍMICA,P008,Extensivo A,Laboratório Química,60,Online
L0000027,O20210003,2021,2021-03-01,QUÍMICA,P008,Extensivo A, Química,50,Presencial
L0000028,O20210003,2021,2021-03-11,QUÍMICA,P008,Extensivo A, Química,120,Online
L0000029,O20210003,2021,05/04/2021,QUÍMICA,P008,Extensivo A,Resolução de questões Química,,
L0000030,O20210003,2021,2021-04-02,QUÍMICA,P008,Extensivo A,Aula teórica Química,60,Presencial
L0000031,O20210003,2021,2021-05-28,QUÍMICA,P008,Extensivo A,Revisão Química,50,Híbrido
L0000032,O20210003,2021,2021-05-03,QUÍMICA,P008,Extensivo A,Correção de simulado Química,90,Híbrido
L0000033,O20210003,2021,2021-06-22,QUÍMICA,P008,Extensivo A,Laboratório Química,50,
L0000034,O20210003,2021,2021-06-08,QUÍMICA,P008,Extensivo A,Resolução de questões Química,90,Online
L0000035,O20210003,2021,2021-07-25,QUÍMICA,P008,Extensivo A,Aula teórica Química,75,Online
L0000036,O20210003,2021,2021-07-14,QUÍMICA,P008,Extensivo A,Correção de simulado Química,120,online
L0000037,O20210003,2021,2021-08-19,QUÍMICA,P008,Extensivo A, Química,120,Híbrido
L0000038,O20210004,2021,2021-02-12,Biologia,P010,Extensivo A,Correção de simulado Biologia,,online
L0000039,O20210004,2021,2021-02-20,Biologia,P010,Extensivo A,Revisão Biologia,50,Híbrido
L0000040,O20210004,2021,2021-03-25,Biologia,P010,Extensivo A,Laboratório Biologia,90,Híbrido
L0000041,O20210004,2021,2021-03-02,Biologia,P010,Extensivo A,Revisão Biologia,75,
L0000042,O20210004,2021,2021-04-19,Biologia,P010,Extensivo A, Biologia,,
L0000043,O20210004,2021,2021-04-09,Biologia,P010,Extensivo A,Resolução de questões Biologia,50,online
L0000044,O20210004,2021,2021-05-11,Biologia,P010,Extensivo A,Revisão Biologia,90,Híbrido
L0000045,O20210004,2021,2021-05-13,Biologia,P010,Extensivo A,Resolução de questões Biologia,,Online
L0000046,O20210004,2021,2021-06-14,Biologia,P010,Extensivo A,Laboratório Biologia,75,
L0000047,O20210004,2021,2021-06-22,Biologia,P010,Extensivo A,Resolução de questões Biologia,90,Online
L0000048,O20210004,2021,2021-07-23,Biologia,P010,Extensivo A, Biologia,90,
L0000049,O20210005,2021,2021-02-15,História,P014,Extensivo A,Revisão História,120,
L0000050,O20210005,2021,2021/02/21,História,P014,Extensivo A, História,90,Híbrido
L0000051,O20210005,2021,2021-03-09,História,P014,Extensivo A,Aula teórica História,90,
L0000052,O20210005,2021,2021-03-09,História,P014,Extensivo A,Aula teórica História,90,online
L0000053,O20210005,2021,2021-04-13,História,P014,Extensivo A,Resolução de questões História,90,online
L0000054,O20210005,2021,2021-04-27,História,P014,Extensivo A,Resolução de questões História,75,Online
L0000055,O20210005,2021,2021-05-09,História,P014,Extensivo A,Aula teórica História,75,
L0000056,O20210005,2021,2021-05-24,História,P014,Extensivo A,Aula teórica História,50,Presencial
L0000057,O20210005,2021,2021-06-20,História,P014,Extensivo A,Aula teórica História,75,Híbrido
L0000058,O20210005,2021,2021-06-15,História,P014,Extensivo A,Resolução de questões História,50,Híbrido
L0000059,O20210005,2021,2021-07-05,História,P014,Extensivo A, História,75,online
L0000060,O20210005,2021,2021-07-10,História,P014,Extensivo A, História,75,Online
L0000061,O20210005,2021,2021-08-11,História,P014,Extensivo A,Revisão História,120,
L0000062,O20210005,2021,2021-08-10,História,P014,Extensivo A,Laboratório História,50,Presencial
L0000063,O20210006,2021,2021-02-06,Geografia,P016,Extensivo A, Geografia,,
L0000064,O20210006,2021,2021-02-09,Geografia,P016,Extensivo A,Aula teórica Geografia,,Online
L0000065,O20210006,2021,2021-03-05,Geografia,P016,Extensivo A, Geografia,90,Híbrido
L0000066,O20210006,2021,2021-03-13,Geografia,P016,Extensivo A,Correção de simulado Geografia,50,Online
L0000067,O20210006,2021,2021-04-24,Geografia,P016,Extensivo A,Aula teórica Geografia,75,Online
L0000068,O20210006,2021,2021-04-07,Geografia,P016,Extensivo A,Aula teórica Geografia,50,online
L0000069,O20210006,2021,2021-05-06,Geografia,P016,Extensivo A,Laboratório Geografia,60,Online
L0000070,O20210006,2021,2021-05-10,Geografia,P016,Extensivo A,Resolução de questões Geografia,90,Presencial
L0000071,O20210006,2021,2021-06-10,Geografia,P016,Extensivo A, Geografia,120,Presencial
L0000072,O20210006,2021,2021-06-20,Geografia,P016,Extensivo A,Resolução de questões Geografia,,
L0000073,O20210006,2021,2021-07-21,Geografia,P016,Extensivo A,Correção de simulado Geografia,60,Online
L0000074,O20210007,2021,2021-02-13,Português,P019,Extensivo A,Correção de simulado Português,90,Híbrido
L0000075,O20210007,2021,2021-02-06,Português,P019,Extensivo A,Laboratório Português,90,online
L0000076,O20210007,2021,2021-03-05,Português,P019,Extensivo A,Revisão Português,50,Presencial
L0000077,O20210007,2021,2021-03-08,Português,P019,Extensivo A, Português,90,online
L0000078,O20210007,2021,2021-04-16,Português,P019,Extensivo A,Revisão Português,75,online
L0000079,O20210007,2021,2021-04-08,Português,P019,Extensivo A,Laboratório Português,75,Presencial
L0000080,O20210007,2021,2021-05-06,Português,P019,Extensivo A, Português,,online
L0000081,O20210007,2021,2021-05-25,Português,P019,Extensivo A,Revisão Português,90,online
L0000082,O20210007,2021,2021-06-06,Português,P019,Extensivo A,Aula teórica Português,50,Híbrido
L0000083,O20210007,2021,2021-06-19,Português,P019,Extensivo A,Correção de simulado Português,60,
L0000084,O20210008,2021,2021-02-03,Redação,P023,Extensivo A,Resolução de questões Redação,120,Online
L0000085,O20210008,2021,2021-02-23,Redação,P023,Extensivo A,Revisão Redação,90,Online
L0000086,O20210008,2021,2021-03-05,Redação,P023,Extensivo A,Resolução de questões Redação,75,Híbrido
L0000087,O20210008,2021,2021-03-21,Redação,P023,Extensivo A,Aula teórica Redação,90,Presencial
L0000088,O20210008,2021,2021-04-09,Redação,P023,Extensivo A,Revisão Redação,90,
L0000089,O20210008,2021,2021-04-02,Redação,P023,Extensivo A,Correção de simulado Redação,60,Híbrido
L0000090,O20210008,2021,08/05/2021,Redação,P023,Extensivo A,Aula teórica Redação,75,Híbrido
L0000091,O20210008,2021,2021-05-12,Redação,P023,Extensivo A,Revisão Redação,75,
L0000092,O20210008,2021,2021-06-24,Redação,P023,Extensivo A,Aula teórica Redação,120,
L0000093,O20210008,2021,2021-06-10,Redação,P023,Extensivo A,Resolução de questões Redação,120,Online
L0000094,O20210008,2021,2021-07-02,Redação,P023,Extensivo A,Revisão Redação,,Online
L0000095,O20210008,2021,2021-07-01,Redação,P023,Extensivo A, Redação,50,
L0000096,O20210008,2021,2021-08-02,Redação,P023,Extensivo A,Correção de simulado Redação,,online
L0000097,O20210009,2021,2021-02-01,Inglês,P025,Extensivo A,Laboratório Inglês,60,Presencial
L0000098,O20210009,2021,03/02/2021,Inglês,P025,Extensivo A, Inglês,,Online
L0000099,O20210009,2021,2021-03-08,Inglês,P025,Extensivo A,Correção de simulado Inglês,90,Online
L0000100,O20210009,2021,2021-03-15,Inglês,P025,Extensivo A,Laboratório Inglês,120,
L0000101,O20210009,2021,2021-04-13,Inglês,P025,Extensivo A,Resolução de questões Inglês,90,Online
L0000102,O20210009,2021,04-16-2021,Inglês,P025,Extensivo A, Inglês,,Presencial
L0000103,O20210009,2021,2021-05-18,Inglês,P025,Extensivo A,Revisão Inglês,120,Híbrido
L0000104,O20210009,2021,2021/05/09,Inglês,P025,Extensivo A,Laboratório Inglês,,Híbrido
L0000105,O20210009,2021,2021-06-08,Inglês,P025,Extensivo A,Aula teórica Inglês,,Online
L0000106,O20210009,2021,2021-06-23,Inglês,P025,Extensivo A, Inglês,50,online
L0000107,O20210009,2021,2021-07-23,Inglês,P025,Extensivo A,Laboratório Inglês,,
L0000108,O20210009,2021,2021-07-23,Inglês,P025,Extensivo A,Correção de simulado Inglês,120,Presencial
L0000109,O20210009,2021,2021-08-06,Inglês,P025,Extensivo A,Aula teórica Inglês,120,Presencial
L0000110,O20210010,2021,2021-02-05,Filosofia,P030,Extensivo A,Aula teórica Filosofia,120,online
L0000111,O20210010,2021,02-28-2021,Filosofia,P030,Extensivo A,Revisão Filosofia,,Presencial
L0000112,O20210010,2021,2021-03-05,Filosofia,P030,Extensivo A,Laboratório Filosofia,60,Online
L0000113,O20210010,2021,2021-03-08,Filosofia,P030,Extensivo A,Correção de simulado Filosofia,75,Presencial
L0000114,O20210010,2021,2021-04-20,Filosofia,P030,Extensivo A,Resolução de questões Filosofia,90,
L0000115,O20210010,2021,2021-04-19,Filosofia,P030,Extensivo A, Filosofia,75,online
L0000116,O20210010,2021,2021-05-02,Filosofia,P030,Extensivo A,Revisão Filosofia,50,Presencial
L0000117,O20210010,2021,2021-05-02,Filosofia,P030,Extensivo A, Filosofia,60,online
L0000118,O20210011,2021,2021-02-10,Sociologia,P034,Extensivo A,Aula teórica Sociologia,60,Presencial
L0000119,O20210011,2021,2021-02-14,Sociologia,P034,Extensivo A,Resolução de questões Sociologia,90,online
L0000120,O20210011,2021,2021-03-06,Sociologia,P034,Extensivo A,Aula teórica Sociologia,120,Online
L0000121,O20210011,2021,2021-03-17,Sociologia,P034,Extensivo A,Laboratório Sociologia,120,
L0000122,O20210011,2021,2021-04-28,Sociologia,P034,Extensivo A, Sociologia,120,
L0000123,O20210011,2021,2021-04-20,Sociologia,P034,Extensivo A,Revisão Sociologia,90,Híbrido
L0000124,O20210011,2021,2021-05-10,Sociologia,P034,Extensivo A, Sociologia,120,Presencial
L0000125,O20210011,2021,05-05-2021,Sociologia,P034,Extensivo A,Resolução de questões Sociologia,,Híbrido
L0000126,O20210012,2021,2021-02-14,MATEMÁTICA,P004,Extensivo B, Matemática,60,Híbrido
L0000127,O20210012,2021,2021-02-19,MATEMÁTICA,P004,Extensivo B,Laboratório Matemática,50,online
L0000128,O20210012,2021,2021-03-04,MATEMÁTICA,P004,Extensivo B,Aula teórica Matemática,90,
L0000129,O20210012,2021,2021/03/02,MATEMÁTICA,P004,Extensivo B, Matemática,50,Híbrido
L0000130,O20210012,2021,2021-04-10,MATEMÁTICA,P004,Extensivo B,Correção de simulado Matemática,,
L0000131,O20210012,2021,2021-04-06,MATEMÁTICA,P004,Extensivo B,Aula teórica Matemática,,
L0000132,O20210012,2021,2021-05-01,MATEMÁTICA,P004,Extensivo B,Aula teórica Matemática,60,online
L0000133,O20210012,2021,2021-05-19,MATEMÁTICA,P004,Extensivo B,Resolução de questões Matemática,,Híbrido
L0000134,O20210012,2021,2021-06-04,MATEMÁTICA,P004,Extensivo B,Laboratório Matemática,,Presencial
L0000135,O20210012,2021,2021-06-19,MATEMÁTICA,P004,Extensivo B,Laboratório Matemática,75,
L0000136,O20210012,2021,2021-07-03,MATEMÁTICA,P004,Extensivo B,Resolução de questões Matemática,50,Online
L0000137,O20210013,2021,2021-02-16,Física,P006,Extensivo B, Física,120,
L0000138,O20210013,2021,2021-02-28,Física,P006,Extensivo B,Resolução de questões Física,,
L0000139,O20210013,2021,2021-03-24,Física,P006,Extensivo B,Laboratório Física,120,Online
L0000140,O20210013,2021,2021-03-22,Física,P006,Extensivo B,Laboratório Física,60,Online
L0000141,O20210013,2021,2021-04-11,Física,P006,Extensivo B,Laboratório Física,75,
L0000142,O20210013,2021,2021-04-18,Física,P006,Extensivo B,Revisão Física,60,Híbrido
L0000143,O20210013,2021,2021-05-13,Física,P006,Extensivo B,Aula teórica Física,120,
L0000144,O20210013,2021,2021-05-08,Física,P006,Extensivo B,Aula teórica Física,75,Híbrido
L0000145,O20210014,2021,2021-02-09,Química,P008,Extensivo B, Química,,Online
L0000146,O20210014,2021,2021-02-06,Química,P008,Extensivo B,Revisão Química,50,Presencial
L0000147,O20210014,2021,2021-03-11,Química,P008,Extensivo B,Aula teórica Química,,Presencial
L0000148,O20210014,2021,2021-03-19,Química,P008,Extensivo B,Correção de simulado Química,60,Presencial
L0000149,O20210014,2021,2021-04-12,Química,P008,Extensivo B,Resolução de questões Química,120,
L0000150,O20210014,2021,2021-04-26,Química,P008,Extensivo B, Química,,online
L0000151,O20210014,2021,2021-05-17,Química,P008,Extensivo B,Aula teórica Química,120,Online
L0000152,O20210014,2021,2021-05-15,Química,P008,Extensivo B,Laboratório Química,90,
L0000153,O20210014,2021,2021-06-08,Química,P008,Extensivo B,Aula teórica Química,50,Presencial
L0000154,O20210014,2021,2021-06-12,Química,P008,Extensivo B, Química,75,online
L0000155,O20210015,2021,2021-02-10,Biologia,P010,Extensivo B,Aula teórica Biologia,50,Online
L0000156,O20210015,2021,2021-02-18,Biologia,P010,Extensivo B,Revisão Biologia,,Híbrido
L0000157,O20210015,2021,2021-03-09,Biologia,P010,Extensivo B,Aula teórica Biologia,90,
L0000158,O20210015,2021,2021-03-26,Biologia,P010,Extensivo B,Correção de simulado Biologia,120,Híbrido
L0000159,O20210015,2021,2021-04-03,Biologia,P010,Extensivo B, Biologia,75,online
L0000160,O20210015,2021,2021-04-02,Biologia,P010,Extensivo B,Revisão Biologia,75,online
L0000161,O20210015,2021,2021-05-17,Biologia,P010,Extensivo B,Resolução de questões Biologia,75,Híbrido
L0000162,O20210015,2021,2021-05-23,Biologia,P010,Extensivo B,Correção de simulado Biologia,90,Online
L0000163,O20210016,2021,2021-02-01,História,P015,Extensivo B,Correção de simulado História,120,online
L0000164,O20210016,2021,2021-02-16,História,P015,Extensivo B,Correção de simulado História,75,online
L0000165,O20210016,2021,2021-03-04,História,P015,Extensivo B,Laboratório História,90,
L0000166,O20210016,2021,2021-03-17,História,P015,Extensivo B, História,90,online
L0000167,O20210016,2021,2021-04-11,História,P015,Extensivo B,Revisão História,50,
L0000168,O20210016,2021,2021-04-20,História,P015,Extensivo B, História,75,
L0000169,O20210016,2021,2021-05-13,História,P015,Extensivo B,Aula teórica História,60,Presencial
L0000170,O20210016,2021,2021-05-21,História,P015,Extensivo B,Revisão História,50,online
L0000171,O20210016,2021,2021-06-01,História,P015,Extensivo B,Revisão História,90,online
L0000172,O20210016,2021,2021-06-16,História,P015,Extensivo B,Correção de simulado História,,
L0000173,O20210016,2021,2021-07-19,História,P015,Extensivo B,Laboratório História,90,
L0000174,O20210016,2021,2021-07-18,História,P015,Extensivo B,Aula teórica História,50,Online
L0000175,O20210016,2021,2021-08-01,História,P015,Extensivo B,Laboratório História,60,online
L0000176,O20210017,2021,2021-02-01,Geografia,P018,Extensivo B, Geografia,50,Online
L0000177,O20210017,2021,2021-02-06,Geografia,P018,Extensivo B,Aula teórica Geografia,120,Presencial
L0000178,O20210017,2021,2021-03-22,Geografia,P018,Extensivo B, Geografia,50,Presencial
L0000179,O20210017,2021,2021-03-06,Geografia,P018,Extensivo B,Revisão Geografia,50,online
L0000180,O20210017,2021,2021-04-27,Geografia,P018,Extensivo B,Laboratório Geografia,60,Híbrido
L0000181,O20210017,2021,2021-04-13,Geografia,P018,Extensivo B,Revisão Geografia,,
L0000182,O20210017,2021,2021-05-11,Geografia,P018,Extensivo B, Geografia,120,Presencial
L0000183,O20210017,2021,2021-05-19,Geografia,P018,Extensivo B, Geografia,120,online
L0000184,O20210017,2021,2021/06/22,Geografia,P018,Extensivo B,Resolução de questões Geografia,,Híbrido
L0000185,O20210017,2021,2021-06-17,Geografia,P018,Extensivo B,Correção de simulado Geografia,50,Presencial
L0000186,O20210017,2021,2021-07-12,Geografia,P018,Extensivo B,Laboratório Geografia,,Online
L0000187,O20210018,2021,2021-02-12,Português,P020,Extensivo B,Aula teórica Português,,Online
L0000188,O20210018,2021,2021-02-15,Português,P020,Extensivo B,Aula teórica Português,,Presencial
L0000189,O20210018,2021,2021-03-25,Português,P020,Extensivo B,Correção de simulado Português,50,Online
L0000190,O20210018,2021,2021-03-14,Português,P020,Extensivo B,Resolução de questões Português,,Online
L0000191,O20210018,2021,2021-04-03,Português,P020,Extensivo B, Português,,Online
L0000192,O20210018,2021,2021-04-08,Português,P020,Extensivo B,Resolução de questões Português,60,Online
L0000193,O20210018,2021,2021/05/03,Português,P020,Extensivo B,Laboratório Português,75,Online
L0000194,O20210018,2021,2021-05-10,Português,P020,Extensivo B,Aula teórica Português,120,
L0000195,O20210018,2021,2021-06-27,Português,P020,Extensivo B,Aula teórica Português,,online
L0000196,O20210018,2021,2021-06-02,Português,P020,Extensivo B,Revisão Português,,online
L0000197,O20210019,2021,2021-02-02,Redação,P022,Extensivo B, Redação,60,
L0000198,O20210019,2021,2021-02-22,Redação,P022,Extensivo B,Laboratório Redação,,online
L0000199,O20210019,2021,2021-03-12,Redação,P022,Extensivo B,Revisão Redação,90,Híbrido
L0000200,O20210019,2021,2021-03-10,Redação,P022,Extensivo B, Redação,90,Presencial
L0000201,O20210019,2021,2021-04-03,Redação,P022,Extensivo B, Redação,50,
L0000202,O20210019,2021,2021-04-04,Redação,P022,Extensivo B,Laboratório Redação,90,
L0000203,O20210019,2021,2021-05-01,Redação,P022,Extensivo B,Aula teórica Redação,60,Presencial
L0000204,O20210019,2021,2021-05-18,Redação,P022,Extensivo B,Resolução de questões Redação,120,
L0000205,O20210019,2021,2021-06-15,Redação,P022,Extensivo B,Laboratório Redação,,online
L0000206,O20210020,2021,2021-02-13,Inglês,P024,Extensivo B, Inglês,50,
L0000207,O20210020,2021,2021-02-01,Inglês,P024,Extensivo B, Inglês,60,
L0000208,O20210020,2021,2021-03-03,Inglês,P024,Extensivo B, Inglês,60,Presencial
L0000209,O20210020,2021,2021-03-19,Inglês,P024,Extensivo B,Revisão Inglês,,Presencial
L0000210,O20210020,2021,2021-04-12,Inglês,P024,Extensivo B,Revisão Inglês,,Presencial
L0000211,O20210020,2021,2021-04-20,Inglês,P024,Extensivo B,Resolução de questões Inglês,75,online
L0000212,O20210020,2021,2021-05-22,Inglês,P024,Extensivo B,Revisão Inglês,75,online
L0000213,O20210020,2021,2021-05-10,Inglês,P024,Extensivo B,Laboratório Inglês,75,Presencial
L0000214,O20210020,2021,2021-06-18,Inglês,P024,Extensivo B, Inglês,,Híbrido
L0000215,O20210020,2021,2021-06-22,Inglês,P024,Extensivo B,Aula teórica Inglês,120,online
L0000216,O20210020,2021,2021-07-03,Inglês,P024,Extensivo B,Correção de simulado Inglês,50,online
L0000217,O20210020,2021,2021-07-28,Inglês,P024,Extensivo B,Resolução de questões Inglês,50,Presencial
L0000218,O20210020,2021,2021-08-01,Inglês,P024,Extensivo B,Revisão Inglês,120,Online
L0000219,O20210021,2021,2021-02-04,Filosofia,P030,Extensivo B,Correção de simulado Filosofia,,Híbrido
L0000220,O20210021,2021,2021-02-09,Filosofia,P030,Extensivo B,Laboratório Filosofia,,online
L0000221,O20210021,2021,2021-03-12,Filosofia,P030,Extensivo B, Filosofia,50,online
L0000222,O20210021,2021,2021-03-08,Filosofia,P030,Extensivo B,Resolução de questões Filosofia,50,Online
L0000223,O20210021,2021,2021-04-15,Filosofia,P030,Extensivo B,Revisão Filosofia,120,online
L0000224,O20210021,2021,2021-04-18,Filosofia,P030,Extensivo B,Aula teórica Filosofia,90,Presencial
L0000225,O20210021,2021,2021-05-07,Filosofia,P030,Extensivo B,Aula teórica Filosofia,75,Híbrido
L0000226,O20210021,2021,2021-05-03,Filosofia,P030,Extensivo B,Revisão Filosofia,75,online
L0000227,O20210022,2021,2021-02-17,Sociologia,P031,Extensivo B,Resolução de questões Sociologia,50,Híbrido
L0000228,O20210022,2021,2021-02-20,Sociologia,P031,Extensivo B,Correção de simulado Sociologia,,Online
L0000229,O20210022,2021,2021-03-22,Sociologia,P031,Extensivo B, Sociologia,120,Presencial
L0000230,O20210022,2021,2021-03-15,Sociologia,P031,Extensivo B,Aula teórica Sociologia,90,Online
L0000231,O20210022,2021,2021-04-01,Sociologia,P031,Extensivo B,Aula teórica Sociologia,,online
L0000232,O20210022,2021,2021-04-05,Sociologia,P031,Extensivo B,Laboratório Sociologia,,Híbrido
L0000233,O20210022,2021,2021-05-15,Sociologia,P031,Extensivo B,Revisão Sociologia,120,online
L0000234,O20210022,2021,2021-05-19,Sociologia,P031,Extensivo B,Revisão Sociologia,120,online
L0000235,O20210022,2021,2021-06-01,Sociologia,P031,Extensivo B,Aula teórica Sociologia,60,
L0000236,O20210023,2021,2021-02-18,Matemática,P003,Intensivo ENEM,Correção de simulado Matemática,50,online
L0000237,O20210023,2021,2021-02-28,Matemática,P003,Intensivo ENEM,Correção de simulado Matemática,60,online
L0000238,O20210023,2021,2021-03-18,Matemática,P003,Intensivo ENEM,Resolução de questões Matemática,90,
L0000239,O20210023,2021,2021-03-07,Matemática,P003,Intensivo ENEM,Resolução de questões Matemática,75,Híbrido
L0000240,O20210023,2021,2021-04-01,Matemática,P003,Intensivo ENEM,Revisão Matemática,120,Híbrido
L0000241,O20210023,2021,2021-04-19,Matemática,P003,Intensivo ENEM,Revisão Matemática,50,Híbrido
L0000242,O20210023,2021,2021/05/07,Matemática,P003,Intensivo ENEM,Correção de simulado Matemática,120,online
L0000243,O20210023,2021,2021-05-27,Matemática,P003,Intensivo ENEM,Laboratório Matemática,,online
L0000244,O20210023,2021,2021-06-18,Matemática,P003,Intensivo ENEM,Revisão Matemática,120,online
L0000245,O20210024,2021,2021-02-14,Física,P007,Intensivo ENEM,Aula teórica Física,120,Online
L0000246,O20210024,2021,2021-02-26,Física,P007,Intensivo ENEM,Laboratório Física,120,online
L0000247,O20210024,2021,2021/03/03,Física,P007,Intensivo ENEM,Correção de simulado Física,120,Online
L0000248,O20210024,2021,2021-03-14,Física,P007,Intensivo ENEM, Física,60,Híbrido
L0000249,O20210024,2021,2021-04-24,Física,P007,Intensivo ENEM,Laboratório Física,,online
L0000250,O20210024,2021,2021-04-17,Física,P007,Intensivo ENEM,Resolução de questões Física,75,online
L0000251,O20210024,2021,2021-05-09,Física,P007,Intensivo ENEM,Revisão Física,75,online
L0000252,O20210024,2021,2021-05-24,Física,P007,Intensivo ENEM,Correção de simulado Física,75,Presencial
L0000253,O20210024,2021,2021-06-21,Física,P007,Intensivo ENEM,Laboratório Física,120,Híbrido
L0000254,O20210025,2021,2021-02-26,Química,P008,Intensivo ENEM,Resolução de questões Química,75,Online
L0000255,O20210025,2021,2021-02-07,Química,P008,Intensivo ENEM, Química,90,Presencial
L0000256,O20210025,2021,2021-03-11,Química,P008,Intensivo ENEM, Química,120,Presencial
L0000257,O20210025,2021,28/03/2021,Química,P008,Intensivo ENEM, Química,,Presencial
L0000258,O20210025,2021,2021-04-18,Química,P008,Intensivo ENEM, Química,,
L0000259,O20210025,2021,2021-04-07,Química,P008,Intensivo ENEM,Resolução de questões Química,90,online
L0000260,O20210025,2021,2021-05-26,Química,P008,Intensivo ENEM,Aula teórica Química,60,Híbrido
L0000261,O20210025,2021,2021-05-08,Química,P008,Intensivo ENEM,Resolução de questões Química,120,Presencial
L0000262,O20210025,2021,2021-06-09,Química,P008,Intensivo ENEM,Laboratório Química,60,Presencial
L0000263,O20210026,2021,2021-02-21,Biologia,P013,Intensivo ENEM, Biologia,60,Híbrido
L0000264,O20210026,2021,2021-02-26,Biologia,P013,Intensivo ENEM,Resolução de questões Biologia,60,
L0000265,O20210026,2021,2021-03-20,Biologia,P013,Intensivo ENEM,Revisão Biologia,,Online
L0000266,O20210026,2021,2021-03-06,Biologia,P013,Intensivo ENEM,Laboratório Biologia,90,Presencial
L0000267,O20210026,2021,2021-04-12,Biologia,P013,Intensivo ENEM,Revisão Biologia,60,Híbrido
L0000268,O20210026,2021,2021-04-27,Biologia,P013,Intensivo ENEM,Resolução de questões Biologia,,Presencial
L0000269,O20210026,2021,2021-05-08,Biologia,P013,Intensivo ENEM,Laboratório Biologia,,Online
L0000270,O20210026,2021,12/05/2021,Biologia,P013,Intensivo ENEM, Biologia,60,
L0000271,O20210026,2021,2021-06-16,Biologia,P013,Intensivo ENEM,Aula teórica Biologia,,online
L0000272,O20210026,2021,2021-06-24,Biologia,P013,Intensivo ENEM,Revisão Biologia,60,Híbrido
L0000273,O20210026,2021,2021-07-06,Biologia,P013,Intensivo ENEM,Correção de simulado Biologia,75,online
L0000274,O20210026,2021,2021-07-03,Biologia,P013,Intensivo ENEM, Biologia,90,
L0000275,O20210027,2021,2021-02-08,História,P015,Intensivo ENEM,Aula teórica História,50,Presencial
L0000276,O20210027,2021,2021-02-21,História,P015,Intensivo ENEM,Laboratório História,50,Híbrido
L0000277,O20210027,2021,2021-03-13,História,P015,Intensivo ENEM, História,,online
L0000278,O20210027,2021,2021-03-15,História,P015,Intensivo ENEM,Revisão História,60,Presencial
L0000279,O20210027,2021,2021-04-04,História,P015,Intensivo ENEM,Revisão História,120,
L0000280,O20210027,2021,25/04/2021,História,P015,Intensivo ENEM, História,75,Presencial
L0000281,O20210027,2021,2021-05-21,História,P015,Intensivo ENEM,Correção de simulado História,60,Presencial
L0000282,O20210027,2021,2021-05-18,História,P015,Intensivo ENEM,Correção de simulado História,,online
L0000283,O20210027,2021,27/06/2021,História,P015,Intensivo ENEM,Aula teórica História,90,Híbrido
L0000284,O20210028,2021,2021-02-27,Geografia,P016,Intensivo ENEM,Revisão Geografia,90,Híbrido
L0000285,O20210028,2021,2021-02-11,Geografia,P016,Intensivo ENEM,Laboratório Geografia,50,online
L0000286,O20210028,2021,2021-03-19,Geografia,P016,Intensivo ENEM,Laboratório Geografia,50,online
L0000287,O20210028,2021,2021-03-13,Geografia,P016,Intensivo ENEM,Laboratório Geografia,60,Online
L0000288,O20210028,2021,2021-04-10,Geografia,P016,Intensivo ENEM,Revisão Geografia,50,
L0000289,O20210028,2021,04-06-2021,Geografia,P016,Intensivo ENEM,Laboratório Geografia,75,Presencial
L0000290,O20210028,2021,2021-05-18,Geografia,P016,Intensivo ENEM,Laboratório Geografia,120,Presencial
L0000291,O20210028,2021,2021-05-14,Geografia,P016,Intensivo ENEM,Revisão Geografia,90,online
L0000292,O20210028,2021,2021-06-18,Geografia,P016,Intensivo ENEM, Geografia,50,Presencial
L0000293,O20210029,2021,2021-02-07,Português,P020,Intensivo ENEM, Português,90,
L0000294,O20210029,2021,2021-02-09,Português,P020,Intensivo ENEM, Português,90,Presencial
L0000295,O20210029,2021,2021-03-21,Português,P020,Intensivo ENEM,Resolução de questões Português,90,Híbrido
L0000296,O20210029,2021,2021-03-20,Português,P020,Intensivo ENEM,Aula teórica Português,120,Presencial
L0000297,O20210029,2021,2021-04-07,Português,P020,Intensivo ENEM, Português,75,Presencial
L0000298,O20210029,2021,2021-04-10,Português,P020,Intensivo ENEM,Resolução de questões Português,120,online
L0000299,O20210029,2021,2021-05-13,Português,P020,Intensivo ENEM, Português,75,Online
L0000300,O20210029,2021,2021-05-04,Português,P020,Intensivo ENEM,Laboratório Português,90,Híbrido
L0000301,O20210030,2021,2021/02/12,Redação,P023,Intensivo ENEM,Laboratório Redação,75,Online
L0000302,O20210030,2021,2021-02-16,Redação,P023,Intensivo ENEM, Redação,120,Presencial
L0000303,O20210030,2021,22/03/2021,Redação,P023,Intensivo ENEM,Resolução de questões Redação,75,Híbrido
L0000304,O20210030,2021,2021-03-24,Redação,P023,Intensivo ENEM,Resolução de questões Redação,,Híbrido
L0000305,O20210030,2021,27/04/2021,Redação,P023,Intensivo ENEM, Redação,75,Híbrido
L0000306,O20210030,2021,2021-04-03,Redação,P023,Intensivo ENEM,Resolução de questões Redação,90,online
L0000307,O20210030,2021,2021-05-20,Redação,P023,Intensivo ENEM,Laboratório Redação,60,
L0000308,O20210030,2021,2021-05-16,Redação,P023,Intensivo ENEM,Revisão Redação,120,online
L0000309,O20210030,2021,2021-06-24,Redação,P023,Intensivo ENEM, Redação,60,Híbrido
L0000310,O20210030,2021,2021/06/11,Redação,P023,Intensivo ENEM, Redação,75,Híbrido
L0000311,O20210030,2021,07-12-2021,Redação,P023,Intensivo ENEM,Aula teórica Redação,,
L0000312,O20210031,2021,2021-02-15,Inglês,P026,Intensivo ENEM,Revisão Inglês,75,online
L0000313,O20210031,2021,2021-02-20,Inglês,P026,Intensivo ENEM, Inglês,50,Online
L0000314,O20210031,2021,2021-03-11,Inglês,P026,Intensivo ENEM,Aula teórica Inglês,50,Híbrido
L0000315,O20210031,2021,03-07-2021,Inglês,P026,Intensivo ENEM,Resolução de questões Inglês,50,
L0000316,O20210031,2021,2021-04-14,Inglês,P026,Intensivo ENEM,Revisão Inglês,,
L0000317,O20210031,2021,2021-04-02,Inglês,P026,Intensivo ENEM,Revisão Inglês,50,Presencial
L0000318,O20210031,2021,2021-05-27,Inglês,P026,Intensivo ENEM, Inglês,120,
L0000319,O20210031,2021,2021-05-18,Inglês,P026,Intensivo ENEM,Aula teórica Inglês,75,online
L0000320,O20210031,2021,2021-06-03,Inglês,P026,Intensivo ENEM, Inglês,,Híbrido
L0000321,O20210031,2021,2021-06-25,Inglês,P026,Intensivo ENEM,Resolução de questões Inglês,,
L0000322,O20210031,2021,2021-07-20,Inglês,P026,Intensivo ENEM,Resolução de questões Inglês,120,Híbrido
L0000323,O20210031,2021,2021-07-02,Inglês,P026,Intensivo ENEM,Correção de simulado Inglês,50,Presencial
L0000324,O20210031,2021,2021-08-17,Inglês,P026,Intensivo ENEM,Revisão Inglês,60,
L0000325,O20210032,2021,2021-02-26,Filosofia,P028,Intensivo ENEM,Aula teórica Filosofia,120,online
L0000326,O20210032,2021,2021-02-27,Filosofia,P028,Intensivo ENEM,Laboratório Filosofia,90,Online
L0000327,O20210032,2021,2021-03-10,Filosofia,P028,Intensivo ENEM,Revisão Filosofia,50,
L0000328,O20210032,2021,2021-03-01,Filosofia,P028,Intensivo ENEM, Filosofia,60,Online
L0000329,O20210032,2021,2021-04-17,Filosofia,P028,Intensivo ENEM,Resolução de questões Filosofia,60,
L0000330,O20210032,2021,2021-04-24,Filosofia,P028,Intensivo ENEM, Filosofia,50,Híbrido
L0000331,O20210032,2021,2021-05-16,Filosofia,P028,Intensivo ENEM,Resolução de questões Filosofia,50,
L0000332,O20210032,2021,2021-05-18,Filosofia,P028,Intensivo ENEM,Resolução de questões Filosofia,60,Presencial
L0000333,O20210033,2021,2021-02-01,Sociologia,P034,Intensivo ENEM,Correção de simulado Sociologia,60,online
L0000334,O20210033,2021,2021-02-08,Sociologia,P034,Intensivo ENEM,Revisão Sociologia,,Híbrido
L0000335,O20210033,2021,2021-03-07,Sociologia,P034,Intensivo ENEM, Sociologia,50,online
L0000336,O20210033,2021,2021-03-18,Sociologia,P034,Intensivo ENEM,Aula teórica Sociologia,60,Híbrido
L0000337,O20210033,2021,2021-04-13,Sociologia,P034,Intensivo ENEM, Sociologia,60,online
L0000338,O20210033,2021,12/04/2021,Sociologia,P034,Intensivo ENEM, Sociologia,90,
L0000339,O20210033,2021,2021-05-02,Sociologia,P034,Intensivo ENEM,Resolução de questões Sociologia,75,Presencial
L0000340,O20210033,2021,2021-05-18,Sociologia,P034,Intensivo ENEM,Correção de simulado Sociologia,75,Presencial
L0000341,O20210033,2021,2021-06-28,Sociologia,P034,Intensivo ENEM, Sociologia,50,Híbrido
L0000342,O20210033,2021,2021-06-11,Sociologia,P034,Intensivo ENEM,Resolução de questões Sociologia,120,Presencial
L0000343,O20210033,2021,07-17-2021,Sociologia,P034,Intensivo ENEM,Resolução de questões Sociologia,120,Híbrido
L0000344,O20210033,2021,2021-07-24,Sociologia,P034,Intensivo ENEM,Aula teórica Sociologia,75,
L0000345,O20210033,2021,2021-08-26,Sociologia,P034,Intensivo ENEM,Aula teórica Sociologia,60,Híbrido
L0000346,O20210033,2021,2021-08-08,Sociologia,P034,Intensivo ENEM,Revisão Sociologia,60,Online
L0000347,O20210034,2021,2021-02-03,Matemática,P003,Revisão Final,Resolução de questões Matemática,50,Híbrido
L0000348,O20210034,2021,2021-02-17,Matemática,P003,Revisão Final,Correção de simulado Matemática,90,online
L0000349,O20210034,2021,2021-03-13,Matemática,P003,Revisão Final,Aula teórica Matemática,90,
L0000350,O20210034,2021,2021-03-28,Matemática,P003,Revisão Final,Laboratório Matemática,120,
L0000351,O20210034,2021,2021-04-27,Matemática,P003,Revisão Final,Laboratório Matemática,,Presencial
L0000352,O20210034,2021,2021-04-04,Matemática,P003,Revisão Final,Aula teórica Matemática,50,Online
L0000353,O20210034,2021,2021-05-11,Matemática,P003,Revisão Final,Correção de simulado Matemática,75,Híbrido
L0000354,O20210034,2021,2021-05-25,Matemática,P003,Revisão Final,Revisão Matemática,60,Híbrido
L0000355,O20210034,2021,2021-06-25,Matemática,P003,Revisão Final,Revisão Matemática,50,Híbrido
L0000356,O20210034,2021,2021-06-03,Matemática,P003,Revisão Final,Aula teórica Matemática,60,
L0000357,O20210034,2021,2021-07-16,Matemática,P003,Revisão Final,Laboratório Matemática,120,Presencial
L0000358,O20210035,2021,2021-02-08,Física,P006,Revisão Final,Resolução de questões Física,,Híbrido
L0000359,O20210035,2021,2021-02-19,Física,P006,Revisão Final,Correção de simulado Física,90,Presencial
L0000360,O20210035,2021,2021-03-21,Física,P006,Revisão Final,Aula teórica Física,50,Online
L0000361,O20210035,2021,2021-03-16,Física,P006,Revisão Final,Resolução de questões Física,75,Híbrido
L0000362,O20210035,2021,2021-04-07,Física,P006,Revisão Final,Correção de simulado Física,,
L0000363,O20210035,2021,2021-04-07,Física,P006,Revisão Final,Resolução de questões Física,50,Online
L0000364,O20210035,2021,2021-05-10,Física,P006,Revisão Final,Resolução de questões Física,90,online
L0000365,O20210035,2021,2021-05-06,Física,P006,Revisão Final,Revisão Física,50,Presencial
L0000366,O20210035,2021,2021-06-23,Física,P006,Revisão Final,Aula teórica Física,75,online
L0000367,O20210035,2021,2021-06-28,Física,P006,Revisão Final, Física,75,online
L0000368,O20210035,2021,2021-07-18,Física,P006,Revisão Final, Física,50,Presencial
L0000369,O20210036,2021,2021-02-22,Química,P009,Revisão Final,Correção de simulado Química,75,Híbrido
L0000370,O20210036,2021,2021-02-14,Química,P009,Revisão Final,Correção de simulado Química,,Híbrido
L0000371,O20210036,2021,2021-03-05,Química,P009,Revisão Final,Aula teórica Química,60,Online
L0000372,O20210036,2021,2021-03-23,Química,P009,Revisão Final,Aula teórica Química,60,
L0000373,O20210036,2021,2021-04-04,Química,P009,Revisão Final,Revisão Química,120,Online
L0000374,O20210036,2021,2021-04-07,Química,P009,Revisão Final,Resolução de questões Química,120,Presencial
L0000375,O20210036,2021,2021-05-19,Química,P009,Revisão Final,Aula teórica Química,,online
L0000376,O20210036,2021,2021-05-18,Química,P009,Revisão Final,Resolução de questões Química,120,online
L0000377,O20210036,2021,2021-06-11,Química,P009,Revisão Final,Correção de simulado Química,50,online
L0000378,O20210036,2021,2021-06-17,Química,P009,Revisão Final, Química,60,online
L0000379,O20210036,2021,2021-07-06,Química,P009,Revisão Final,Aula teórica Química,60,online
L0000380,O20210036,2021,2021-07-11,Química,P009,Revisão Final,Resolução de questões Química,50,
L0000381,O20210036,2021,2021-08-19,Química,P009,Revisão Final, Química,50,Online
L0000382,O20210037,2021,2021-02-11,BIOLOGIA,P013,Revisão Final,Aula teórica Biologia,120,
L0000383,O20210037,2021,2021-02-01,BIOLOGIA,P013,Revisão Final, Biologia,120,Online
L0000384,O20210037,2021,2021-03-11,BIOLOGIA,P013,Revisão Final,Correção de simulado Biologia,60,Híbrido
L0000385,O20210037,2021,2021-03-24,BIOLOGIA,P013,Revisão Final,Laboratório Biologia,90,online
L0000386,O20210037,2021,2021-04-03,BIOLOGIA,P013,Revisão Final,Revisão Biologia,60,
L0000387,O20210037,2021,2021-04-22,BIOLOGIA,P013,Revisão Final,Revisão Biologia,120,Online
L0000388,O20210037,2021,2021-05-26,BIOLOGIA,P013,Revisão Final,Resolução de questões Biologia,75,
L0000389,O20210037,2021,2021-05-26,BIOLOGIA,P013,Revisão Final,Revisão Biologia,50,online
L0000390,O20210037,2021,2021-06-09,BIOLOGIA,P013,Revisão Final,Laboratório Biologia,50,online
L0000391,O20210037,2021,2021-06-20,BIOLOGIA,P013,Revisão Final,Laboratório Biologia,60,
L0000392,O20210037,2021,2021-07-21,BIOLOGIA,P013,Revisão Final,Resolução de questões Biologia,75,Online
L0000393,O20210037,2021,2021-07-22,BIOLOGIA,P013,Revisão Final, Biologia,90,Online
L0000394,O20210038,2021,2021-02-23,História,P015,Revisão Final,Revisão História,120,online
L0000395,O20210038,2021,2021-02-17,História,P015,Revisão Final,Laboratório História,,Híbrido
L0000396,O20210038,2021,2021-03-07,História,P015,Revisão Final,Correção de simulado História,120,
L0000397,O20210038,2021,2021-03-07,História,P015,Revisão Final,Revisão História,90,Híbrido
L0000398,O20210038,2021,2021-04-01,História,P015,Revisão Final,Revisão História,50,Híbrido
L0000399,O20210038,2021,2021-04-04,História,P015,Revisão Final,Resolução de questões História,60,Híbrido
L0000400,O20210038,2021,2021-05-02,História,P015,Revisão Final, História,120,
L0000401,O20210038,2021,2021-05-17,História,P015,Revisão Final, História,120,online
L0000402,O20210038,2021,2021-06-01,História,P015,Revisão Final, História,60,Online
L0000403,O20210038,2021,01/06/2021,História,P015,Revisão Final,Resolução de questões História,75,online
L0000404,O20210038,2021,2021-07-13,História,P015,Revisão Final,Revisão História,50,Online
L0000405,O20210038,2021,2021-07-19,História,P015,Revisão Final,Aula teórica História,90,online
L0000406,O20210038,2021,2021/08/11,História,P015,Revisão Final,Resolução de questões História,120,Híbrido
L0000407,O20210038,2021,2021-08-25,História,P015,Revisão Final, História,50,online
L0000408,O20210039,2021,2021-02-08,Geografia,P016,Revisão Final,Revisão Geografia,75,
L0000409,O20210039,2021,2021-02-08,Geografia,P016,Revisão Final,Revisão Geografia,75,Híbrido
L0000410,O20210039,2021,2021-03-20,Geografia,P016,Revisão Final,Aula teórica Geografia,75,Presencial
L0000411,O20210039,2021,2021-03-06,Geografia,P016,Revisão Final,Resolução de questões Geografia,75,
L0000412,O20210039,2021,2021-04-21,Geografia,P016,Revisão Final,Revisão Geografia,75,Presencial
L0000413,O20210039,2021,2021-04-16,Geografia,P016,Revisão Final,Resolução de questões Geografia,75,
L0000414,O20210039,2021,2021-05-06,Geografia,P016,Revisão Final, Geografia,120,online
L0000415,O20210039,2021,2021-05-20,Geografia,P016,Revisão Final,Resolução de questões Geografia,90,
L0000416,O20210039,2021,2021-06-07,Geografia,P016,Revisão Final, Geografia,50,Presencial
L0000417,O20210039,2021,2021-06-14,Geografia,P016,Revisão Final,Revisão Geografia,60,Presencial
L0000418,O20210039,2021,2021-07-17,Geografia,P016,Revisão Final,Laboratório Geografia,90,
L0000419,O20210039,2021,2021-07-19,Geografia,P016,Revisão Final, Geografia,60,Híbrido
L0000420,O20210039,2021,2021-08-19,Geografia,P016,Revisão Final,Laboratório Geografia,75,Híbrido
L0000421,O20210039,2021,2021-08-03,Geografia,P016,Revisão Final,Correção de simulado Geografia,60,Híbrido
L0000422,O20210040,2021,2021-02-22,Português,P019,Revisão Final,Correção de simulado Português,,
L0000423,O20210040,2021,2021-02-27,Português,P019,Revisão Final,Correção de simulado Português,90,Presencial
L0000424,O20210040,2021,2021-03-28,Português,P019,Revisão Final, Português,120,
L0000425,O20210040,2021,2021-03-06,Português,P019,Revisão Final,Aula teórica Português,75,Online
L0000426,O20210040,2021,2021-04-05,Português,P019,Revisão Final,Aula teórica Português,50,online
L0000427,O20210040,2021,2021-04-02,Português,P019,Revisão Final,Resolução de questões Português,50,Online
L0000428,O20210040,2021,2021-05-07,Português,P019,Revisão Final,Aula teórica Português,90,
L0000429,O20210040,2021,2021-05-23,Português,P019,Revisão Final,Revisão Português,75,
L0000430,O20210041,2021,2021-02-11,Redação,P022,Revisão Final,Aula teórica Redação,120,Híbrido
L0000431,O20210041,2021,2021-02-13,Redação,P022,Revisão Final,Resolução de questões Redação,60,
L0000432,O20210041,2021,2021-03-05,Redação,P022,Revisão Final,Aula teórica Redação,50,Online
L0000433,O20210041,2021,2021-03-23,Redação,P022,Revisão Final,Laboratório Redação,50,Híbrido
L0000434,O20210041,2021,2021-04-15,Redação,P022,Revisão Final,Aula teórica Redação,90,
L0000435,O20210041,2021,2021-04-14,Redação,P022,Revisão Final,Resolução de questões Redação,50,Online
L0000436,O20210041,2021,2021-05-16,Redação,P022,Revisão Final,Revisão Redação,75,Presencial
L0000437,O20210041,2021,2021-05-10,Redação,P022,Revisão Final,Revisão Redação,75,Online
L0000438,O20210041,2021,2021-06-18,Redação,P022,Revisão Final,Resolução de questões Redação,,Presencial
L0000439,O20210041,2021,2021-06-24,Redação,P022,Revisão Final,Revisão Redação,90,
L0000440,O20210041,2021,2021-07-20,Redação,P022,Revisão Final,Resolução de questões Redação,,
L0000441,O20210041,2021,2021-07-24,Redação,P022,Revisão Final,Laboratório Redação,75,Presencial
L0000442,O20210042,2021,2021-02-01,Inglês,P026,Revisão Final, Inglês,50,online
L0000443,O20210042,2021,2021-02-02,Inglês,P026,Revisão Final, Inglês,60,Presencial
L0000444,O20210042,2021,2021-03-20,Inglês,P026,Revisão Final, Inglês,120,
L0000445,O20210042,2021,2021-03-10,Inglês,P026,Revisão Final,Laboratório Inglês,50,Presencial
L0000446,O20210042,2021,2021-04-12,Inglês,P026,Revisão Final,Resolução de questões Inglês,120,Online
L0000447,O20210042,2021,2021-04-06,Inglês,P026,Revisão Final,Revisão Inglês,60,Online
L0000448,O20210042,2021,05-22-2021,Inglês,P026,Revisão Final,Revisão Inglês,120,Presencial
L0000449,O20210042,2021,2021-05-15,Inglês,P026,Revisão Final,Laboratório Inglês,75,Presencial
L0000450,O20210042,2021,2021-06-27,Inglês,P026,Revisão Final,Revisão Inglês,60,Presencial
L0000451,O20210042,2021,2021-06-01,Inglês,P026,Revisão Final,Revisão Inglês,,Presencial
L0000452,O20210042,2021,2021-07-26,Inglês,P026,Revisão Final,Correção de simulado Inglês,50,Online
L0000453,O20210042,2021,2021-07-16,Inglês,P026,Revisão Final,Laboratório Inglês,120,Híbrido
L0000454,O20210042,2021,2021-08-16,Inglês,P026,Revisão Final,Revisão Inglês,,
L0000455,O20210043,2021,2021-02-07,Filosofia,P029,Revisão Final,Resolução de questões Filosofia,120,Presencial
L0000456,O20210043,2021,2021-02-05,Filosofia,P029,Revisão Final,Revisão Filosofia,90,online
L0000457,O20210043,2021,2021-03-05,Filosofia,P029,Revisão Final,Aula teórica Filosofia,60,Presencial
L0000458,O20210043,2021,03-12-2021,Filosofia,P029,Revisão Final,Resolução de questões Filosofia,75,Online
L0000459,O20210043,2021,2021-04-17,Filosofia,P029,Revisão Final,Aula teórica Filosofia,90,Híbrido
L0000460,O20210043,2021,2021-04-24,Filosofia,P029,Revisão Final,Resolução de questões Filosofia,,
L0000461,O20210043,2021,2021-05-02,Filosofia,P029,Revisão Final,Aula teórica Filosofia,60,Híbrido
L0000462,O20210043,2021,2021-05-10,Filosofia,P029,Revisão Final,Revisão Filosofia,120,
L0000463,O20210043,2021,2021-06-28,Filosofia,P029,Revisão Final,Laboratório Filosofia,75,Online
L0000464,O20210044,2021,2021/02/09,Sociologia,P034,Revisão Final,Resolução de questões Sociologia,60,online
L0000465,O20210044,2021,2021-02-26,Sociologia,P034,Revisão Final, Sociologia,,online
L0000466,O20210044,2021,2021/03/18,Sociologia,P034,Revisão Final,Laboratório Sociologia,75,online
L0000467,O20210044,2021,2021-03-24,Sociologia,P034,Revisão Final,Aula teórica Sociologia,75,Híbrido
L0000468,O20210044,2021,2021-04-05,Sociologia,P034,Revisão Final,Aula teórica Sociologia,50,Híbrido
L0000469,O20210044,2021,2021-04-21,Sociologia,P034,Revisão Final,Aula teórica Sociologia,75,Online
L0000470,O20210044,2021,2021-05-05,Sociologia,P034,Revisão Final,Resolução de questões Sociologia,50,online
L0000471,O20210044,2021,2021-05-20,Sociologia,P034,Revisão Final,Revisão Sociologia,90,Presencial
L0000472,O20220045,2022,2022-02-16,Matemática,P002,Extensivo A,Resolução de questões Matemática,50,online
L0000473,O20220045,2022,2022/02/05,Matemática,P002,Extensivo A,Resolução de questões Matemática,90,Online
L0000474,O20220045,2022,2022-03-05,Matemática,P002,Extensivo A, Matemática,120,Presencial
L0000475,O20220045,2022,2022-03-10,Matemática,P002,Extensivo A, Matemática,,Presencial
L0000476,O20220045,2022,2022-04-05,Matemática,P002,Extensivo A,Revisão Matemática,50,Presencial
L0000477,O20220045,2022,2022-04-21,Matemática,P002,Extensivo A,Laboratório Matemática,90,Presencial
L0000478,O20220045,2022,2022-05-28,Matemática,P002,Extensivo A,Revisão Matemática,60,online
L0000479,O20220045,2022,2022-05-06,Matemática,P002,Extensivo A,Revisão Matemática,,
L0000480,O20220045,2022,2022-06-02,Matemática,P002,Extensivo A,Resolução de questões Matemática,50,Presencial
L0000481,O20220045,2022,2022-06-02,Matemática,P002,Extensivo A,Laboratório Matemática,75,
L0000482,O20220045,2022,2022-07-14,Matemática,P002,Extensivo A, Matemática,90,Online
L0000483,O20220045,2022,2022-07-10,Matemática,P002,Extensivo A,Resolução de questões Matemática,,online
L0000484,O20220045,2022,08-14-2022,Matemática,P002,Extensivo A,Laboratório Matemática,60,
L0000485,O20220045,2022,2022-08-16,Matemática,P002,Extensivo A,Aula teórica Matemática,75,online
L0000486,O20220046,2022,2022-02-16,Física,P006,Extensivo A,Aula teórica Física,75,Híbrido
L0000487,O20220046,2022,2022-02-09,Física,P006,Extensivo A,Aula teórica Física,,Online
L0000488,O20220046,2022,2022-03-13,Física,P006,Extensivo A,Resolução de questões Física,60,Híbrido
L0000489,O20220046,2022,2022-03-03,Física,P006,Extensivo A,Laboratório Física,60,Híbrido
L0000490,O20220046,2022,2022-04-09,Física,P006,Extensivo A,Laboratório Física,,Presencial
L0000491,O20220046,2022,2022-04-09,Física,P006,Extensivo A,Revisão Física,60,Online
L0000492,O20220046,2022,2022-05-13,Física,P006,Extensivo A,Correção de simulado Física,60,Presencial
L0000493,O20220046,2022,2022-05-07,Física,P006,Extensivo A,Aula teórica Física,60,Online
L0000494,O20220046,2022,2022-06-21,Física,P006,Extensivo A,Correção de simulado Física,50,Híbrido
L0000495,O20220046,2022,2022-06-04,Física,P006,Extensivo A, Física,75,Online
L0000496,O20220046,2022,2022-07-16,Física,P006,Extensivo A,Correção de simulado Física,60,
L0000497,O20220046,2022,2022-07-20,Física,P006,Extensivo A,Laboratório Física,120,Online
L0000498,O20220046,2022,2022-08-26,Física,P006,Extensivo A,Aula teórica Física,60,Presencial
L0000499,O20220047,2022,2022-02-17,Química,P008,Extensivo A,Revisão Química,75,Presencial
L0000500,O20220047,2022,2022-02-04,Química,P008,Extensivo A,Resolução de questões Química,120,Online
L0000501,O20220047,2022,2022-03-14,Química,P008,Extensivo A,Revisão Química,50,online
L0000502,O20220047,2022,2022/03/09,Química,P008,Extensivo A,Resolução de questões Química,60,Presencial
L0000503,O20220047,2022,2022-04-10,Química,P008,Extensivo A, Química,60,Presencial
L0000504,O20220047,2022,2022-04-27,Química,P008,Extensivo A,Aula teórica Química,75,Híbrido
L0000505,O20220047,2022,2022-05-14,Química,P008,Extensivo A,Laboratório Química,60,Online
L0000506,O20220047,2022,2022-05-09,Química,P008,Extensivo A, Química,90,Presencial
L0000507,O20220047,2022,2022-06-19,Química,P008,Extensivo A, Química,90,online
L0000508,O20220047,2022,2022-06-09,Química,P008,Extensivo A,Revisão Química,120,
L0000509,O20220047,2022,2022-07-08,Química,P008,Extensivo A,Correção de simulado Química,75,Presencial
L0000510,O20220047,2022,2022-07-15,Química,P008,Extensivo A,Aula teórica Química,,Híbrido
L0000511,O20220047,2022,2022-08-24,Química,P008,Extensivo A,Aula teórica Química,120,Híbrido
L0000512,O20220048,2022,2022-02-26,Biologia,P010,Extensivo A,Revisão Biologia,,Presencial
L0000513,O20220048,2022,2022-02-27,Biologia,P010,Extensivo A,Aula teórica Biologia,120,Online
L0000514,O20220048,2022,2022-03-06,Biologia,P010,Extensivo A,Correção de simulado Biologia,120,online
L0000515,O20220048,2022,2022-03-23,Biologia,P010,Extensivo A,Revisão Biologia,120,online
L0000516,O20220048,2022,2022-04-05,Biologia,P010,Extensivo A,Aula teórica Biologia,,Online
L0000517,O20220048,2022,2022-04-27,Biologia,P010,Extensivo A,Aula teórica Biologia,120,Híbrido
L0000518,O20220048,2022,2022/05/06,Biologia,P010,Extensivo A,Aula teórica Biologia,120,online
L0000519,O20220048,2022,2022-05-06,Biologia,P010,Extensivo A,Correção de simulado Biologia,90,Online
L0000520,O20220048,2022,2022-06-17,Biologia,P010,Extensivo A,Resolução de questões Biologia,90,
L0000521,O20220048,2022,2022-06-25,Biologia,P010,Extensivo A,Correção de simulado Biologia,,Presencial
L0000522,O20220048,2022,2022-07-21,Biologia,P010,Extensivo A, Biologia,,Online
L0000523,O20220048,2022,2022-07-19,Biologia,P010,Extensivo A,Revisão Biologia,50,
L0000524,O20220048,2022,2022-08-22,Biologia,P010,Extensivo A,Revisão Biologia,50,Online
L0000525,O20220049,2022,2022-02-24,História,P015,Extensivo A,Laboratório História,75,Presencial
L0000526,O20220049,2022,02-09-2022,História,P015,Extensivo A,Laboratório História,,Online
L0000527,O20220049,2022,2022-03-24,História,P015,Extensivo A,Aula teórica História,75,online
L0000528,O20220049,2022,2022-03-16,História,P015,Extensivo A,Resolução de questões História,120,online
L0000529,O20220049,2022,2022-04-24,História,P015,Extensivo A,Laboratório História,90,Online
L0000530,O20220049,2022,2022-04-23,História,P015,Extensivo A,Correção de simulado História,75,
L0000531,O20220049,2022,2022-05-13,História,P015,Extensivo A, História,,Híbrido
L0000532,O20220049,2022,2022-05-11,História,P015,Extensivo A,Aula teórica História,75,Online
L0000533,O20220049,2022,2022-06-12,História,P015,Extensivo A,Aula teórica História,75,Híbrido
L0000534,O20220049,2022,2022-06-13,História,P015,Extensivo A, História,120,Híbrido
L0000535,O20220049,2022,25/07/2022,História,P015,Extensivo A,Resolução de questões História,50,Presencial
L0000536,O20220050,2022,2022-02-07,Geografia,P018,Extensivo A, Geografia,60,
L0000537,O20220050,2022,2022-02-18,Geografia,P018,Extensivo A,Aula teórica Geografia,90,Presencial
L0000538,O20220050,2022,2022-03-27,Geografia,P018,Extensivo A,Resolução de questões Geografia,90,online
L0000539,O20220050,2022,2022-03-23,Geografia,P018,Extensivo A,Revisão Geografia,60,Online
L0000540,O20220050,2022,2022-04-16,Geografia,P018,Extensivo A,Correção de simulado Geografia,90,Híbrido
L0000541,O20220050,2022,2022-04-07,Geografia,P018,Extensivo A,Laboratório Geografia,120,Online
L0000542,O20220050,2022,2022-05-15,Geografia,P018,Extensivo A,Correção de simulado Geografia,,
L0000543,O20220050,2022,2022-05-02,Geografia,P018,Extensivo A,Correção de simulado Geografia,60,online
L0000544,O20220050,2022,2022-06-07,Geografia,P018,Extensivo A,Laboratório Geografia,50,
L0000545,O20220050,2022,2022/06/09,Geografia,P018,Extensivo A,Aula teórica Geografia,,Presencial
L0000546,O20220051,2022,2022-02-10,Português,P021,Extensivo A,Laboratório Português,60,Híbrido
L0000547,O20220051,2022,2022-02-22,Português,P021,Extensivo A,Correção de simulado Português,120,online
L0000548,O20220051,2022,2022-03-02,Português,P021,Extensivo A,Aula teórica Português,,Online
L0000549,O20220051,2022,2022-03-26,Português,P021,Extensivo A,Resolução de questões Português,90,Online
L0000550,O20220051,2022,2022-04-24,Português,P021,Extensivo A,Revisão Português,90,Online
L0000551,O20220051,2022,04-06-2022,Português,P021,Extensivo A,Aula teórica Português,60,Presencial
L0000552,O20220051,2022,2022-05-10,Português,P021,Extensivo A,Resolução de questões Português,50,
L0000553,O20220051,2022,2022-05-23,Português,P021,Extensivo A, Português,120,online
L0000554,O20220051,2022,06-26-2022,Português,P021,Extensivo A,Laboratório Português,60,Online
L0000555,O20220051,2022,2022-06-07,Português,P021,Extensivo A,Resolução de questões Português,,Online
L0000556,O20220052,2022,2022-02-03,Redação,P023,Extensivo A,Resolução de questões Redação,90,
L0000557,O20220052,2022,2022-02-09,Redação,P023,Extensivo A,Aula teórica Redação,60,Online
L0000558,O20220052,2022,2022/03/27,Redação,P023,Extensivo A,Revisão Redação,50,Híbrido
L0000559,O20220052,2022,2022-03-19,Redação,P023,Extensivo A,Resolução de questões Redação,90,online
L0000560,O20220052,2022,2022-04-18,Redação,P023,Extensivo A,Revisão Redação,75,online
L0000561,O20220052,2022,04-13-2022,Redação,P023,Extensivo A,Correção de simulado Redação,,Online
L0000562,O20220052,2022,2022-05-07,Redação,P023,Extensivo A,Aula teórica Redação,50,Online
L0000563,O20220052,2022,2022-05-17,Redação,P023,Extensivo A,Aula teórica Redação,75,Presencial
L0000564,O20220052,2022,2022-06-22,Redação,P023,Extensivo A, Redação,90,
L0000565,O20220052,2022,2022-06-09,Redação,P023,Extensivo A,Resolução de questões Redação,50,Online
L0000566,O20220052,2022,2022-07-13,Redação,P023,Extensivo A, Redação,50,Híbrido
L0000567,O20220052,2022,2022-07-03,Redação,P023,Extensivo A, Redação,60,Presencial
L0000568,O20220052,2022,2022-08-27,Redação,P023,Extensivo A,Laboratório Redação,,Online
L0000569,O20220052,2022,2022-08-18,Redação,P023,Extensivo A,Resolução de questões Redação,50,online
L0000570,O20220053,2022,2022-02-12,Inglês,P027,Extensivo A,Laboratório Inglês,120,Híbrido
L0000571,O20220053,2022,2022-02-08,Inglês,P027,Extensivo A,Correção de simulado Inglês,,online
L0000572,O20220053,2022,2022-03-19,Inglês,P027,Extensivo A,Resolução de questões Inglês,120,
L0000573,O20220053,2022,2022-03-03,Inglês,P027,Extensivo A,Resolução de questões Inglês,60,
L0000574,O20220053,2022,2022-04-01,Inglês,P027,Extensivo A,Revisão Inglês,,
L0000575,O20220053,2022,2022-04-07,Inglês,P027,Extensivo A,Correção de simulado Inglês,90,online
L0000576,O20220053,2022,2022-05-24,Inglês,P027,Extensivo A, Inglês,120,Híbrido
L0000577,O20220053,2022,2022-05-08,Inglês,P027,Extensivo A,Correção de simulado Inglês,60,Híbrido
L0000578,O20220053,2022,2022-06-11,Inglês,P027,Extensivo A,Correção de simulado Inglês,50,online
L0000579,O20220053,2022,2022-06-05,Inglês,P027,Extensivo A, Inglês,,online
L0000580,O20220054,2022,2022-02-28,Filosofia,P030,Extensivo A, Filosofia,75,Híbrido
L0000581,O20220054,2022,2022-02-08,Filosofia,P030,Extensivo A,Resolução de questões Filosofia,90,Online
L0000582,O20220054,2022,2022-03-03,Filosofia,P030,Extensivo A,Resolução de questões Filosofia,60,Presencial
L0000583,O20220054,2022,2022-03-12,Filosofia,P030,Extensivo A,Revisão Filosofia,75,Online
L0000584,O20220054,2022,2022-04-07,Filosofia,P030,Extensivo A, Filosofia,90,online
L0000585,O20220054,2022,2022-04-17,Filosofia,P030,Extensivo A,Correção de simulado Filosofia,,Presencial
L0000586,O20220054,2022,2022-05-16,Filosofia,P030,Extensivo A,Laboratório Filosofia,120,Online
L0000587,O20220054,2022,2022-05-05,Filosofia,P030,Extensivo A, Filosofia,,Híbrido
L0000588,O20220054,2022,2022-06-26,Filosofia,P030,Extensivo A,Correção de simulado Filosofia,75,Presencial
L0000589,O20220054,2022,2022-06-01,Filosofia,P030,Extensivo A,Resolução de questões Filosofia,120,Presencial
L0000590,O20220054,2022,2022-07-19,Filosofia,P030,Extensivo A, Filosofia,75,
L0000591,O20220054,2022,2022-07-23,Filosofia,P030,Extensivo A,Correção de simulado Filosofia,75,
L0000592,O20220054,2022,2022-08-02,Filosofia,P030,Extensivo A,Resolução de questões Filosofia,90,Online
L0000593,O20220054,2022,2022-08-26,Filosofia,P030,Extensivo A,Aula teórica Filosofia,,Presencial
L0000594,O20220055,2022,2022-02-07,Sociologia,P031,Extensivo A, Sociologia,90,Híbrido
L0000595,O20220055,2022,2022-02-09,Sociologia,P031,Extensivo A,Laboratório Sociologia,120,Online
L0000596,O20220055,2022,2022-03-24,Sociologia,P031,Extensivo A,Aula teórica Sociologia,75,Híbrido
L0000597,O20220055,2022,2022-03-21,Sociologia,P031,Extensivo A,Correção de simulado Sociologia,,
L0000598,O20220055,2022,2022-04-24,Sociologia,P031,Extensivo A,Resolução de questões Sociologia,50,
L0000599,O20220055,2022,2022-04-20,Sociologia,P031,Extensivo A,Revisão Sociologia,90,
L0000600,O20220055,2022,2022-05-26,Sociologia,P031,Extensivo A,Revisão Sociologia,120,Presencial
L0000601,O20220055,2022,05-25-2022,Sociologia,P031,Extensivo A, Sociologia,75,Híbrido
L0000602,O20220055,2022,2022-06-24,Sociologia,P031,Extensivo A, Sociologia,60,Híbrido
L0000603,O20220055,2022,2022-06-18,Sociologia,P031,Extensivo A,Resolução de questões Sociologia,,online
L0000604,O20220056,2022,2022-02-20,Matemática,P004,Extensivo B,Laboratório Matemática,90,Híbrido
L0000605,O20220056,2022,02-12-2022,Matemática,P004,Extensivo B,Laboratório Matemática,120,Presencial
L0000606,O20220056,2022,2022-03-09,Matemática,P004,Extensivo B,Correção de simulado Matemática,75,Presencial
L0000607,O20220056,2022,2022-03-13,Matemática,P004,Extensivo B,Laboratório Matemática,75,online
L0000608,O20220056,2022,2022-04-13,Matemática,P004,Extensivo B, Matemática,120,
L0000609,O20220056,2022,2022-04-25,Matemática,P004,Extensivo B,Resolução de questões Matemática,60,online
L0000610,O20220056,2022,2022-05-14,Matemática,P004,Extensivo B,Revisão Matemática,50,Híbrido
L0000611,O20220056,2022,2022-05-09,Matemática,P004,Extensivo B, Matemática,,Híbrido
L0000612,O20220056,2022,2022-06-04,Matemática,P004,Extensivo B,Aula teórica Matemática,75,online
L0000613,O20220056,2022,2022-06-16,Matemática,P004,Extensivo B,Revisão Matemática,75,Online
L0000614,O20220056,2022,2022-07-28,Matemática,P004,Extensivo B,Correção de simulado Matemática,,
L0000615,O20220056,2022,2022/07/18,Matemática,P004,Extensivo B,Resolução de questões Matemática,50,Híbrido
L0000616,O20220057,2022,2022-02-05,Física,P006,Extensivo B,Resolução de questões Física,75,Híbrido
L0000617,O20220057,2022,2022-02-20,Física,P006,Extensivo B,Correção de simulado Física,,
L0000618,O20220057,2022,2022-03-24,Física,P006,Extensivo B,Resolução de questões Física,60,
L0000619,O20220057,2022,2022-03-03,Física,P006,Extensivo B,Laboratório Física,60,online
L0000620,O20220057,2022,2022/04/05,Física,P006,Extensivo B,Revisão Física,,Online
L0000621,O20220057,2022,2022-04-06,Física,P006,Extensivo B,Correção de simulado Física,60,Híbrido
L0000622,O20220057,2022,2022-05-03,Física,P006,Extensivo B,Revisão Física,60,Presencial
L0000623,O20220057,2022,2022-05-10,Física,P006,Extensivo B,Revisão Física,50,Presencial
L0000624,O20220057,2022,2022-06-28,Física,P006,Extensivo B,Resolução de questões Física,90,Híbrido
L0000625,O20220057,2022,2022-06-05,Física,P006,Extensivo B,Resolução de questões Física,60,Presencial
L0000626,O20220057,2022,2022-07-22,Física,P006,Extensivo B,Resolução de questões Física,90,Online
L0000627,O20220057,2022,2022-07-05,Física,P006,Extensivo B,Laboratório Física,75,Online
L0000628,O20220057,2022,2022-08-25,Física,P006,Extensivo B,Revisão Física,50,
L0000629,O20220058,2022,2022-02-24,Química,P008,Extensivo B,Aula teórica Química,120,Presencial
L0000630,O20220058,2022,2022-02-26,Química,P008,Extensivo B, Química,,Online
L0000631,O20220058,2022,2022-03-06,Química,P008,Extensivo B,Correção de simulado Química,120,
L0000632,O20220058,2022,2022-03-15,Química,P008,Extensivo B, Química,75,Híbrido
L0000633,O20220058,2022,2022-04-11,Química,P008,Extensivo B,Revisão Química,120,Híbrido
L0000634,O20220058,2022,2022-04-16,Química,P008,Extensivo B,Revisão Química,,Híbrido
L0000635,O20220058,2022,2022-05-22,Química,P008,Extensivo B,Aula teórica Química,60,Online
L0000636,O20220058,2022,2022-05-10,Química,P008,Extensivo B,Laboratório Química,90,Presencial
L0000637,O20220058,2022,2022-06-15,Química,P008,Extensivo B,Laboratório Química,60,Híbrido
L0000638,O20220058,2022,2022-06-18,Química,P008,Extensivo B, Química,,Híbrido
L0000639,O20220058,2022,2022-07-18,Química,P008,Extensivo B, Química,120,online
L0000640,O20220058,2022,2022-07-23,Química,P008,Extensivo B,Correção de simulado Química,60,Online
L0000641,O20220058,2022,2022-08-04,Química,P008,Extensivo B,Resolução de questões Química,50,online
L0000642,O20220059,2022,2022-02-08,Biologia,P013,Extensivo B, Biologia,90,online
L0000643,O20220059,2022,2022-02-27,Biologia,P013,Extensivo B, Biologia,120,Online
L0000644,O20220059,2022,2022-03-09,Biologia,P013,Extensivo B,Aula teórica Biologia,90,Presencial
L0000645,O20220059,2022,2022-03-02,Biologia,P013,Extensivo B,Laboratório Biologia,75,online
L0000646,O20220059,2022,2022-04-08,Biologia,P013,Extensivo B,Revisão Biologia,75,Híbrido
L0000647,O20220059,2022,2022-04-21,Biologia,P013,Extensivo B,Laboratório Biologia,90,online
L0000648,O20220059,2022,2022-05-13,Biologia,P013,Extensivo B,Correção de simulado Biologia,75,Online
L0000649,O20220059,2022,2022-05-05,Biologia,P013,Extensivo B,Revisão Biologia,90,online
L0000650,O20220059,2022,2022-06-01,Biologia,P013,Extensivo B,Laboratório Biologia,60,Híbrido
L0000651,O20220059,2022,2022-06-21,Biologia,P013,Extensivo B, Biologia,60,online
L0000652,O20220059,2022,2022-07-12,Biologia,P013,Extensivo B,Correção de simulado Biologia,60,
L0000653,O20220059,2022,2022-07-26,Biologia,P013,Extensivo B,Resolução de questões Biologia,90,online
L0000654,O20220059,2022,2022-08-19,Biologia,P013,Extensivo B,Resolução de questões Biologia,60,Online
L0000655,O20220059,2022,08-24-2022,Biologia,P013,Extensivo B, Biologia,,
L0000656,O20220060,2022,2022-02-22,História,P014,Extensivo B,Aula teórica História,,
L0000657,O20220060,2022,2022-02-22,História,P014,Extensivo B, História,90,Híbrido
L0000658,O20220060,2022,2022-03-08,História,P014,Extensivo B,Laboratório História,60,online
L0000659,O20220060,2022,2022-03-04,História,P014,Extensivo B,Aula teórica História,90,Híbrido
L0000660,O20220060,2022,2022-04-11,História,P014,Extensivo B,Correção de simulado História,90,Híbrido
L0000661,O20220060,2022,2022-04-04,História,P014,Extensivo B,Revisão História,120,Presencial
L0000662,O20220060,2022,2022-05-27,História,P014,Extensivo B, História,50,Online
L0000663,O20220060,2022,2022-05-13,História,P014,Extensivo B,Correção de simulado História,90,Presencial
L0000664,O20220060,2022,2022-06-10,História,P014,Extensivo B,Correção de simulado História,60,Online
L0000665,O20220060,2022,21/06/2022,História,P014,Extensivo B,Resolução de questões História,75,Híbrido
L0000666,O20220060,2022,2022-07-23,História,P014,Extensivo B,Aula teórica História,90,
L0000667,O20220060,2022,2022-07-08,História,P014,Extensivo B,Aula teórica História,75,Online
L0000668,O20220060,2022,2022-08-06,História,P014,Extensivo B,Resolução de questões História,50,Online
L0000669,O20220060,2022,2022-08-03,História,P014,Extensivo B, História,75,Online
L0000670,O20220061,2022,2022-02-21,Geografia,P017,Extensivo B,Laboratório Geografia,75,
L0000671,O20220061,2022,2022-02-13,Geografia,P017,Extensivo B, Geografia,120,
L0000672,O20220061,2022,2022-03-02,Geografia,P017,Extensivo B,Revisão Geografia,75,Presencial
L0000673,O20220061,2022,2022-03-16,Geografia,P017,Extensivo B,Aula teórica Geografia,,
L0000674,O20220061,2022,2022-04-25,Geografia,P017,Extensivo B,Revisão Geografia,,Presencial
L0000675,O20220061,2022,2022-04-12,Geografia,P017,Extensivo B,Revisão Geografia,,
L0000676,O20220061,2022,2022-05-12,Geografia,P017,Extensivo B,Aula teórica Geografia,,Online
L0000677,O20220061,2022,2022-05-03,Geografia,P017,Extensivo B,Laboratório Geografia,90,online
L0000678,O20220061,2022,2022-06-10,Geografia,P017,Extensivo B,Laboratório Geografia,60,Online
L0000679,O20220061,2022,2022-06-28,Geografia,P017,Extensivo B, Geografia,60,Presencial
L0000680,O20220061,2022,2022-07-15,Geografia,P017,Extensivo B,Correção de simulado Geografia,90,
L0000681,O20220061,2022,2022-07-28,Geografia,P017,Extensivo B,Resolução de questões Geografia,120,online
L0000682,O20220061,2022,2022-08-12,Geografia,P017,Extensivo B,Revisão Geografia,50,
L0000683,O20220061,2022,2022-08-08,Geografia,P017,Extensivo B,Revisão Geografia,,Presencial
L0000684,O20220062,2022,2022-02-20,Português,P019,Extensivo B,Revisão Português,75,
L0000685,O20220062,2022,2022-02-16,Português,P019,Extensivo B, Português,120,Presencial
L0000686,O20220062,2022,2022-03-19,Português,P019,Extensivo B,Correção de simulado Português,90,Híbrido
L0000687,O20220062,2022,2022-03-09,Português,P019,Extensivo B,Revisão Português,75,Presencial
L0000688,O20220062,2022,2022-04-17,Português,P019,Extensivo B,Revisão Português,75,Online
L0000689,O20220062,2022,04-05-2022,Português,P019,Extensivo B, Português,75,
L0000690,O20220062,2022,2022-05-11,Português,P019,Extensivo B,Resolução de questões Português,50,Híbrido
L0000691,O20220062,2022,2022-05-18,Português,P019,Extensivo B,Laboratório Português,120,
L0000692,O20220062,2022,2022-06-26,Português,P019,Extensivo B,Revisão Português,75,Presencial
L0000693,O20220062,2022,2022-06-21,Português,P019,Extensivo B,Laboratório Português,60,Híbrido
L0000694,O20220062,2022,2022/07/03,Português,P019,Extensivo B,Revisão Português,60,Híbrido
L0000695,O20220062,2022,2022-07-28,Português,P019,Extensivo B,Correção de simulado Português,50,Online
L0000696,O20220062,2022,2022-08-26,Português,P019,Extensivo B,Correção de simulado Português,90,Online
L0000697,O20220063,2022,2022-02-13,Redacao,P022,Extensivo B,Laboratório Redação,50,online
L0000698,O20220063,2022,2022-02-27,Redacao,P022,Extensivo B, Redação,,online
L0000699,O20220063,2022,03-14-2022,Redacao,P022,Extensivo B,Resolução de questões Redação,75,online
L0000700,O20220063,2022,2022-03-26,Redacao,P022,Extensivo B,Resolução de questões Redação,120,online
L0000701,O20220063,2022,2022-04-20,Redacao,P022,Extensivo B,Revisão Redação,60,Online
L0000702,O20220063,2022,2022-04-28,Redacao,P022,Extensivo B, Redação,120,Presencial
L0000703,O20220063,2022,2022-05-22,Redacao,P022,Extensivo B,Revisão Redação,,Presencial
L0000704,O20220063,2022,2022/05/03,Redacao,P022,Extensivo B,Correção de simulado Redação,50,Presencial
L0000705,O20220063,2022,2022-06-28,Redacao,P022,Extensivo B,Resolução de questões Redação,,Presencial
L0000706,O20220063,2022,2022-06-16,Redacao,P022,Extensivo B,Resolução de questões Redação,50,Presencial
L0000707,O20220063,2022,17/07/2022,Redacao,P022,Extensivo B,Correção de simulado Redação,50,
L0000708,O20220064,2022,2022-02-02,Inglês,P027,Extensivo B,Resolução de questões Inglês,90,Online
L0000709,O20220064,2022,02-02-2022,Inglês,P027,Extensivo B,Aula teórica Inglês,60,online
L0000710,O20220064,2022,2022-03-24,Inglês,P027,Extensivo B,Aula teórica Inglês,60,Presencial
L0000711,O20220064,2022,2022-03-09,Inglês,P027,Extensivo B, Inglês,75,Presencial
L0000712,O20220064,2022,2022-04-16,Inglês,P027,Extensivo B,Correção de simulado Inglês,60,online
L0000713,O20220064,2022,2022-04-11,Inglês,P027,Extensivo B,Correção de simulado Inglês,,
L0000714,O20220064,2022,2022-05-25,Inglês,P027,Extensivo B,Correção de simulado Inglês,50,
L0000715,O20220064,2022,2022-05-21,Inglês,P027,Extensivo B,Laboratório Inglês,120,
L0000716,O20220064,2022,2022-06-27,Inglês,P027,Extensivo B, Inglês,60,Presencial
L0000717,O20220064,2022,2022-06-18,Inglês,P027,Extensivo B,Correção de simulado Inglês,50,Híbrido
L0000718,O20220065,2022,2022-02-08,Filosofia,P030,Extensivo B,Correção de simulado Filosofia,75,
L0000719,O20220065,2022,2022-02-16,Filosofia,P030,Extensivo B, Filosofia,60,Presencial
L0000720,O20220065,2022,2022-03-13,Filosofia,P030,Extensivo B,Correção de simulado Filosofia,50,Online
L0000721,O20220065,2022,2022/03/02,Filosofia,P030,Extensivo B,Laboratório Filosofia,,
L0000722,O20220065,2022,2022-04-25,Filosofia,P030,Extensivo B,Resolução de questões Filosofia,90,online
L0000723,O20220065,2022,2022-04-16,Filosofia,P030,Extensivo B,Resolução de questões Filosofia,,Presencial
L0000724,O20220065,2022,2022-05-15,Filosofia,P030,Extensivo B, Filosofia,90,
L0000725,O20220065,2022,2022-05-26,Filosofia,P030,Extensivo B,Laboratório Filosofia,,
L0000726,O20220066,2022,2022-02-25,Sociologia,P033,Extensivo B,Revisão Sociologia,120,
L0000727,O20220066,2022,2022/02/02,Sociologia,P033,Extensivo B,Revisão Sociologia,,Presencial
L0000728,O20220066,2022,2022-03-13,Sociologia,P033,Extensivo B, Sociologia,,Online
L0000729,O20220066,2022,2022-03-02,Sociologia,P033,Extensivo B,Resolução de questões Sociologia,50,Presencial
L0000730,O20220066,2022,2022-04-27,Sociologia,P033,Extensivo B,Correção de simulado Sociologia,50,Híbrido
L0000731,O20220066,2022,2022-04-09,Sociologia,P033,Extensivo B, Sociologia,50,Online
L0000732,O20220066,2022,2022-05-10,Sociologia,P033,Extensivo B,Laboratório Sociologia,90,Presencial
L0000733,O20220066,2022,2022-05-13,Sociologia,P033,Extensivo B, Sociologia,120,
L0000734,O20220066,2022,2022-06-13,Sociologia,P033,Extensivo B, Sociologia,,Presencial
L0000735,O20220066,2022,2022-06-03,Sociologia,P033,Extensivo B,Resolução de questões Sociologia,60,Presencial
L0000736,O20220066,2022,2022-07-10,Sociologia,P033,Extensivo B,Aula teórica Sociologia,60,
L0000737,O20220066,2022,2022-07-03,Sociologia,P033,Extensivo B,Aula teórica Sociologia,,Híbrido
L0000738,O20220066,2022,2022-08-17,Sociologia,P033,Extensivo B,Revisão Sociologia,50,
L0000739,O20220067,2022,2022-02-16,Matemática,P001,Intensivo ENEM,Resolução de questões Matemática,75,Online
L0000740,O20220067,2022,2022-02-09,Matemática,P001,Intensivo ENEM,Correção de simulado Matemática,90,Online
L0000741,O20220067,2022,2022-03-25,Matemática,P001,Intensivo ENEM,Laboratório Matemática,75,Online
L0000742,O20220067,2022,2022-03-14,Matemática,P001,Intensivo ENEM,Laboratório Matemática,75,Presencial
L0000743,O20220067,2022,04-27-2022,Matemática,P001,Intensivo ENEM,Revisão Matemática,75,Presencial
L0000744,O20220067,2022,2022-04-19,Matemática,P001,Intensivo ENEM,Revisão Matemática,90,Presencial
L0000745,O20220067,2022,2022-05-14,Matemática,P001,Intensivo ENEM,Revisão Matemática,120,
L0000746,O20220067,2022,2022-05-17,Matemática,P001,Intensivo ENEM,Laboratório Matemática,75,Presencial
L0000747,O20220067,2022,2022-06-20,Matemática,P001,Intensivo ENEM,Aula teórica Matemática,50,Híbrido
L0000748,O20220067,2022,2022-06-17,Matemática,P001,Intensivo ENEM,Revisão Matemática,75,Presencial
L0000749,O20220067,2022,2022-07-23,Matemática,P001,Intensivo ENEM,Correção de simulado Matemática,75,online
L0000750,O20220067,2022,2022-07-08,Matemática,P001,Intensivo ENEM,Correção de simulado Matemática,120,online
L0000751,O20220068,2022,2022-02-06,Física,P007,Intensivo ENEM,Correção de simulado Física,,online
L0000752,O20220068,2022,2022-02-23,Física,P007,Intensivo ENEM,Aula teórica Física,,Presencial
L0000753,O20220068,2022,2022-03-02,Física,P007,Intensivo ENEM,Aula teórica Física,50,Híbrido
L0000754,O20220068,2022,2022-03-19,Física,P007,Intensivo ENEM, Física,120,Híbrido
L0000755,O20220068,2022,2022-04-01,Física,P007,Intensivo ENEM, Física,50,Presencial
L0000756,O20220068,2022,2022-04-24,Física,P007,Intensivo ENEM,Correção de simulado Física,50,Online
L0000757,O20220068,2022,2022-05-02,Física,P007,Intensivo ENEM,Aula teórica Física,120,Híbrido
L0000758,O20220068,2022,2022-05-23,Física,P007,Intensivo ENEM,Revisão Física,60,Presencial
L0000759,O20220068,2022,2022-06-18,Física,P007,Intensivo ENEM,Correção de simulado Física,,online
L0000760,O20220068,2022,2022-06-11,Física,P007,Intensivo ENEM,Aula teórica Física,50,online
L0000761,O20220068,2022,2022-07-19,Física,P007,Intensivo ENEM,Correção de simulado Física,75,
L0000762,O20220068,2022,2022-07-12,Física,P007,Intensivo ENEM, Física,50,Presencial
L0000763,O20220068,2022,08-09-2022,Física,P007,Intensivo ENEM,Revisão Física,90,online
L0000764,O20220069,2022,2022-02-22,Química,P009,Intensivo ENEM,Resolução de questões Química,,
L0000765,O20220069,2022,2022-02-16,Química,P009,Intensivo ENEM, Química,,Online
L0000766,O20220069,2022,2022-03-16,Química,P009,Intensivo ENEM,Correção de simulado Química,90,Presencial
L0000767,O20220069,2022,2022-03-05,Química,P009,Intensivo ENEM,Revisão Química,60,
L0000768,O20220069,2022,2022-04-23,Química,P009,Intensivo ENEM,Aula teórica Química,120,Presencial
L0000769,O20220069,2022,2022-04-14,Química,P009,Intensivo ENEM,Laboratório Química,,
L0000770,O20220069,2022,2022-05-22,Química,P009,Intensivo ENEM, Química,60,Online
L0000771,O20220069,2022,2022-05-05,Química,P009,Intensivo ENEM,Correção de simulado Química,90,Online
L0000772,O20220069,2022,2022-06-24,Química,P009,Intensivo ENEM,Aula teórica Química,50,Online
L0000773,O20220069,2022,2022-06-26,Química,P009,Intensivo ENEM, Química,60,Presencial
L0000774,O20220069,2022,2022-07-24,Química,P009,Intensivo ENEM,Correção de simulado Química,,Híbrido
L0000775,O20220069,2022,2022-07-12,Química,P009,Intensivo ENEM,Laboratório Química,60,
L0000776,O20220069,2022,2022-08-01,Química,P009,Intensivo ENEM,Laboratório Química,90,online
L0000777,O20220070,2022,2022-02-02,Biologia,P012,Intensivo ENEM,Resolução de questões Biologia,50,online
L0000778,O20220070,2022,2022-02-22,Biologia,P012,Intensivo ENEM,Aula teórica Biologia,50,Online
L0000779,O20220070,2022,2022-03-22,Biologia,P012,Intensivo ENEM,Correção de simulado Biologia,90,
L0000780,O20220070,2022,2022-03-05,Biologia,P012,Intensivo ENEM,Correção de simulado Biologia,90,online
L0000781,O20220070,2022,2022-04-08,Biologia,P012,Intensivo ENEM,Correção de simulado Biologia,60,online
L0000782,O20220070,2022,2022-04-27,Biologia,P012,Intensivo ENEM,Revisão Biologia,90,Híbrido
L0000783,O20220070,2022,2022-05-07,Biologia,P012,Intensivo ENEM,Revisão Biologia,120,
L0000784,O20220070,2022,2022-05-01,Biologia,P012,Intensivo ENEM,Correção de simulado Biologia,75,Híbrido
L0000785,O20220070,2022,2022-06-08,Biologia,P012,Intensivo ENEM, Biologia,60,Online
L0000786,O20220070,2022,2022-06-21,Biologia,P012,Intensivo ENEM,Correção de simulado Biologia,90,Presencial
L0000787,O20220070,2022,2022-07-03,Biologia,P012,Intensivo ENEM,Revisão Biologia,75,online
L0000788,O20220070,2022,2022-07-28,Biologia,P012,Intensivo ENEM,Aula teórica Biologia,50,
L0000789,O20220070,2022,2022-08-20,Biologia,P012,Intensivo ENEM, Biologia,50,Híbrido
L0000790,O20220071,2022,2022-02-21,História,P014,Intensivo ENEM,Correção de simulado História,120,Presencial
L0000791,O20220071,2022,2022-02-03,História,P014,Intensivo ENEM,Revisão História,50,Híbrido
L0000792,O20220071,2022,2022-03-07,História,P014,Intensivo ENEM,Resolução de questões História,60,online
L0000793,O20220071,2022,2022-03-16,História,P014,Intensivo ENEM,Aula teórica História,90,
L0000794,O20220071,2022,2022-04-01,História,P014,Intensivo ENEM,Resolução de questões História,,Online
L0000795,O20220071,2022,2022-04-06,História,P014,Intensivo ENEM,Aula teórica História,120,Híbrido
L0000796,O20220071,2022,2022-05-17,História,P014,Intensivo ENEM,Revisão História,60,Híbrido
L0000797,O20220071,2022,2022-05-11,História,P014,Intensivo ENEM,Laboratório História,50,
L0000798,O20220071,2022,2022-06-23,História,P014,Intensivo ENEM,Correção de simulado História,120,Online
L0000799,O20220072,2022,2022-02-21,Geografia,P018,Intensivo ENEM,Resolução de questões Geografia,60,
L0000800,O20220072,2022,2022/02/13,Geografia,P018,Intensivo ENEM,Correção de simulado Geografia,120,Presencial
L0000801,O20220072,2022,03-24-2022,Geografia,P018,Intensivo ENEM,Revisão Geografia,,
L0000802,O20220072,2022,2022-03-06,Geografia,P018,Intensivo ENEM,Aula teórica Geografia,120,Presencial
L0000803,O20220072,2022,2022-04-17,Geografia,P018,Intensivo ENEM,Laboratório Geografia,50,Híbrido
L0000804,O20220072,2022,2022-04-06,Geografia,P018,Intensivo ENEM,Laboratório Geografia,50,Presencial
L0000805,O20220072,2022,2022-05-17,Geografia,P018,Intensivo ENEM,Laboratório Geografia,,Online
L0000806,O20220072,2022,05-28-2022,Geografia,P018,Intensivo ENEM,Correção de simulado Geografia,,Online
L0000807,O20220073,2022,2022-02-12,Português,P021,Intensivo ENEM, Português,60,Presencial
L0000808,O20220073,2022,2022-02-24,Português,P021,Intensivo ENEM,Laboratório Português,,Presencial
L0000809,O20220073,2022,03/03/2022,Português,P021,Intensivo ENEM,Revisão Português,90,
L0000810,O20220073,2022,2022-03-20,Português,P021,Intensivo ENEM,Correção de simulado Português,50,online
L0000811,O20220073,2022,2022-04-13,Português,P021,Intensivo ENEM, Português,,Híbrido
L0000812,O20220073,2022,2022-04-25,Português,P021,Intensivo ENEM,Correção de simulado Português,50,online
L0000813,O20220073,2022,2022-05-02,Português,P021,Intensivo ENEM,Correção de simulado Português,,Híbrido
L0000814,O20220073,2022,2022-05-18,Português,P021,Intensivo ENEM,Resolução de questões Português,75,Presencial
L0000815,O20220073,2022,2022-06-01,Português,P021,Intensivo ENEM,Correção de simulado Português,,online
L0000816,O20220073,2022,2022-06-24,Português,P021,Intensivo ENEM,Correção de simulado Português,90,Presencial
L0000817,O20220073,2022,2022-07-03,Português,P021,Intensivo ENEM, Português,75,Híbrido
L0000818,O20220073,2022,2022-07-04,Português,P021,Intensivo ENEM, Português,50,Híbrido
L0000819,O20220073,2022,2022-08-11,Português,P021,Intensivo ENEM,Laboratório Português,75,Presencial
L0000820,O20220073,2022,2022-08-19,Português,P021,Intensivo ENEM,Resolução de questões Português,,Online
L0000821,O20220074,2022,2022-02-21,Redação,P023,Intensivo ENEM,Correção de simulado Redação,60,Híbrido
L0000822,O20220074,2022,2022-02-09,Redação,P023,Intensivo ENEM,Resolução de questões Redação,75,Online
L0000823,O20220074,2022,2022/03/26,Redação,P023,Intensivo ENEM, Redação,75,Híbrido
L0000824,O20220074,2022,2022-03-18,Redação,P023,Intensivo ENEM,Resolução de questões Redação,,Presencial
L0000825,O20220074,2022,2022-04-12,Redação,P023,Intensivo ENEM,Resolução de questões Redação,50,Presencial
L0000826,O20220074,2022,2022-04-12,Redação,P023,Intensivo ENEM,Resolução de questões Redação,90,Híbrido
L0000827,O20220074,2022,2022-05-17,Redação,P023,Intensivo ENEM, Redação,75,online
L0000828,O20220074,2022,2022-05-26,Redação,P023,Intensivo ENEM, Redação,60,Presencial
L0000829,O20220074,2022,2022-06-28,Redação,P023,Intensivo ENEM,Resolução de questões Redação,50,
L0000830,O20220074,2022,2022-06-26,Redação,P023,Intensivo ENEM,Revisão Redação,75,Presencial
L0000831,O20220075,2022,2022-02-24,Inglês,P024,Intensivo ENEM,Resolução de questões Inglês,50,online
L0000832,O20220075,2022,2022-02-11,Inglês,P024,Intensivo ENEM,Revisão Inglês,90,
L0000833,O20220075,2022,2022-03-13,Inglês,P024,Intensivo ENEM, Inglês,90,
L0000834,O20220075,2022,2022-03-08,Inglês,P024,Intensivo ENEM, Inglês,75,
L0000835,O20220075,2022,2022-04-17,Inglês,P024,Intensivo ENEM,Aula teórica Inglês,75,Presencial
L0000836,O20220075,2022,2022-04-15,Inglês,P024,Intensivo ENEM,Laboratório Inglês,50,online
L0000837,O20220075,2022,2022/05/10,Inglês,P024,Intensivo ENEM,Laboratório Inglês,75,online
L0000838,O20220075,2022,2022-05-20,Inglês,P024,Intensivo ENEM,Resolução de questões Inglês,90,Presencial
L0000839,O20220075,2022,2022-06-13,Inglês,P024,Intensivo ENEM,Revisão Inglês,75,
L0000840,O20220075,2022,2022-06-02,Inglês,P024,Intensivo ENEM,Aula teórica Inglês,60,
L0000841,O20220076,2022,2022-02-05,Filosofia,P028,Intensivo ENEM,Revisão Filosofia,,Online
L0000842,O20220076,2022,2022-02-03,Filosofia,P028,Intensivo ENEM,Laboratório Filosofia,60,Presencial
L0000843,O20220076,2022,2022-03-05,Filosofia,P028,Intensivo ENEM,Revisão Filosofia,,Híbrido
L0000844,O20220076,2022,2022-03-05,Filosofia,P028,Intensivo ENEM,Laboratório Filosofia,75,Presencial
L0000845,O20220076,2022,2022-04-04,Filosofia,P028,Intensivo ENEM,Resolução de questões Filosofia,75,
L0000846,O20220076,2022,2022-04-09,Filosofia,P028,Intensivo ENEM,Revisão Filosofia,50,Híbrido
L0000847,O20220076,2022,2022-05-22,Filosofia,P028,Intensivo ENEM, Filosofia,75,Presencial
L0000848,O20220076,2022,2022-05-15,Filosofia,P028,Intensivo ENEM,Laboratório Filosofia,120,online
L0000849,O20220076,2022,2022-06-13,Filosofia,P028,Intensivo ENEM,Revisão Filosofia,90,Online
L0000850,O20220076,2022,2022-06-22,Filosofia,P028,Intensivo ENEM,Resolução de questões Filosofia,90,Online
L0000851,O20220076,2022,2022-07-23,Filosofia,P028,Intensivo ENEM,Revisão Filosofia,90,
L0000852,O20220076,2022,2022-07-09,Filosofia,P028,Intensivo ENEM,Revisão Filosofia,,online
L0000853,O20220076,2022,2022-08-04,Filosofia,P028,Intensivo ENEM, Filosofia,90,Online
L0000854,O20220076,2022,2022-08-16,Filosofia,P028,Intensivo ENEM,Resolução de questões Filosofia,,Online
L0000855,O20220077,2022,2022-02-15,Sociologia,P034,Intensivo ENEM,Aula teórica Sociologia,75,Online
L0000856,O20220077,2022,2022-02-15,Sociologia,P034,Intensivo ENEM, Sociologia,50,Híbrido
L0000857,O20220077,2022,2022-03-26,Sociologia,P034,Intensivo ENEM,Correção de simulado Sociologia,120,Online
L0000858,O20220077,2022,2022-03-20,Sociologia,P034,Intensivo ENEM,Aula teórica Sociologia,60,Híbrido
L0000859,O20220077,2022,2022-04-05,Sociologia,P034,Intensivo ENEM,Laboratório Sociologia,60,Híbrido
L0000860,O20220077,2022,2022-04-03,Sociologia,P034,Intensivo ENEM,Revisão Sociologia,90,Online
L0000861,O20220077,2022,2022-05-10,Sociologia,P034,Intensivo ENEM,Aula teórica Sociologia,60,Online
L0000862,O20220077,2022,2022-05-15,Sociologia,P034,Intensivo ENEM,Correção de simulado Sociologia,120,
L0000863,O20220077,2022,2022-06-09,Sociologia,P034,Intensivo ENEM,Correção de simulado Sociologia,50,
L0000864,O20220077,2022,06-15-2022,Sociologia,P034,Intensivo ENEM,Laboratório Sociologia,,
L0000865,O20220078,2022,2022-02-11,Matemática,P002,Revisão Final,Revisão Matemática,60,
L0000866,O20220078,2022,2022-02-15,Matemática,P002,Revisão Final,Laboratório Matemática,90,Online
L0000867,O20220078,2022,2022-03-19,Matemática,P002,Revisão Final,Correção de simulado Matemática,,
L0000868,O20220078,2022,2022-03-17,Matemática,P002,Revisão Final,Correção de simulado Matemática,,Híbrido
L0000869,O20220078,2022,2022-04-27,Matemática,P002,Revisão Final, Matemática,120,online
L0000870,O20220078,2022,2022-04-04,Matemática,P002,Revisão Final,Laboratório Matemática,50,
L0000871,O20220078,2022,2022-05-11,Matemática,P002,Revisão Final,Revisão Matemática,75,Híbrido
L0000872,O20220078,2022,2022-05-03,Matemática,P002,Revisão Final,Correção de simulado Matemática,120,Online
L0000873,O20220078,2022,2022-06-03,Matemática,P002,Revisão Final,Resolução de questões Matemática,90,Presencial
L0000874,O20220078,2022,2022-06-21,Matemática,P002,Revisão Final,Resolução de questões Matemática,90,Híbrido
L0000875,O20220078,2022,2022-07-24,Matemática,P002,Revisão Final,Correção de simulado Matemática,60,
L0000876,O20220079,2022,2022-02-26,Física,P006,Revisão Final,Correção de simulado Física,,Híbrido
L0000877,O20220079,2022,2022-02-06,Física,P006,Revisão Final,Correção de simulado Física,120,Híbrido
L0000878,O20220079,2022,03-15-2022,Física,P006,Revisão Final,Correção de simulado Física,90,
L0000879,O20220079,2022,2022-03-09,Física,P006,Revisão Final, Física,60,
L0000880,O20220079,2022,2022-04-04,Física,P006,Revisão Final,Correção de simulado Física,60,Online
L0000881,O20220079,2022,2022-04-27,Física,P006,Revisão Final, Física,60,
L0000882,O20220079,2022,2022-05-03,Física,P006,Revisão Final,Laboratório Física,50,Presencial
L0000883,O20220079,2022,2022/05/16,Física,P006,Revisão Final,Aula teórica Física,,Presencial
L0000884,O20220080,2022,2022-02-27,Química,P008,Revisão Final,Laboratório Química,90,Híbrido
L0000885,O20220080,2022,2022-02-22,Química,P008,Revisão Final,Correção de simulado Química,60,
L0000886,O20220080,2022,08/03/2022,Química,P008,Revisão Final,Revisão Química,120,Online
L0000887,O20220080,2022,2022/03/23,Química,P008,Revisão Final,Revisão Química,120,Online
L0000888,O20220080,2022,2022-04-25,Química,P008,Revisão Final, Química,50,
L0000889,O20220080,2022,2022-04-05,Química,P008,Revisão Final,Aula teórica Química,120,Presencial
L0000890,O20220080,2022,05/05/2022,Química,P008,Revisão Final,Aula teórica Química,50,online
L0000891,O20220080,2022,2022-05-03,Química,P008,Revisão Final,Aula teórica Química,120,online
L0000892,O20220080,2022,2022-06-18,Química,P008,Revisão Final,Resolução de questões Química,,Presencial
L0000893,O20220080,2022,2022-06-27,Química,P008,Revisão Final, Química,120,Presencial
L0000894,O20220080,2022,2022-07-22,Química,P008,Revisão Final,Resolução de questões Química,90,online
L0000895,O20220080,2022,2022-07-11,Química,P008,Revisão Final,Correção de simulado Química,,online
L0000896,O20220081,2022,2022-02-22,Biologia,P011,Revisão Final,Laboratório Biologia,120,Híbrido
L0000897,O20220081,2022,2022-02-19,Biologia,P011,Revisão Final, Biologia,50,
L0000898,O20220081,2022,2022-03-27,Biologia,P011,Revisão Final,Revisão Biologia,60,online
L0000899,O20220081,2022,2022-03-13,Biologia,P011,Revisão Final,Revisão Biologia,120,Híbrido
L0000900,O20220081,2022,2022-04-03,Biologia,P011,Revisão Final,Resolução de questões Biologia,,online
L0000901,O20220081,2022,2022-04-08,Biologia,P011,Revisão Final,Resolução de questões Biologia,50,online
L0000902,O20220081,2022,2022-05-18,Biologia,P011,Revisão Final,Correção de simulado Biologia,50,Híbrido
L0000903,O20220081,2022,2022-05-03,Biologia,P011,Revisão Final,Aula teórica Biologia,,Híbrido
L0000904,O20220081,2022,2022-06-13,Biologia,P011,Revisão Final, Biologia,,online
L0000905,O20220081,2022,2022-06-22,Biologia,P011,Revisão Final,Revisão Biologia,50,Online
L0000906,O20220081,2022,2022-07-05,Biologia,P011,Revisão Final,Aula teórica Biologia,50,online
L0000907,O20220081,2022,2022-07-01,Biologia,P011,Revisão Final,Aula teórica Biologia,75,Híbrido
L0000908,O20220082,2022,20/02/2022,Historia,P015,Revisão Final,Revisão História,90,online
L0000909,O20220082,2022,2022-02-11,Historia,P015,Revisão Final,Aula teórica História,60,online
L0000910,O20220082,2022,2022-03-03,Historia,P015,Revisão Final,Correção de simulado História,50,Presencial
L0000911,O20220082,2022,2022-03-24,Historia,P015,Revisão Final,Aula teórica História,,
L0000912,O20220082,2022,2022-04-02,Historia,P015,Revisão Final,Aula teórica História,75,online
L0000913,O20220082,2022,2022-04-11,Historia,P015,Revisão Final,Resolução de questões História,60,online
L0000914,O20220082,2022,2022-05-02,Historia,P015,Revisão Final,Laboratório História,60,Híbrido
L0000915,O20220082,2022,2022-05-22,Historia,P015,Revisão Final,Laboratório História,,Online
L0000916,O20220082,2022,2022-06-01,Historia,P015,Revisão Final,Revisão História,60,Híbrido
L0000917,O20220083,2022,2022-02-14,Geografia,P017,Revisão Final,Correção de simulado Geografia,50,Online
L0000918,O20220083,2022,2022-02-15,Geografia,P017,Revisão Final, Geografia,75,Híbrido
L0000919,O20220083,2022,2022-03-06,Geografia,P017,Revisão Final,Resolução de questões Geografia,50,Híbrido
L0000920,O20220083,2022,2022-03-26,Geografia,P017,Revisão Final, Geografia,90,Online
L0000921,O20220083,2022,2022-04-21,Geografia,P017,Revisão Final,Correção de simulado Geografia,120,Presencial
L0000922,O20220083,2022,2022-04-23,Geografia,P017,Revisão Final,Resolução de questões Geografia,50,Híbrido
L0000923,O20220083,2022,2022-05-16,Geografia,P017,Revisão Final, Geografia,90,
L0000924,O20220083,2022,2022-05-01,Geografia,P017,Revisão Final,Revisão Geografia,60,Presencial
L0000925,O20220083,2022,2022-06-27,Geografia,P017,Revisão Final,Correção de simulado Geografia,90,Online
L0000926,O20220083,2022,2022-06-11,Geografia,P017,Revisão Final,Laboratório Geografia,120,Híbrido
L0000927,O20220084,2022,2022-02-07,Português,P019,Revisão Final,Revisão Português,120,
L0000928,O20220084,2022,2022-02-25,Português,P019,Revisão Final,Correção de simulado Português,90,Híbrido
L0000929,O20220084,2022,2022-03-02,Português,P019,Revisão Final,Laboratório Português,75,
L0000930,O20220084,2022,2022-03-09,Português,P019,Revisão Final,Correção de simulado Português,60,Presencial
L0000931,O20220084,2022,2022-04-19,Português,P019,Revisão Final,Revisão Português,,Híbrido
L0000932,O20220084,2022,2022/04/21,Português,P019,Revisão Final,Laboratório Português,120,Online
L0000933,O20220084,2022,2022-05-11,Português,P019,Revisão Final,Aula teórica Português,120,Presencial
L0000934,O20220084,2022,2022-05-26,Português,P019,Revisão Final,Laboratório Português,75,Online
L0000935,O20220084,2022,2022-06-03,Português,P019,Revisão Final,Revisão Português,50,Híbrido
L0000936,O20220084,2022,2022-06-07,Português,P019,Revisão Final,Aula teórica Português,120,
L0000937,O20220084,2022,2022-07-17,Português,P019,Revisão Final,Aula teórica Português,,
L0000938,O20220084,2022,2022-07-09,Português,P019,Revisão Final,Laboratório Português,,online
L0000939,O20220084,2022,2022-08-18,Português,P019,Revisão Final,Laboratório Português,60,Presencial
L0000940,O20220085,2022,2022-02-05,Redação,P022,Revisão Final,Laboratório Redação,120,Presencial
L0000941,O20220085,2022,2022-02-15,Redação,P022,Revisão Final,Laboratório Redação,50,Online
L0000942,O20220085,2022,2022-03-03,Redação,P022,Revisão Final, Redação,,Presencial
L0000943,O20220085,2022,2022-03-02,Redação,P022,Revisão Final,Aula teórica Redação,90,online
L0000944,O20220085,2022,2022-04-11,Redação,P022,Revisão Final,Resolução de questões Redação,50,
L0000945,O20220085,2022,2022-04-28,Redação,P022,Revisão Final,Revisão Redação,90,
L0000946,O20220085,2022,05-18-2022,Redação,P022,Revisão Final, Redação,120,
L0000947,O20220085,2022,2022-05-03,Redação,P022,Revisão Final,Revisão Redação,75,Online
L0000948,O20220085,2022,2022-06-18,Redação,P022,Revisão Final,Resolução de questões Redação,90,Online
L0000949,O20220085,2022,2022-06-10,Redação,P022,Revisão Final,Laboratório Redação,,online
L0000950,O20220085,2022,2022-07-24,Redação,P022,Revisão Final,Resolução de questões Redação,50,Presencial
L0000951,O20220085,2022,2022-07-11,Redação,P022,Revisão Final,Resolução de questões Redação,60,
L0000952,O20220086,2022,2022-02-27,Inglês,P026,Revisão Final,Aula teórica Inglês,75,Presencial
L0000953,O20220086,2022,2022-02-23,Inglês,P026,Revisão Final,Resolução de questões Inglês,75,
L0000954,O20220086,2022,2022-03-13,Inglês,P026,Revisão Final,Laboratório Inglês,90,online
L0000955,O20220086,2022,2022-03-17,Inglês,P026,Revisão Final, Inglês,75,online
L0000956,O20220086,2022,2022-04-21,Inglês,P026,Revisão Final, Inglês,90,Presencial
L0000957,O20220086,2022,2022-04-14,Inglês,P026,Revisão Final,Revisão Inglês,,Online
L0000958,O20220086,2022,2022-05-14,Inglês,P026,Revisão Final,Resolução de questões Inglês,50,Online
L0000959,O20220086,2022,2022-05-03,Inglês,P026,Revisão Final,Aula teórica Inglês,120,
L0000960,O20220086,2022,2022-06-17,Inglês,P026,Revisão Final,Laboratório Inglês,50,Presencial
L0000961,O20220087,2022,2022/02/21,Filosofia,P028,Revisão Final,Revisão Filosofia,60,Híbrido
L0000962,O20220087,2022,2022-02-25,Filosofia,P028,Revisão Final, Filosofia,60,Presencial
L0000963,O20220087,2022,2022-03-10,Filosofia,P028,Revisão Final,Revisão Filosofia,60,online
L0000964,O20220087,2022,2022-03-25,Filosofia,P028,Revisão Final,Aula teórica Filosofia,120,
L0000965,O20220087,2022,2022-04-16,Filosofia,P028,Revisão Final,Revisão Filosofia,90,Presencial
L0000966,O20220087,2022,2022-04-04,Filosofia,P028,Revisão Final,Revisão Filosofia,120,online
L0000967,O20220087,2022,2022-05-06,Filosofia,P028,Revisão Final, Filosofia,60,Híbrido
L0000968,O20220087,2022,04/05/2022,Filosofia,P028,Revisão Final, Filosofia,90,
L0000969,O20220087,2022,26/06/2022,Filosofia,P028,Revisão Final, Filosofia,,
L0000970,O20220087,2022,2022/06/09,Filosofia,P028,Revisão Final,Resolução de questões Filosofia,90,
L0000971,O20220087,2022,2022-07-25,Filosofia,P028,Revisão Final,Correção de simulado Filosofia,60,Híbrido
L0000972,O20220087,2022,2022-07-03,Filosofia,P028,Revisão Final,Resolução de questões Filosofia,60,online
L0000973,O20220088,2022,2022-02-04,Sociologia,P032,Revisão Final, Sociologia,120,online
L0000974,O20220088,2022,2022-02-06,Sociologia,P032,Revisão Final,Laboratório Sociologia,50,Híbrido
L0000975,O20220088,2022,2022-03-10,Sociologia,P032,Revisão Final,Aula teórica Sociologia,50,Presencial
L0000976,O20220088,2022,03-14-2022,Sociologia,P032,Revisão Final,Laboratório Sociologia,50,Presencial
L0000977,O20220088,2022,2022-04-19,Sociologia,P032,Revisão Final,Resolução de questões Sociologia,60,Híbrido
L0000978,O20220088,2022,2022-04-17,Sociologia,P032,Revisão Final,Resolução de questões Sociologia,120,Híbrido
L0000979,O20220088,2022,2022-05-26,Sociologia,P032,Revisão Final,Laboratório Sociologia,90,Online
L0000980,O20220088,2022,05-19-2022,Sociologia,P032,Revisão Final,Aula teórica Sociologia,75,Presencial
L0000981,O20230089,2023,2023-02-26,Matemática,P002,Extensivo A,Revisão Matemática,120,Online
L0000982,O20230089,2023,2023-02-09,Matemática,P002,Extensivo A,Correção de simulado Matemática,90,Presencial
L0000983,O20230089,2023,2023-03-21,Matemática,P002,Extensivo A,Aula teórica Matemática,120,Híbrido
L0000984,O20230089,2023,2023-03-03,Matemática,P002,Extensivo A,Aula teórica Matemática,50,Híbrido
L0000985,O20230089,2023,2023-04-07,Matemática,P002,Extensivo A,Correção de simulado Matemática,60,online
L0000986,O20230089,2023,2023-04-16,Matemática,P002,Extensivo A,Resolução de questões Matemática,50,Híbrido
L0000987,O20230089,2023,2023-05-15,Matemática,P002,Extensivo A,Aula teórica Matemática,60,online
L0000988,O20230089,2023,2023-05-04,Matemática,P002,Extensivo A,Laboratório Matemática,50,Presencial
L0000989,O20230089,2023,2023-06-02,Matemática,P002,Extensivo A,Aula teórica Matemática,90,Online
L0000990,O20230090,2023,2023-02-21,Física,P006,Extensivo A, Física,,online
L0000991,O20230090,2023,2023-02-08,Física,P006,Extensivo A,Resolução de questões Física,,
L0000992,O20230090,2023,2023-03-12,Física,P006,Extensivo A, Física,50,
L0000993,O20230090,2023,2023-03-06,Física,P006,Extensivo A,Aula teórica Física,75,Presencial
L0000994,O20230090,2023,2023-04-15,Física,P006,Extensivo A, Física,75,online
L0000995,O20230090,2023,2023-04-25,Física,P006,Extensivo A,Resolução de questões Física,75,Online
L0000996,O20230090,2023,2023-05-05,Física,P006,Extensivo A,Correção de simulado Física,120,Online
L0000997,O20230090,2023,2023-05-26,Física,P006,Extensivo A,Laboratório Física,75,Presencial
L0000998,O20230090,2023,2023-06-19,Física,P006,Extensivo A,Aula teórica Física,120,Presencial
L0000999,O20230090,2023,2023-06-20,Física,P006,Extensivo A,Revisão Física,90,
L0001000,O20230090,2023,2023-07-13,Física,P006,Extensivo A,Resolução de questões Física,,Online
L0001001,O20230090,2023,2023-07-14,Física,P006,Extensivo A,Laboratório Física,75,
L0001002,O20230090,2023,2023-08-21,Física,P006,Extensivo A,Laboratório Física,120,
L0001003,O20230090,2023,2023-08-08,Física,P006,Extensivo A,Laboratório Física,75,
L0001004,O20230091,2023,2023-02-08,Quimica,P009,Extensivo A,Correção de simulado Química,60,Online
L0001005,O20230091,2023,2023-02-06,Quimica,P009,Extensivo A,Resolução de questões Química,,Presencial
L0001006,O20230091,2023,2023-03-01,Quimica,P009,Extensivo A,Resolução de questões Química,120,
L0001007,O20230091,2023,2023-03-05,Quimica,P009,Extensivo A,Aula teórica Química,50,Presencial
L0001008,O20230091,2023,2023-04-19,Quimica,P009,Extensivo A,Revisão Química,90,
L0001009,O20230091,2023,2023-04-19,Quimica,P009,Extensivo A,Revisão Química,60,online
L0001010,O20230091,2023,2023-05-09,Quimica,P009,Extensivo A,Correção de simulado Química,120,Híbrido
L0001011,O20230091,2023,2023-05-16,Quimica,P009,Extensivo A,Resolução de questões Química,90,Híbrido
L0001012,O20230091,2023,2023-06-18,Quimica,P009,Extensivo A,Aula teórica Química,120,Presencial
L0001013,O20230091,2023,2023-06-09,Quimica,P009,Extensivo A,Laboratório Química,120,Híbrido
L0001014,O20230091,2023,2023-07-26,Quimica,P009,Extensivo A,Laboratório Química,50,
L0001015,O20230091,2023,2023-07-11,Quimica,P009,Extensivo A,Correção de simulado Química,,online
L0001016,O20230091,2023,2023-08-08,Quimica,P009,Extensivo A,Revisão Química,50,
L0001017,O20230092,2023,2023-02-17,Biologia,P013,Extensivo A,Aula teórica Biologia,60,online
L0001018,O20230092,2023,2023-02-24,Biologia,P013,Extensivo A,Laboratório Biologia,75,Híbrido
L0001019,O20230092,2023,2023-03-24,Biologia,P013,Extensivo A,Aula teórica Biologia,60,Híbrido
L0001020,O20230092,2023,2023-03-19,Biologia,P013,Extensivo A,Laboratório Biologia,75,online
L0001021,O20230092,2023,2023-04-21,Biologia,P013,Extensivo A,Aula teórica Biologia,50,Online
L0001022,O20230092,2023,2023-04-12,Biologia,P013,Extensivo A,Correção de simulado Biologia,120,Híbrido
L0001023,O20230092,2023,2023-05-21,Biologia,P013,Extensivo A,Correção de simulado Biologia,50,Online
L0001024,O20230092,2023,2023-05-07,Biologia,P013,Extensivo A, Biologia,,Presencial
L0001025,O20230092,2023,2023-06-22,Biologia,P013,Extensivo A,Laboratório Biologia,75,Online
L0001026,O20230092,2023,2023-06-14,Biologia,P013,Extensivo A,Correção de simulado Biologia,,
L0001027,O20230092,2023,2023-07-10,Biologia,P013,Extensivo A,Resolução de questões Biologia,120,online
L0001028,O20230093,2023,2023-02-08,História,P015,Extensivo A,Aula teórica História,,
L0001029,O20230093,2023,2023-02-24,História,P015,Extensivo A,Revisão História,60,Presencial
L0001030,O20230093,2023,2023-03-28,História,P015,Extensivo A,Correção de simulado História,60,online
L0001031,O20230093,2023,2023-03-25,História,P015,Extensivo A,Correção de simulado História,120,
L0001032,O20230093,2023,2023-04-04,História,P015,Extensivo A,Correção de simulado História,75,
L0001033,O20230093,2023,2023-04-14,História,P015,Extensivo A, História,120,
L0001034,O20230093,2023,2023-05-17,História,P015,Extensivo A,Aula teórica História,75,Híbrido
L0001035,O20230093,2023,2023-05-26,História,P015,Extensivo A,Resolução de questões História,75,Híbrido
L0001036,O20230093,2023,2023-06-07,História,P015,Extensivo A,Laboratório História,90,online
L0001037,O20230093,2023,2023-06-28,História,P015,Extensivo A,Revisão História,75,
L0001038,O20230093,2023,2023-07-21,História,P015,Extensivo A,Aula teórica História,90,Presencial
L0001039,O20230093,2023,2023-07-18,História,P015,Extensivo A,Aula teórica História,75,Online
L0001040,O20230093,2023,2023-08-20,História,P015,Extensivo A,Laboratório História,120,
L0001041,O20230093,2023,2023-08-23,História,P015,Extensivo A,Resolução de questões História,60,Online
L0001042,O20230094,2023,2023-02-22,Geografia,P016,Extensivo A,Aula teórica Geografia,,
L0001043,O20230094,2023,2023-02-25,Geografia,P016,Extensivo A,Aula teórica Geografia,,Online
L0001044,O20230094,2023,2023-03-06,Geografia,P016,Extensivo A,Laboratório Geografia,120,online
L0001045,O20230094,2023,2023-03-19,Geografia,P016,Extensivo A,Laboratório Geografia,90,
L0001046,O20230094,2023,2023-04-21,Geografia,P016,Extensivo A,Correção de simulado Geografia,,
L0001047,O20230094,2023,2023-04-12,Geografia,P016,Extensivo A,Revisão Geografia,,online
L0001048,O20230094,2023,2023-05-14,Geografia,P016,Extensivo A,Aula teórica Geografia,120,
L0001049,O20230094,2023,27/05/2023,Geografia,P016,Extensivo A,Revisão Geografia,50,Híbrido
L0001050,O20230094,2023,2023-06-24,Geografia,P016,Extensivo A,Resolução de questões Geografia,60,Online
L0001051,O20230095,2023,2023-02-17,Português,P021,Extensivo A,Laboratório Português,120,Presencial
L0001052,O20230095,2023,2023-02-15,Português,P021,Extensivo A,Aula teórica Português,90,Presencial
L0001053,O20230095,2023,2023-03-16,Português,P021,Extensivo A,Correção de simulado Português,75,Online
L0001054,O20230095,2023,2023-03-08,Português,P021,Extensivo A,Aula teórica Português,,
L0001055,O20230095,2023,2023-04-19,Português,P021,Extensivo A,Laboratório Português,50,online
L0001056,O20230095,2023,2023-04-18,Português,P021,Extensivo A,Correção de simulado Português,120,Híbrido
L0001057,O20230095,2023,2023-05-05,Português,P021,Extensivo A, Português,,Online
L0001058,O20230095,2023,2023-05-14,Português,P021,Extensivo A,Resolução de questões Português,90,Híbrido
L0001059,O20230095,2023,06-19-2023,Português,P021,Extensivo A,Laboratório Português,120,online
L0001060,O20230095,2023,2023-06-20,Português,P021,Extensivo A,Resolução de questões Português,75,Online
L0001061,O20230095,2023,2023-07-18,Português,P021,Extensivo A,Laboratório Português,60,Online
L0001062,O20230096,2023,2023-02-09,Redação,P022,Extensivo A,Correção de simulado Redação,,Online
L0001063,O20230096,2023,2023-02-21,Redação,P022,Extensivo A,Laboratório Redação,50,Presencial
L0001064,O20230096,2023,2023-03-05,Redação,P022,Extensivo A,Aula teórica Redação,120,Presencial
L0001065,O20230096,2023,2023-03-11,Redação,P022,Extensivo A,Revisão Redação,75,
L0001066,O20230096,2023,2023-04-27,Redação,P022,Extensivo A,Correção de simulado Redação,,
L0001067,O20230096,2023,2023-04-24,Redação,P022,Extensivo A,Revisão Redação,50,online
L0001068,O20230096,2023,2023-05-07,Redação,P022,Extensivo A,Resolução de questões Redação,50,online
L0001069,O20230096,2023,2023-05-15,Redação,P022,Extensivo A,Correção de simulado Redação,60,online
L0001070,O20230097,2023,2023-02-15,Inglês,P024,Extensivo A,Laboratório Inglês,50,Híbrido
L0001071,O20230097,2023,17/02/2023,Inglês,P024,Extensivo A,Laboratório Inglês,,online
L0001072,O20230097,2023,2023-03-11,Inglês,P024,Extensivo A,Correção de simulado Inglês,75,Híbrido
L0001073,O20230097,2023,2023-03-24,Inglês,P024,Extensivo A,Resolução de questões Inglês,60,Híbrido
L0001074,O20230097,2023,2023-04-18,Inglês,P024,Extensivo A,Aula teórica Inglês,120,Online
L0001075,O20230097,2023,2023-04-26,Inglês,P024,Extensivo A,Aula teórica Inglês,60,
L0001076,O20230097,2023,2023-05-10,Inglês,P024,Extensivo A,Aula teórica Inglês,90,Híbrido
L0001077,O20230097,2023,2023-05-03,Inglês,P024,Extensivo A, Inglês,,
L0001078,O20230097,2023,2023-06-25,Inglês,P024,Extensivo A,Correção de simulado Inglês,90,
L0001079,O20230097,2023,2023-06-16,Inglês,P024,Extensivo A,Laboratório Inglês,60,online
L0001080,O20230097,2023,2023-07-16,Inglês,P024,Extensivo A,Revisão Inglês,90,Online
L0001081,O20230098,2023,2023-02-05,Filosofia,P028,Extensivo A,Laboratório Filosofia,50,Online
L0001082,O20230098,2023,2023-02-24,Filosofia,P028,Extensivo A,Revisão Filosofia,120,Online
L0001083,O20230098,2023,2023-03-10,Filosofia,P028,Extensivo A,Laboratório Filosofia,,online
L0001084,O20230098,2023,2023-03-27,Filosofia,P028,Extensivo A, Filosofia,50,Online
L0001085,O20230098,2023,2023-04-24,Filosofia,P028,Extensivo A,Laboratório Filosofia,50,Híbrido
L0001086,O20230098,2023,2023-04-20,Filosofia,P028,Extensivo A,Aula teórica Filosofia,50,online
L0001087,O20230098,2023,2023-05-28,Filosofia,P028,Extensivo A,Laboratório Filosofia,50,Online
L0001088,O20230098,2023,2023-05-01,Filosofia,P028,Extensivo A,Correção de simulado Filosofia,90,Híbrido
L0001089,O20230098,2023,2023-06-24,Filosofia,P028,Extensivo A, Filosofia,120,online
L0001090,O20230099,2023,2023-02-11,Sociologia,P033,Extensivo A, Sociologia,,Presencial
L0001091,O20230099,2023,2023-02-20,Sociologia,P033,Extensivo A,Resolução de questões Sociologia,75,Online
L0001092,O20230099,2023,2023-03-03,Sociologia,P033,Extensivo A,Resolução de questões Sociologia,75,
L0001093,O20230099,2023,2023-03-09,Sociologia,P033,Extensivo A,Laboratório Sociologia,,online
L0001094,O20230099,2023,2023-04-06,Sociologia,P033,Extensivo A, Sociologia,75,
L0001095,O20230099,2023,2023-04-01,Sociologia,P033,Extensivo A,Correção de simulado Sociologia,60,online
L0001096,O20230099,2023,2023-05-20,Sociologia,P033,Extensivo A,Aula teórica Sociologia,75,Online
L0001097,O20230099,2023,05-20-2023,Sociologia,P033,Extensivo A,Laboratório Sociologia,120,Híbrido
L0001098,O20230099,2023,2023-06-01,Sociologia,P033,Extensivo A,Correção de simulado Sociologia,75,Presencial
L0001099,O20230099,2023,2023-06-05,Sociologia,P033,Extensivo A,Aula teórica Sociologia,90,
L0001100,O20230099,2023,2023-07-04,Sociologia,P033,Extensivo A,Aula teórica Sociologia,60,online
L0001101,O20230099,2023,2023-07-18,Sociologia,P033,Extensivo A,Laboratório Sociologia,50,
L0001102,O20230099,2023,2023-08-07,Sociologia,P033,Extensivo A,Aula teórica Sociologia,60,
L0001103,O20230099,2023,2023-08-16,Sociologia,P033,Extensivo A,Resolução de questões Sociologia,,Híbrido
L0001104,O20230100,2023,2023-02-24,Matemática,P002,Extensivo B,Aula teórica Matemática,,Híbrido
L0001105,O20230100,2023,2023-02-18,Matemática,P002,Extensivo B,Resolução de questões Matemática,75,
L0001106,O20230100,2023,2023-03-09,Matemática,P002,Extensivo B, Matemática,75,Online
L0001107,O20230100,2023,2023-03-21,Matemática,P002,Extensivo B,Revisão Matemática,120,Híbrido
L0001108,O20230100,2023,2023-04-10,Matemática,P002,Extensivo B,Resolução de questões Matemática,90,
L0001109,O20230100,2023,2023-04-18,Matemática,P002,Extensivo B,Laboratório Matemática,120,Online
L0001110,O20230100,2023,2023-05-06,Matemática,P002,Extensivo B,Correção de simulado Matemática,60,Online
L0001111,O20230100,2023,2023-05-02,Matemática,P002,Extensivo B,Resolução de questões Matemática,,Online
L0001112,O20230100,2023,2023-06-14,Matemática,P002,Extensivo B,Revisão Matemática,50,Híbrido
L0001113,O20230101,2023,2023-02-22,Física,P007,Extensivo B,Revisão Física,90,online
L0001114,O20230101,2023,2023-02-06,Física,P007,Extensivo B,Resolução de questões Física,90,Presencial
L0001115,O20230101,2023,03-23-2023,Física,P007,Extensivo B,Resolução de questões Física,60,Presencial
L0001116,O20230101,2023,2023-03-16,Física,P007,Extensivo B,Aula teórica Física,,Híbrido
L0001117,O20230101,2023,2023-04-01,Física,P007,Extensivo B,Correção de simulado Física,75,Presencial
L0001118,O20230101,2023,2023-04-16,Física,P007,Extensivo B,Laboratório Física,75,
L0001119,O20230101,2023,2023-05-13,Física,P007,Extensivo B,Aula teórica Física,60,Híbrido
L0001120,O20230101,2023,2023-05-03,Física,P007,Extensivo B,Resolução de questões Física,60,Híbrido
L0001121,O20230101,2023,2023-06-09,Física,P007,Extensivo B,Laboratório Física,,Híbrido
L0001122,O20230101,2023,2023-06-25,Física,P007,Extensivo B,Correção de simulado Física,90,Online
L0001123,O20230102,2023,2023-02-19,Química,P008,Extensivo B, Química,,Híbrido
L0001124,O20230102,2023,2023-02-11,Química,P008,Extensivo B,Resolução de questões Química,75,Presencial
L0001125,O20230102,2023,2023-03-12,Química,P008,Extensivo B, Química,50,
L0001126,O20230102,2023,2023-03-18,Química,P008,Extensivo B,Aula teórica Química,50,
L0001127,O20230102,2023,2023-04-11,Química,P008,Extensivo B,Laboratório Química,60,Online
L0001128,O20230102,2023,2023-04-28,Química,P008,Extensivo B,Revisão Química,60,online
L0001129,O20230102,2023,2023-05-16,Química,P008,Extensivo B, Química,90,
L0001130,O20230102,2023,2023-05-07,Química,P008,Extensivo B,Revisão Química,75,Online
L0001131,O20230102,2023,2023-06-21,Química,P008,Extensivo B,Laboratório Química,,Online
L0001132,O20230102,2023,2023-06-13,Química,P008,Extensivo B,Correção de simulado Química,50,Online
L0001133,O20230102,2023,2023-07-13,Química,P008,Extensivo B, Química,75,online
L0001134,O20230102,2023,2023-07-02,Química,P008,Extensivo B,Correção de simulado Química,90,Online
L0001135,O20230102,2023,2023-08-15,Química,P008,Extensivo B,Laboratório Química,50,Presencial
L0001136,O20230102,2023,19/08/2023,Química,P008,Extensivo B,Laboratório Química,,Presencial
L0001137,O20230103,2023,2023-02-16,Biologia,P011,Extensivo B,Aula teórica Biologia,60,Híbrido
L0001138,O20230103,2023,2023-02-02,Biologia,P011,Extensivo B, Biologia,60,Presencial
L0001139,O20230103,2023,2023-03-13,Biologia,P011,Extensivo B,Correção de simulado Biologia,90,Presencial
L0001140,O20230103,2023,2023-03-27,Biologia,P011,Extensivo B,Resolução de questões Biologia,,online
L0001141,O20230103,2023,2023-04-11,Biologia,P011,Extensivo B,Aula teórica Biologia,,Híbrido
L0001142,O20230103,2023,2023-04-12,Biologia,P011,Extensivo B,Resolução de questões Biologia,,
L0001143,O20230103,2023,2023-05-25,Biologia,P011,Extensivo B,Revisão Biologia,120,Presencial
L0001144,O20230103,2023,2023-05-18,Biologia,P011,Extensivo B,Correção de simulado Biologia,120,Presencial
L0001145,O20230103,2023,2023-06-23,Biologia,P011,Extensivo B, Biologia,75,
L0001146,O20230103,2023,2023/06/05,Biologia,P011,Extensivo B, Biologia,50,
L0001147,O20230103,2023,2023-07-14,Biologia,P011,Extensivo B, Biologia,90,Online
L0001148,O20230103,2023,2023-07-16,Biologia,P011,Extensivo B,Revisão Biologia,,
L0001149,O20230103,2023,2023-08-23,Biologia,P011,Extensivo B,Laboratório Biologia,50,Online
L0001150,O20230103,2023,2023-08-15,Biologia,P011,Extensivo B,Aula teórica Biologia,75,
L0001151,O20230104,2023,2023-02-13,História,P014,Extensivo B,Aula teórica História,,Presencial
L0001152,O20230104,2023,2023-02-06,História,P014,Extensivo B,Laboratório História,60,
L0001153,O20230104,2023,2023-03-08,História,P014,Extensivo B, História,,online
L0001154,O20230104,2023,2023-03-09,História,P014,Extensivo B,Revisão História,90,online
L0001155,O20230104,2023,2023-04-17,História,P014,Extensivo B,Revisão História,,online
L0001156,O20230104,2023,2023-04-11,História,P014,Extensivo B,Revisão História,120,Online
L0001157,O20230104,2023,2023-05-14,História,P014,Extensivo B,Aula teórica História,50,Presencial
L0001158,O20230104,2023,2023-05-27,História,P014,Extensivo B,Aula teórica História,90,online
L0001159,O20230105,2023,2023-02-26,Geografia,P018,Extensivo B,Revisão Geografia,90,Híbrido
L0001160,O20230105,2023,2023-02-05,Geografia,P018,Extensivo B,Correção de simulado Geografia,50,Híbrido
L0001161,O20230105,2023,2023-03-10,Geografia,P018,Extensivo B,Resolução de questões Geografia,75,Presencial
L0001162,O20230105,2023,2023-03-26,Geografia,P018,Extensivo B,Laboratório Geografia,90,Presencial
L0001163,O20230105,2023,2023-04-23,Geografia,P018,Extensivo B, Geografia,,Online
L0001164,O20230105,2023,2023-04-04,Geografia,P018,Extensivo B,Revisão Geografia,60,
L0001165,O20230105,2023,2023-05-23,Geografia,P018,Extensivo B,Correção de simulado Geografia,60,Presencial
L0001166,O20230105,2023,2023-05-03,Geografia,P018,Extensivo B,Resolução de questões Geografia,75,online
L0001167,O20230105,2023,2023-06-05,Geografia,P018,Extensivo B,Laboratório Geografia,120,online
L0001168,O20230105,2023,2023-06-02,Geografia,P018,Extensivo B, Geografia,90,Híbrido
L0001169,O20230105,2023,2023-07-16,Geografia,P018,Extensivo B,Aula teórica Geografia,,
L0001170,O20230105,2023,2023-07-22,Geografia,P018,Extensivo B,Correção de simulado Geografia,60,Presencial
L0001171,O20230106,2023,2023-02-10,Português,P021,Extensivo B,Resolução de questões Português,90,Presencial
L0001172,O20230106,2023,2023-02-21,Português,P021,Extensivo B,Revisão Português,120,
L0001173,O20230106,2023,2023-03-05,Português,P021,Extensivo B,Laboratório Português,90,online
L0001174,O20230106,2023,2023-03-18,Português,P021,Extensivo B,Laboratório Português,60,online
L0001175,O20230106,2023,2023-04-13,Português,P021,Extensivo B,Aula teórica Português,120,Híbrido
L0001176,O20230106,2023,2023-04-04,Português,P021,Extensivo B,Correção de simulado Português,,Online
L0001177,O20230106,2023,2023-05-25,Português,P021,Extensivo B,Aula teórica Português,50,Online
L0001178,O20230106,2023,2023-05-08,Português,P021,Extensivo B,Resolução de questões Português,50,online
L0001179,O20230106,2023,2023-06-22,Português,P021,Extensivo B,Laboratório Português,50,Online
L0001180,O20230106,2023,2023-06-11,Português,P021,Extensivo B, Português,90,Presencial
L0001181,O20230106,2023,2023-07-26,Português,P021,Extensivo B,Resolução de questões Português,,Híbrido
L0001182,O20230106,2023,2023-07-11,Português,P021,Extensivo B,Resolução de questões Português,,Presencial
L0001183,O20230106,2023,2023-08-22,Português,P021,Extensivo B,Laboratório Português,,Presencial
L0001184,O20230106,2023,2023-08-01,Português,P021,Extensivo B,Resolução de questões Português,50,Presencial
L0001185,O20230107,2023,2023-02-10,Redação,P022,Extensivo B,Laboratório Redação,50,online
L0001186,O20230107,2023,2023-02-10,Redação,P022,Extensivo B,Aula teórica Redação,,Online
L0001187,O20230107,2023,2023-03-03,Redação,P022,Extensivo B,Revisão Redação,120,
L0001188,O20230107,2023,18/03/2023,Redação,P022,Extensivo B, Redação,90,Híbrido
L0001189,O20230107,2023,18/04/2023,Redação,P022,Extensivo B,Aula teórica Redação,,
L0001190,O20230107,2023,2023-04-26,Redação,P022,Extensivo B,Aula teórica Redação,50,online
L0001191,O20230107,2023,05-25-2023,Redação,P022,Extensivo B,Correção de simulado Redação,,
L0001192,O20230107,2023,2023-05-27,Redação,P022,Extensivo B, Redação,,
L0001193,O20230107,2023,2023-06-21,Redação,P022,Extensivo B,Aula teórica Redação,60,Online
L0001194,O20230107,2023,06-24-2023,Redação,P022,Extensivo B,Correção de simulado Redação,50,online
L0001195,O20230107,2023,2023-07-24,Redação,P022,Extensivo B,Aula teórica Redação,120,Presencial
L0001196,O20230108,2023,2023-02-27,Inglês,P026,Extensivo B,Correção de simulado Inglês,60,
L0001197,O20230108,2023,27/02/2023,Inglês,P026,Extensivo B,Aula teórica Inglês,90,online
L0001198,O20230108,2023,2023-03-11,Inglês,P026,Extensivo B,Laboratório Inglês,75,Presencial
L0001199,O20230108,2023,2023-03-25,Inglês,P026,Extensivo B, Inglês,,Presencial
L0001200,O20230108,2023,2023-04-02,Inglês,P026,Extensivo B,Correção de simulado Inglês,50,Online
L0001201,O20230108,2023,2023-04-21,Inglês,P026,Extensivo B,Revisão Inglês,,online
L0001202,O20230108,2023,2023-05-07,Inglês,P026,Extensivo B,Laboratório Inglês,75,online
L0001203,O20230108,2023,2023-05-21,Inglês,P026,Extensivo B,Aula teórica Inglês,60,Presencial
L0001204,O20230108,2023,2023-06-09,Inglês,P026,Extensivo B, Inglês,120,Híbrido
L0001205,O20230108,2023,2023-06-27,Inglês,P026,Extensivo B,Correção de simulado Inglês,60,Online
L0001206,O20230109,2023,2023-02-27,Filosofia,P029,Extensivo B,Correção de simulado Filosofia,90,Híbrido
L0001207,O20230109,2023,2023-02-13,Filosofia,P029,Extensivo B,Aula teórica Filosofia,50,Presencial
L0001208,O20230109,2023,2023-03-19,Filosofia,P029,Extensivo B,Correção de simulado Filosofia,60,Online
L0001209,O20230109,2023,2023-03-10,Filosofia,P029,Extensivo B,Aula teórica Filosofia,75,Híbrido
L0001210,O20230109,2023,2023-04-13,Filosofia,P029,Extensivo B,Resolução de questões Filosofia,60,Híbrido
L0001211,O20230109,2023,2023-04-24,Filosofia,P029,Extensivo B,Resolução de questões Filosofia,,
L0001212,O20230109,2023,2023-05-27,Filosofia,P029,Extensivo B,Laboratório Filosofia,75,Híbrido
L0001213,O20230109,2023,2023-05-11,Filosofia,P029,Extensivo B,Resolução de questões Filosofia,75,Online
L0001214,O20230110,2023,2023-02-22,Sociologia,P033,Extensivo B,Revisão Sociologia,90,
L0001215,O20230110,2023,2023-02-02,Sociologia,P033,Extensivo B,Resolução de questões Sociologia,75,online
L0001216,O20230110,2023,2023-03-19,Sociologia,P033,Extensivo B,Laboratório Sociologia,90,Presencial
L0001217,O20230110,2023,2023-03-25,Sociologia,P033,Extensivo B,Laboratório Sociologia,90,Presencial
L0001218,O20230110,2023,2023-04-13,Sociologia,P033,Extensivo B, Sociologia,120,Híbrido
L0001219,O20230110,2023,2023-04-08,Sociologia,P033,Extensivo B,Revisão Sociologia,,Online
L0001220,O20230110,2023,2023-05-17,Sociologia,P033,Extensivo B,Revisão Sociologia,90,Presencial
L0001221,O20230110,2023,2023-05-19,Sociologia,P033,Extensivo B,Laboratório Sociologia,50,
L0001222,O20230110,2023,2023-06-16,Sociologia,P033,Extensivo B,Correção de simulado Sociologia,50,Presencial
L0001223,O20230110,2023,2023-06-20,Sociologia,P033,Extensivo B,Revisão Sociologia,,Online
L0001224,O20230110,2023,20/07/2023,Sociologia,P033,Extensivo B, Sociologia,,Online
L0001225,O20230110,2023,2023-07-21,Sociologia,P033,Extensivo B, Sociologia,60,online
L0001226,O20230111,2023,2023-02-18,Matemática,P001,Intensivo ENEM,Revisão Matemática,120,
L0001227,O20230111,2023,2023-02-16,Matemática,P001,Intensivo ENEM,Aula teórica Matemática,75,
L0001228,O20230111,2023,2023-03-13,Matemática,P001,Intensivo ENEM,Laboratório Matemática,120,Online
L0001229,O20230111,2023,2023-03-28,Matemática,P001,Intensivo ENEM,Revisão Matemática,60,Presencial
L0001230,O20230111,2023,2023-04-28,Matemática,P001,Intensivo ENEM,Revisão Matemática,120,Presencial
L0001231,O20230111,2023,2023-04-25,Matemática,P001,Intensivo ENEM, Matemática,75,online
L0001232,O20230111,2023,2023-05-04,Matemática,P001,Intensivo ENEM,Laboratório Matemática,50,
L0001233,O20230111,2023,2023-05-13,Matemática,P001,Intensivo ENEM,Resolução de questões Matemática,90,online
L0001234,O20230111,2023,2023-06-17,Matemática,P001,Intensivo ENEM,Revisão Matemática,90,Presencial
L0001235,O20230111,2023,2023/06/04,Matemática,P001,Intensivo ENEM, Matemática,90,online
L0001236,O20230111,2023,2023-07-14,Matemática,P001,Intensivo ENEM,Correção de simulado Matemática,120,Presencial
L0001237,O20230111,2023,2023-07-06,Matemática,P001,Intensivo ENEM, Matemática,,Presencial
L0001238,O20230111,2023,2023-08-18,Matemática,P001,Intensivo ENEM,Revisão Matemática,,online
L0001239,O20230112,2023,2023-02-04,Física,P005,Intensivo ENEM,Revisão Física,60,Presencial
L0001240,O20230112,2023,2023-02-23,Física,P005,Intensivo ENEM,Correção de simulado Física,75,
L0001241,O20230112,2023,2023-03-17,Física,P005,Intensivo ENEM, Física,,Híbrido
L0001242,O20230112,2023,2023-03-24,Física,P005,Intensivo ENEM,Laboratório Física,75,Híbrido
L0001243,O20230112,2023,2023-04-26,Física,P005,Intensivo ENEM,Laboratório Física,,Online
L0001244,O20230112,2023,2023-04-03,Física,P005,Intensivo ENEM,Revisão Física,50,Híbrido
L0001245,O20230112,2023,2023-05-03,Física,P005,Intensivo ENEM,Aula teórica Física,90,online
L0001246,O20230112,2023,2023-05-15,Física,P005,Intensivo ENEM,Aula teórica Física,120,online
L0001247,O20230112,2023,2023-06-27,Física,P005,Intensivo ENEM,Revisão Física,120,Online
L0001248,O20230112,2023,2023-06-22,Física,P005,Intensivo ENEM,Resolução de questões Física,90,Presencial
L0001249,O20230113,2023,25/02/2023,Química,P008,Intensivo ENEM,Laboratório Química,50,Online
L0001250,O20230113,2023,2023-02-17,Química,P008,Intensivo ENEM,Correção de simulado Química,,Presencial
L0001251,O20230113,2023,03-21-2023,Química,P008,Intensivo ENEM,Resolução de questões Química,90,Online
L0001252,O20230113,2023,2023-03-26,Química,P008,Intensivo ENEM,Revisão Química,,online
L0001253,O20230113,2023,2023-04-18,Química,P008,Intensivo ENEM,Resolução de questões Química,50,Online
L0001254,O20230113,2023,2023-04-26,Química,P008,Intensivo ENEM,Laboratório Química,,online
L0001255,O20230113,2023,2023-05-06,Química,P008,Intensivo ENEM,Revisão Química,,online
L0001256,O20230113,2023,2023-05-18,Química,P008,Intensivo ENEM,Aula teórica Química,75,online
L0001257,O20230113,2023,2023-06-01,Química,P008,Intensivo ENEM,Resolução de questões Química,120,Online
L0001258,O20230113,2023,2023-06-16,Química,P008,Intensivo ENEM,Resolução de questões Química,,Híbrido
L0001259,O20230113,2023,2023-07-20,Química,P008,Intensivo ENEM,Laboratório Química,120,Presencial
L0001260,O20230113,2023,2023-07-09,Química,P008,Intensivo ENEM,Resolução de questões Química,75,online
L0001261,O20230114,2023,2023-02-27,Biologia,P010,Intensivo ENEM, Biologia,75,Presencial
L0001262,O20230114,2023,2023-02-10,Biologia,P010,Intensivo ENEM,Correção de simulado Biologia,90,online
L0001263,O20230114,2023,2023-03-07,Biologia,P010,Intensivo ENEM, Biologia,120,Presencial
L0001264,O20230114,2023,2023-03-01,Biologia,P010,Intensivo ENEM, Biologia,50,online
L0001265,O20230114,2023,2023-04-01,Biologia,P010,Intensivo ENEM,Revisão Biologia,90,online
L0001266,O20230114,2023,2023-04-27,Biologia,P010,Intensivo ENEM,Laboratório Biologia,90,Presencial
L0001267,O20230114,2023,2023-05-03,Biologia,P010,Intensivo ENEM, Biologia,75,Híbrido
L0001268,O20230114,2023,2023-05-09,Biologia,P010,Intensivo ENEM,Aula teórica Biologia,60,Online
L0001269,O20230115,2023,2023-02-14,História,P015,Intensivo ENEM,Laboratório História,,Online
L0001270,O20230115,2023,2023-02-14,História,P015,Intensivo ENEM,Aula teórica História,75,Presencial
L0001271,O20230115,2023,2023-03-08,História,P015,Intensivo ENEM,Resolução de questões História,75,Online
L0001272,O20230115,2023,2023-03-11,História,P015,Intensivo ENEM,Revisão História,50,Presencial
L0001273,O20230115,2023,2023-04-11,História,P015,Intensivo ENEM, História,90,
L0001274,O20230115,2023,2023-04-03,História,P015,Intensivo ENEM,Revisão História,120,
L0001275,O20230115,2023,2023-05-24,História,P015,Intensivo ENEM,Laboratório História,120,online
L0001276,O20230115,2023,05-09-2023,História,P015,Intensivo ENEM,Laboratório História,75,Online
L0001277,O20230116,2023,01/02/2023,Geografia,P016,Intensivo ENEM,Revisão Geografia,,online
L0001278,O20230116,2023,2023/02/26,Geografia,P016,Intensivo ENEM,Revisão Geografia,,Híbrido
L0001279,O20230116,2023,2023-03-07,Geografia,P016,Intensivo ENEM,Correção de simulado Geografia,50,Presencial
L0001280,O20230116,2023,2023-03-02,Geografia,P016,Intensivo ENEM,Laboratório Geografia,120,
L0001281,O20230116,2023,2023-04-17,Geografia,P016,Intensivo ENEM,Revisão Geografia,120,Online
L0001282,O20230116,2023,2023-04-03,Geografia,P016,Intensivo ENEM,Aula teórica Geografia,60,Online
L0001283,O20230116,2023,2023-05-12,Geografia,P016,Intensivo ENEM,Laboratório Geografia,120,Presencial
L0001284,O20230116,2023,2023-05-26,Geografia,P016,Intensivo ENEM,Laboratório Geografia,50,Híbrido
L0001285,O20230116,2023,2023-06-14,Geografia,P016,Intensivo ENEM,Revisão Geografia,60,Híbrido
L0001286,O20230116,2023,2023-06-07,Geografia,P016,Intensivo ENEM,Revisão Geografia,60,online
L0001287,O20230116,2023,2023-07-25,Geografia,P016,Intensivo ENEM,Aula teórica Geografia,60,online
L0001288,O20230116,2023,2023-07-27,Geografia,P016,Intensivo ENEM,Revisão Geografia,,
L0001289,O20230117,2023,11/02/2023,Português,P020,Intensivo ENEM,Aula teórica Português,90,
L0001290,O20230117,2023,2023-02-02,Português,P020,Intensivo ENEM,Correção de simulado Português,120,Online
L0001291,O20230117,2023,2023-03-07,Português,P020,Intensivo ENEM,Laboratório Português,50,
L0001292,O20230117,2023,20/03/2023,Português,P020,Intensivo ENEM,Revisão Português,75,online
L0001293,O20230117,2023,2023-04-11,Português,P020,Intensivo ENEM,Resolução de questões Português,75,
L0001294,O20230117,2023,2023-04-01,Português,P020,Intensivo ENEM, Português,75,Online
L0001295,O20230117,2023,2023-05-24,Português,P020,Intensivo ENEM,Correção de simulado Português,120,Híbrido
L0001296,O20230117,2023,2023-05-12,Português,P020,Intensivo ENEM,Resolução de questões Português,75,
L0001297,O20230118,2023,2023-02-27,Redação,P022,Intensivo ENEM,Resolução de questões Redação,50,Híbrido
L0001298,O20230118,2023,2023-02-14,Redação,P022,Intensivo ENEM,Correção de simulado Redação,50,Presencial
L0001299,O20230118,2023,2023-03-07,Redação,P022,Intensivo ENEM,Correção de simulado Redação,120,Presencial
L0001300,O20230118,2023,2023-03-28,Redação,P022,Intensivo ENEM, Redação,60,Presencial
L0001301,O20230118,2023,04-04-2023,Redação,P022,Intensivo ENEM,Laboratório Redação,60,Híbrido
L0001302,O20230118,2023,2023-04-13,Redação,P022,Intensivo ENEM, Redação,120,Híbrido
L0001303,O20230118,2023,2023-05-14,Redação,P022,Intensivo ENEM, Redação,75,Online
L0001304,O20230118,2023,2023/05/18,Redação,P022,Intensivo ENEM, Redação,120,
L0001305,O20230118,2023,2023/06/13,Redação,P022,Intensivo ENEM, Redação,120,online
L0001306,O20230118,2023,2023-06-09,Redação,P022,Intensivo ENEM,Aula teórica Redação,60,Híbrido
L0001307,O20230119,2023,2023-02-26,Ingles,P025,Intensivo ENEM,Aula teórica Inglês,60,Híbrido
L0001308,O20230119,2023,2023-02-16,Ingles,P025,Intensivo ENEM, Inglês,90,
L0001309,O20230119,2023,2023-03-13,Ingles,P025,Intensivo ENEM,Aula teórica Inglês,120,Híbrido
L0001310,O20230119,2023,13/03/2023,Ingles,P025,Intensivo ENEM,Aula teórica Inglês,75,
L0001311,O20230119,2023,2023-04-10,Ingles,P025,Intensivo ENEM,Correção de simulado Inglês,50,Presencial
L0001312,O20230119,2023,2023-04-19,Ingles,P025,Intensivo ENEM,Revisão Inglês,60,Híbrido
L0001313,O20230119,2023,2023-05-13,Ingles,P025,Intensivo ENEM,Revisão Inglês,120,
L0001314,O20230119,2023,2023-05-28,Ingles,P025,Intensivo ENEM,Laboratório Inglês,120,Presencial
L0001315,O20230119,2023,2023-06-17,Ingles,P025,Intensivo ENEM,Aula teórica Inglês,,Online
L0001316,O20230119,2023,2023-06-27,Ingles,P025,Intensivo ENEM,Laboratório Inglês,120,Online
L0001317,O20230119,2023,2023-07-15,Ingles,P025,Intensivo ENEM, Inglês,75,Híbrido
L0001318,O20230119,2023,2023-07-16,Ingles,P025,Intensivo ENEM, Inglês,,Híbrido
L0001319,O20230119,2023,2023-08-05,Ingles,P025,Intensivo ENEM,Revisão Inglês,90,Híbrido
L0001320,O20230120,2023,2023-02-07,Filosofia,P030,Intensivo ENEM, Filosofia,60,Presencial
L0001321,O20230120,2023,2023-02-28,Filosofia,P030,Intensivo ENEM,Revisão Filosofia,90,Presencial
L0001322,O20230120,2023,2023-03-25,Filosofia,P030,Intensivo ENEM,Resolução de questões Filosofia,,Presencial
L0001323,O20230120,2023,2023-03-22,Filosofia,P030,Intensivo ENEM,Revisão Filosofia,,online
L0001324,O20230120,2023,2023-04-13,Filosofia,P030,Intensivo ENEM,Correção de simulado Filosofia,90,online
L0001325,O20230120,2023,2023-04-28,Filosofia,P030,Intensivo ENEM, Filosofia,60,
L0001326,O20230120,2023,2023-05-23,Filosofia,P030,Intensivo ENEM, Filosofia,50,Híbrido
L0001327,O20230120,2023,2023-05-18,Filosofia,P030,Intensivo ENEM,Revisão Filosofia,60,online
L0001328,O20230120,2023,2023-06-07,Filosofia,P030,Intensivo ENEM,Correção de simulado Filosofia,90,Híbrido
L0001329,O20230120,2023,2023-06-15,Filosofia,P030,Intensivo ENEM,Resolução de questões Filosofia,50,
L0001330,O20230121,2023,2023-02-19,Sociologia,P032,Intensivo ENEM,Laboratório Sociologia,60,online
L0001331,O20230121,2023,2023-02-19,Sociologia,P032,Intensivo ENEM,Aula teórica Sociologia,75,Online
L0001332,O20230121,2023,2023-03-01,Sociologia,P032,Intensivo ENEM,Aula teórica Sociologia,60,Presencial
L0001333,O20230121,2023,2023-03-22,Sociologia,P032,Intensivo ENEM,Laboratório Sociologia,50,
L0001334,O20230121,2023,2023-04-18,Sociologia,P032,Intensivo ENEM, Sociologia,,Online
L0001335,O20230121,2023,2023-04-18,Sociologia,P032,Intensivo ENEM, Sociologia,75,Híbrido
L0001336,O20230121,2023,2023-05-21,Sociologia,P032,Intensivo ENEM,Laboratório Sociologia,75,Presencial
L0001337,O20230121,2023,05-20-2023,Sociologia,P032,Intensivo ENEM, Sociologia,90,
L0001338,O20230121,2023,2023-06-15,Sociologia,P032,Intensivo ENEM,Resolução de questões Sociologia,120,online
L0001339,O20230121,2023,2023-06-23,Sociologia,P032,Intensivo ENEM,Laboratório Sociologia,75,
L0001340,O20230121,2023,2023-07-09,Sociologia,P032,Intensivo ENEM,Laboratório Sociologia,120,Online
L0001341,O20230121,2023,07-18-2023,Sociologia,P032,Intensivo ENEM,Revisão Sociologia,60,Presencial
L0001342,O20230121,2023,2023-08-24,Sociologia,P032,Intensivo ENEM, Sociologia,50,Híbrido
L0001343,O20230121,2023,2023/08/15,Sociologia,P032,Intensivo ENEM,Revisão Sociologia,60,
L0001344,O20230122,2023,2023-02-10,Matemática,P003,Revisão Final,Resolução de questões Matemática,,Presencial
L0001345,O20230122,2023,2023-02-22,Matemática,P003,Revisão Final,Revisão Matemática,60,Online
L0001346,O20230122,2023,2023-03-21,Matemática,P003,Revisão Final, Matemática,60,Presencial
L0001347,O20230122,2023,2023-03-22,Matemática,P003,Revisão Final,Aula teórica Matemática,60,
L0001348,O20230122,2023,2023-04-04,Matemática,P003,Revisão Final,Revisão Matemática,75,Presencial
L0001349,O20230122,2023,2023-04-15,Matemática,P003,Revisão Final,Laboratório Matemática,75,Online
L0001350,O20230122,2023,2023-05-28,Matemática,P003,Revisão Final,Revisão Matemática,50,online
L0001351,O20230122,2023,2023-05-04,Matemática,P003,Revisão Final,Correção de simulado Matemática,,
L0001352,O20230123,2023,2023-02-15,Física,P007,Revisão Final,Laboratório Física,90,Online
L0001353,O20230123,2023,2023-02-25,Física,P007,Revisão Final, Física,50,Híbrido
L0001354,O20230123,2023,2023-03-13,Física,P007,Revisão Final,Revisão Física,75,online
L0001355,O20230123,2023,2023-03-01,Física,P007,Revisão Final, Física,60,online
L0001356,O20230123,2023,2023-04-03,Física,P007,Revisão Final, Física,90,
L0001357,O20230123,2023,2023-04-21,Física,P007,Revisão Final,Resolução de questões Física,,Presencial
L0001358,O20230123,2023,2023-05-25,Física,P007,Revisão Final,Revisão Física,60,Híbrido
L0001359,O20230123,2023,2023-05-11,Física,P007,Revisão Final, Física,,
L0001360,O20230123,2023,2023-06-23,Física,P007,Revisão Final,Laboratório Física,50,Online
L0001361,O20230124,2023,2023-02-04,Química,P009,Revisão Final,Correção de simulado Química,120,
L0001362,O20230124,2023,2023-02-08,Química,P009,Revisão Final, Química,75,
L0001363,O20230124,2023,2023-03-27,Química,P009,Revisão Final,Resolução de questões Química,50,Presencial
L0001364,O20230124,2023,2023-03-14,Química,P009,Revisão Final,Laboratório Química,60,Híbrido
L0001365,O20230124,2023,2023-04-11,Química,P009,Revisão Final,Correção de simulado Química,90,online
L0001366,O20230124,2023,04-05-2023,Química,P009,Revisão Final,Revisão Química,90,online
L0001367,O20230124,2023,2023-05-26,Química,P009,Revisão Final,Laboratório Química,120,online
L0001368,O20230124,2023,2023-05-25,Química,P009,Revisão Final,Revisão Química,75,online
L0001369,O20230124,2023,2023-06-10,Química,P009,Revisão Final,Correção de simulado Química,50,
L0001370,O20230124,2023,2023-06-15,Química,P009,Revisão Final,Resolução de questões Química,50,online
L0001371,O20230124,2023,2023-07-06,Química,P009,Revisão Final,Laboratório Química,90,online
L0001372,O20230124,2023,2023-07-07,Química,P009,Revisão Final,Revisão Química,90,Híbrido
L0001373,O20230124,2023,2023-08-16,Química,P009,Revisão Final,Laboratório Química,75,online
L0001374,O20230124,2023,16/08/2023,Química,P009,Revisão Final,Correção de simulado Química,,online
L0001375,O20230125,2023,2023-02-14,Biologia,P012,Revisão Final,Resolução de questões Biologia,50,Híbrido
L0001376,O20230125,2023,2023-02-07,Biologia,P012,Revisão Final,Correção de simulado Biologia,50,Online
L0001377,O20230125,2023,2023-03-20,Biologia,P012,Revisão Final,Correção de simulado Biologia,120,Presencial
L0001378,O20230125,2023,2023-03-14,Biologia,P012,Revisão Final, Biologia,90,
L0001379,O20230125,2023,2023-04-15,Biologia,P012,Revisão Final,Revisão Biologia,60,
L0001380,O20230125,2023,2023/04/17,Biologia,P012,Revisão Final,Laboratório Biologia,,Presencial
L0001381,O20230125,2023,2023-05-05,Biologia,P012,Revisão Final,Revisão Biologia,75,
L0001382,O20230125,2023,2023-05-04,Biologia,P012,Revisão Final, Biologia,60,Presencial
L0001383,O20230125,2023,2023-06-16,Biologia,P012,Revisão Final,Resolução de questões Biologia,75,
L0001384,O20230125,2023,2023-06-14,Biologia,P012,Revisão Final,Aula teórica Biologia,60,Presencial
L0001385,O20230125,2023,2023-07-03,Biologia,P012,Revisão Final,Laboratório Biologia,90,Online
L0001386,O20230125,2023,2023-07-12,Biologia,P012,Revisão Final,Laboratório Biologia,50,Híbrido
L0001387,O20230125,2023,2023-08-09,Biologia,P012,Revisão Final,Resolução de questões Biologia,60,
L0001388,O20230125,2023,2023-08-25,Biologia,P012,Revisão Final,Laboratório Biologia,90,Online
L0001389,O20230126,2023,2023-02-17,História,P015,Revisão Final,Correção de simulado História,75,
L0001390,O20230126,2023,2023-02-18,História,P015,Revisão Final,Resolução de questões História,75,Online
L0001391,O20230126,2023,2023-03-26,História,P015,Revisão Final,Laboratório História,120,Online
L0001392,O20230126,2023,2023-03-12,História,P015,Revisão Final, História,60,online
L0001393,O20230126,2023,2023-04-20,História,P015,Revisão Final,Revisão História,60,online
L0001394,O20230126,2023,2023-04-24,História,P015,Revisão Final,Aula teórica História,50,Híbrido
L0001395,O20230126,2023,2023-05-27,História,P015,Revisão Final,Laboratório História,60,Presencial
L0001396,O20230126,2023,2023-05-26,História,P015,Revisão Final,Correção de simulado História,90,Presencial
L0001397,O20230126,2023,2023-06-25,História,P015,Revisão Final,Aula teórica História,120,Híbrido
L0001398,O20230126,2023,2023-06-25,História,P015,Revisão Final, História,90,online
L0001399,O20230126,2023,2023-07-09,História,P015,Revisão Final,Laboratório História,90,Online
L0001400,O20230126,2023,2023-07-14,História,P015,Revisão Final,Revisão História,90,Híbrido
L0001401,O20230127,2023,2023-02-24,Geografia,P017,Revisão Final, Geografia,60,
L0001402,O20230127,2023,2023-02-03,Geografia,P017,Revisão Final,Correção de simulado Geografia,50,online
L0001403,O20230127,2023,2023-03-01,Geografia,P017,Revisão Final, Geografia,,Híbrido
L0001404,O20230127,2023,2023-03-14,Geografia,P017,Revisão Final,Laboratório Geografia,,online
L0001405,O20230127,2023,2023-04-21,Geografia,P017,Revisão Final,Revisão Geografia,90,
L0001406,O20230127,2023,2023-04-20,Geografia,P017,Revisão Final,Correção de simulado Geografia,50,Híbrido
L0001407,O20230127,2023,2023-05-06,Geografia,P017,Revisão Final,Revisão Geografia,120,online
L0001408,O20230127,2023,2023/05/03,Geografia,P017,Revisão Final,Correção de simulado Geografia,90,
L0001409,O20230127,2023,2023-06-06,Geografia,P017,Revisão Final,Revisão Geografia,50,online
L0001410,O20230127,2023,2023-06-25,Geografia,P017,Revisão Final,Laboratório Geografia,120,
L0001411,O20230128,2023,2023-02-27,Português,P021,Revisão Final,Correção de simulado Português,50,Online
L0001412,O20230128,2023,2023-02-07,Português,P021,Revisão Final,Resolução de questões Português,50,
L0001413,O20230128,2023,2023-03-08,Português,P021,Revisão Final, Português,75,online
L0001414,O20230128,2023,2023-03-04,Português,P021,Revisão Final,Correção de simulado Português,120,Híbrido
L0001415,O20230128,2023,2023-04-18,Português,P021,Revisão Final,Aula teórica Português,50,Híbrido
L0001416,O20230128,2023,2023-04-14,Português,P021,Revisão Final,Laboratório Português,50,Híbrido
L0001417,O20230128,2023,2023-05-15,Português,P021,Revisão Final,Correção de simulado Português,60,Presencial
L0001418,O20230128,2023,2023-05-27,Português,P021,Revisão Final,Correção de simulado Português,120,online
L0001419,O20230129,2023,2023-02-11,Redação,P023,Revisão Final,Resolução de questões Redação,75,Presencial
L0001420,O20230129,2023,2023-02-02,Redação,P023,Revisão Final,Revisão Redação,120,
L0001421,O20230129,2023,2023-03-04,Redação,P023,Revisão Final,Correção de simulado Redação,,Presencial
L0001422,O20230129,2023,16/03/2023,Redação,P023,Revisão Final,Revisão Redação,50,Online
L0001423,O20230129,2023,2023-04-08,Redação,P023,Revisão Final,Resolução de questões Redação,120,Presencial
L0001424,O20230129,2023,2023-04-28,Redação,P023,Revisão Final,Aula teórica Redação,75,Presencial
L0001425,O20230129,2023,2023-05-25,Redação,P023,Revisão Final,Aula teórica Redação,75,Online
L0001426,O20230129,2023,2023-05-15,Redação,P023,Revisão Final, Redação,60,online
L0001427,O20230129,2023,2023-06-23,Redação,P023,Revisão Final, Redação,75,Presencial
L0001428,O20230129,2023,2023-06-13,Redação,P023,Revisão Final,Laboratório Redação,90,
L0001429,O20230129,2023,2023-07-17,Redação,P023,Revisão Final,Aula teórica Redação,60,
L0001430,O20230130,2023,02-25-2023,Inglês,P026,Revisão Final,Revisão Inglês,60,Online
L0001431,O20230130,2023,2023-02-20,Inglês,P026,Revisão Final,Correção de simulado Inglês,90,Presencial
L0001432,O20230130,2023,2023-03-03,Inglês,P026,Revisão Final,Resolução de questões Inglês,50,Híbrido
L0001433,O20230130,2023,2023-03-18,Inglês,P026,Revisão Final,Correção de simulado Inglês,,
L0001434,O20230130,2023,2023-04-28,Inglês,P026,Revisão Final, Inglês,60,
L0001435,O20230130,2023,2023-04-08,Inglês,P026,Revisão Final,Revisão Inglês,60,Online
L0001436,O20230130,2023,2023-05-02,Inglês,P026,Revisão Final,Laboratório Inglês,60,Híbrido
L0001437,O20230130,2023,2023-05-06,Inglês,P026,Revisão Final,Laboratório Inglês,120,online
L0001438,O20230130,2023,2023-06-09,Inglês,P026,Revisão Final,Revisão Inglês,120,online
L0001439,O20230130,2023,2023-06-02,Inglês,P026,Revisão Final,Resolução de questões Inglês,50,Presencial
L0001440,O20230130,2023,2023-07-18,Inglês,P026,Revisão Final,Resolução de questões Inglês,90,Híbrido
L0001441,O20230131,2023,2023-02-21,Filosofia,P030,Revisão Final,Correção de simulado Filosofia,60,online
L0001442,O20230131,2023,2023-02-26,Filosofia,P030,Revisão Final,Laboratório Filosofia,120,online
L0001443,O20230131,2023,2023-03-14,Filosofia,P030,Revisão Final,Resolução de questões Filosofia,90,Presencial
L0001444,O20230131,2023,03-02-2023,Filosofia,P030,Revisão Final,Resolução de questões Filosofia,,Híbrido
L0001445,O20230131,2023,2023-04-04,Filosofia,P030,Revisão Final,Aula teórica Filosofia,90,online
L0001446,O20230131,2023,2023-04-16,Filosofia,P030,Revisão Final, Filosofia,,Presencial
L0001447,O20230131,2023,2023-05-24,Filosofia,P030,Revisão Final,Resolução de questões Filosofia,,
L0001448,O20230131,2023,2023-05-19,Filosofia,P030,Revisão Final,Resolução de questões Filosofia,120,Híbrido
L0001449,O20230131,2023,2023-06-26,Filosofia,P030,Revisão Final, Filosofia,,Presencial
L0001450,O20230131,2023,2023-06-26,Filosofia,P030,Revisão Final,Laboratório Filosofia,90,Híbrido
L0001451,O20230132,2023,2023-02-03,Sociologia,P033,Revisão Final,Aula teórica Sociologia,120,online
L0001452,O20230132,2023,2023-02-13,Sociologia,P033,Revisão Final,Aula teórica Sociologia,120,Presencial
L0001453,O20230132,2023,2023-03-14,Sociologia,P033,Revisão Final,Correção de simulado Sociologia,90,Híbrido
L0001454,O20230132,2023,2023-03-15,Sociologia,P033,Revisão Final,Correção de simulado Sociologia,120,
L0001455,O20230132,2023,2023-04-14,Sociologia,P033,Revisão Final,Resolução de questões Sociologia,75,Presencial
L0001456,O20230132,2023,2023-04-16,Sociologia,P033,Revisão Final, Sociologia,75,Online
L0001457,O20230132,2023,2023-05-01,Sociologia,P033,Revisão Final,Laboratório Sociologia,60,Presencial
L0001458,O20230132,2023,2023-05-24,Sociologia,P033,Revisão Final, Sociologia,50,online
L0001459,O20230132,2023,2023-06-08,Sociologia,P033,Revisão Final, Sociologia,90,Online
L0001460,O20230132,2023,2023-06-04,Sociologia,P033,Revisão Final,Laboratório Sociologia,75,online
L0001461,O20230132,2023,2023-07-03,Sociologia,P033,Revisão Final,Laboratório Sociologia,90,Híbrido
L0001462,O20230132,2023,2023-07-08,Sociologia,P033,Revisão Final,Resolução de questões Sociologia,50,Presencial
L0001463,O20240133,2024,2024/02/27,Matemática,P002,Extensivo A,Laboratório Matemática,50,Híbrido
L0001464,O20240133,2024,2024-02-05,Matemática,P002,Extensivo A,Resolução de questões Matemática,60,Online
L0001465,O20240133,2024,2024-03-11,Matemática,P002,Extensivo A,Aula teórica Matemática,60,Híbrido
L0001466,O20240133,2024,2024-03-22,Matemática,P002,Extensivo A,Revisão Matemática,120,Híbrido
L0001467,O20240133,2024,2024-04-25,Matemática,P002,Extensivo A,Laboratório Matemática,120,Online
L0001468,O20240133,2024,2024-04-09,Matemática,P002,Extensivo A,Laboratório Matemática,50,Presencial
L0001469,O20240133,2024,05-05-2024,Matemática,P002,Extensivo A,Revisão Matemática,120,online
L0001470,O20240133,2024,2024-05-27,Matemática,P002,Extensivo A,Aula teórica Matemática,75,
L0001471,O20240133,2024,2024/06/15,Matemática,P002,Extensivo A, Matemática,120,online
L0001472,O20240133,2024,2024-06-26,Matemática,P002,Extensivo A,Laboratório Matemática,75,Presencial
L0001473,O20240133,2024,2024-07-13,Matemática,P002,Extensivo A,Aula teórica Matemática,120,Online
L0001474,O20240133,2024,2024-07-28,Matemática,P002,Extensivo A,Aula teórica Matemática,120,Online
L0001475,O20240133,2024,2024-08-01,Matemática,P002,Extensivo A,Resolução de questões Matemática,50,Online
L0001476,O20240134,2024,2024-02-10,Física,P005,Extensivo A,Revisão Física,90,Online
L0001477,O20240134,2024,2024-02-22,Física,P005,Extensivo A,Revisão Física,60,Online
L0001478,O20240134,2024,2024-03-11,Física,P005,Extensivo A,Revisão Física,90,Presencial
L0001479,O20240134,2024,2024/03/12,Física,P005,Extensivo A,Correção de simulado Física,75,
L0001480,O20240134,2024,2024-04-11,Física,P005,Extensivo A,Correção de simulado Física,50,Híbrido
L0001481,O20240134,2024,2024-04-26,Física,P005,Extensivo A,Aula teórica Física,50,Híbrido
L0001482,O20240134,2024,2024-05-18,Física,P005,Extensivo A,Revisão Física,60,
L0001483,O20240134,2024,05-16-2024,Física,P005,Extensivo A,Correção de simulado Física,50,online
L0001484,O20240135,2024,2024-02-03,Química,P009,Extensivo A,Resolução de questões Química,90,Híbrido
L0001485,O20240135,2024,2024-02-27,Química,P009,Extensivo A,Revisão Química,50,online
L0001486,O20240135,2024,2024-03-20,Química,P009,Extensivo A,Correção de simulado Química,50,
L0001487,O20240135,2024,2024-03-20,Química,P009,Extensivo A,Laboratório Química,,
L0001488,O20240135,2024,2024-04-19,Química,P009,Extensivo A,Correção de simulado Química,,
L0001489,O20240135,2024,2024-04-22,Química,P009,Extensivo A,Aula teórica Química,,
L0001490,O20240135,2024,2024-05-22,Química,P009,Extensivo A,Correção de simulado Química,120,
L0001491,O20240135,2024,2024-05-03,Química,P009,Extensivo A,Revisão Química,75,Híbrido
L0001492,O20240135,2024,2024-06-26,Química,P009,Extensivo A,Revisão Química,,Presencial
L0001493,O20240135,2024,2024-06-06,Química,P009,Extensivo A,Laboratório Química,75,Online
L0001494,O20240135,2024,2024-07-21,Química,P009,Extensivo A, Química,,Online
L0001495,O20240136,2024,2024-02-26,Biologia,P011,Extensivo A,Resolução de questões Biologia,90,online
L0001496,O20240136,2024,02-05-2024,Biologia,P011,Extensivo A,Aula teórica Biologia,60,Híbrido
L0001497,O20240136,2024,2024-03-23,Biologia,P011,Extensivo A, Biologia,50,Online
L0001498,O20240136,2024,2024-03-25,Biologia,P011,Extensivo A,Aula teórica Biologia,90,online
L0001499,O20240136,2024,2024-04-09,Biologia,P011,Extensivo A, Biologia,,
L0001500,O20240136,2024,2024-04-22,Biologia,P011,Extensivo A,Revisão Biologia,120,Híbrido
L0001501,O20240136,2024,2024/05/14,Biologia,P011,Extensivo A,Revisão Biologia,,Presencial
L0001502,O20240136,2024,2024-05-23,Biologia,P011,Extensivo A,Resolução de questões Biologia,90,
L0001503,O20240136,2024,09/06/2024,Biologia,P011,Extensivo A,Laboratório Biologia,120,
L0001504,O20240136,2024,07/06/2024,Biologia,P011,Extensivo A,Laboratório Biologia,50,Híbrido
L0001505,O20240136,2024,2024-07-06,Biologia,P011,Extensivo A, Biologia,60,online
L0001506,O20240137,2024,2024-02-20,História,P015,Extensivo A, História,90,Híbrido
L0001507,O20240137,2024,2024-02-27,História,P015,Extensivo A,Correção de simulado História,,Híbrido
L0001508,O20240137,2024,2024-03-26,História,P015,Extensivo A,Laboratório História,90,Presencial
L0001509,O20240137,2024,2024-03-14,História,P015,Extensivo A,Resolução de questões História,50,Online
L0001510,O20240137,2024,2024-04-19,História,P015,Extensivo A,Laboratório História,90,online
L0001511,O20240137,2024,2024-04-10,História,P015,Extensivo A,Aula teórica História,60,
L0001512,O20240137,2024,2024-05-15,História,P015,Extensivo A,Revisão História,90,Híbrido
L0001513,O20240137,2024,2024-05-27,História,P015,Extensivo A,Resolução de questões História,90,online
L0001514,O20240137,2024,2024-06-09,História,P015,Extensivo A,Aula teórica História,50,online
L0001515,O20240137,2024,2024-06-19,História,P015,Extensivo A,Aula teórica História,,Híbrido
L0001516,O20240137,2024,2024-07-15,História,P015,Extensivo A,Revisão História,90,Online
L0001517,O20240137,2024,2024-07-07,História,P015,Extensivo A,Resolução de questões História,60,online
L0001518,O20240137,2024,2024-08-05,História,P015,Extensivo A,Revisão História,60,
L0001519,O20240138,2024,2024-02-09,Geografia,P016,Extensivo A, Geografia,60,Online
L0001520,O20240138,2024,2024-02-08,Geografia,P016,Extensivo A,Revisão Geografia,50,online
L0001521,O20240138,2024,2024-03-08,Geografia,P016,Extensivo A,Correção de simulado Geografia,,Híbrido
L0001522,O20240138,2024,2024-03-28,Geografia,P016,Extensivo A, Geografia,75,
L0001523,O20240138,2024,15/04/2024,Geografia,P016,Extensivo A, Geografia,120,Presencial
L0001524,O20240138,2024,2024-04-23,Geografia,P016,Extensivo A,Revisão Geografia,,Presencial
L0001525,O20240138,2024,2024-05-11,Geografia,P016,Extensivo A,Resolução de questões Geografia,50,
L0001526,O20240138,2024,2024-05-05,Geografia,P016,Extensivo A,Correção de simulado Geografia,,Online
L0001527,O20240138,2024,2024-06-22,Geografia,P016,Extensivo A,Resolução de questões Geografia,90,Presencial
L0001528,O20240138,2024,2024-06-13,Geografia,P016,Extensivo A, Geografia,75,online
L0001529,O20240138,2024,2024-07-27,Geografia,P016,Extensivo A,Correção de simulado Geografia,90,
L0001530,O20240138,2024,2024-07-27,Geografia,P016,Extensivo A,Aula teórica Geografia,90,
L0001531,O20240139,2024,2024-02-16,Português,P020,Extensivo A,Resolução de questões Português,50,Presencial
L0001532,O20240139,2024,2024-02-22,Português,P020,Extensivo A,Resolução de questões Português,120,Híbrido
L0001533,O20240139,2024,2024-03-04,Português,P020,Extensivo A,Correção de simulado Português,120,online
L0001534,O20240139,2024,2024-03-09,Português,P020,Extensivo A,Revisão Português,,Híbrido
L0001535,O20240139,2024,2024-04-06,Português,P020,Extensivo A,Resolução de questões Português,120,
L0001536,O20240139,2024,2024-04-01,Português,P020,Extensivo A,Revisão Português,90,online
L0001537,O20240139,2024,2024-05-06,Português,P020,Extensivo A,Revisão Português,90,Híbrido
L0001538,O20240139,2024,2024-05-14,Português,P020,Extensivo A,Revisão Português,120,Presencial
L0001539,O20240139,2024,2024-06-20,Português,P020,Extensivo A,Correção de simulado Português,75,Online
L0001540,O20240139,2024,2024-06-22,Português,P020,Extensivo A,Laboratório Português,75,
L0001541,O20240139,2024,2024/07/19,Português,P020,Extensivo A,Aula teórica Português,50,Presencial
L0001542,O20240140,2024,2024-02-19,Redação,P022,Extensivo A,Laboratório Redação,50,Híbrido
L0001543,O20240140,2024,2024-02-24,Redação,P022,Extensivo A,Laboratório Redação,120,Online
L0001544,O20240140,2024,2024-03-21,Redação,P022,Extensivo A,Resolução de questões Redação,90,Híbrido
L0001545,O20240140,2024,2024-03-27,Redação,P022,Extensivo A,Correção de simulado Redação,,
L0001546,O20240140,2024,2024-04-17,Redação,P022,Extensivo A,Laboratório Redação,60,Online
L0001547,O20240140,2024,2024-04-15,Redação,P022,Extensivo A,Revisão Redação,75,online
L0001548,O20240140,2024,2024-05-02,Redação,P022,Extensivo A,Revisão Redação,,Híbrido
L0001549,O20240140,2024,2024-05-19,Redação,P022,Extensivo A,Laboratório Redação,50,Presencial
L0001550,O20240140,2024,2024-06-04,Redação,P022,Extensivo A,Correção de simulado Redação,50,online
L0001551,O20240140,2024,2024-06-16,Redação,P022,Extensivo A,Correção de simulado Redação,,Presencial
L0001552,O20240140,2024,2024-07-07,Redação,P022,Extensivo A,Resolução de questões Redação,60,Online
L0001553,O20240140,2024,2024-07-20,Redação,P022,Extensivo A,Correção de simulado Redação,75,Online
L0001554,O20240140,2024,2024-08-02,Redação,P022,Extensivo A,Resolução de questões Redação,,online
L0001555,O20240140,2024,2024-08-11,Redação,P022,Extensivo A,Aula teórica Redação,75,
L0001556,O20240141,2024,2024-02-18,Inglês,P025,Extensivo A, Inglês,75,Presencial
L0001557,O20240141,2024,2024-02-17,Inglês,P025,Extensivo A,Correção de simulado Inglês,50,Online
L0001558,O20240141,2024,2024-03-11,Inglês,P025,Extensivo A,Laboratório Inglês,90,
L0001559,O20240141,2024,2024-03-11,Inglês,P025,Extensivo A,Correção de simulado Inglês,50,Online
L0001560,O20240141,2024,2024-04-27,Inglês,P025,Extensivo A,Aula teórica Inglês,120,online
L0001561,O20240141,2024,2024-04-03,Inglês,P025,Extensivo A,Revisão Inglês,120,Presencial
L0001562,O20240141,2024,2024-05-13,Inglês,P025,Extensivo A,Resolução de questões Inglês,75,Híbrido
L0001563,O20240141,2024,2024-05-18,Inglês,P025,Extensivo A,Aula teórica Inglês,120,Presencial
L0001564,O20240141,2024,2024-06-05,Inglês,P025,Extensivo A,Correção de simulado Inglês,50,Híbrido
L0001565,O20240141,2024,2024-06-11,Inglês,P025,Extensivo A,Revisão Inglês,120,Online
L0001566,O20240141,2024,2024-07-06,Inglês,P025,Extensivo A,Laboratório Inglês,50,online
L0001567,O20240142,2024,2024-02-21,Filosofia,P028,Extensivo A,Correção de simulado Filosofia,,Online
L0001568,O20240142,2024,2024-02-12,Filosofia,P028,Extensivo A,Laboratório Filosofia,60,Híbrido
L0001569,O20240142,2024,2024-03-14,Filosofia,P028,Extensivo A, Filosofia,75,online
L0001570,O20240142,2024,2024-03-22,Filosofia,P028,Extensivo A,Resolução de questões Filosofia,120,Presencial
L0001571,O20240142,2024,2024-04-14,Filosofia,P028,Extensivo A, Filosofia,60,Online
L0001572,O20240142,2024,2024-04-23,Filosofia,P028,Extensivo A,Laboratório Filosofia,,online
L0001573,O20240142,2024,2024-05-27,Filosofia,P028,Extensivo A, Filosofia,,online
L0001574,O20240142,2024,2024-05-01,Filosofia,P028,Extensivo A,Aula teórica Filosofia,50,Presencial
L0001575,O20240142,2024,2024-06-23,Filosofia,P028,Extensivo A,Correção de simulado Filosofia,60,Híbrido
L0001576,O20240142,2024,2024-06-06,Filosofia,P028,Extensivo A, Filosofia,120,Online
L0001577,O20240142,2024,2024-07-14,Filosofia,P028,Extensivo A,Revisão Filosofia,75,
L0001578,O20240142,2024,2024-07-24,Filosofia,P028,Extensivo A,Laboratório Filosofia,50,Presencial
L0001579,O20240143,2024,2024-02-27,Sociologia,P032,Extensivo A,Revisão Sociologia,120,online
L0001580,O20240143,2024,2024-02-05,Sociologia,P032,Extensivo A, Sociologia,,Presencial
L0001581,O20240143,2024,2024-03-27,Sociologia,P032,Extensivo A,Revisão Sociologia,90,online
L0001582,O20240143,2024,2024-03-10,Sociologia,P032,Extensivo A,Revisão Sociologia,60,Híbrido
L0001583,O20240143,2024,2024-04-07,Sociologia,P032,Extensivo A,Correção de simulado Sociologia,60,Online
L0001584,O20240143,2024,2024-04-27,Sociologia,P032,Extensivo A, Sociologia,120,online
L0001585,O20240143,2024,2024-05-16,Sociologia,P032,Extensivo A,Resolução de questões Sociologia,,Online
L0001586,O20240143,2024,2024-05-22,Sociologia,P032,Extensivo A, Sociologia,120,
L0001587,O20240144,2024,25/02/2024,Matemática,P002,Extensivo B,Aula teórica Matemática,,
L0001588,O20240144,2024,02-25-2024,Matemática,P002,Extensivo B,Correção de simulado Matemática,,
L0001589,O20240144,2024,2024-03-12,Matemática,P002,Extensivo B,Aula teórica Matemática,50,
L0001590,O20240144,2024,2024-03-14,Matemática,P002,Extensivo B,Revisão Matemática,120,online
L0001591,O20240144,2024,2024-04-02,Matemática,P002,Extensivo B,Correção de simulado Matemática,60,online
L0001592,O20240144,2024,2024-04-19,Matemática,P002,Extensivo B,Resolução de questões Matemática,,Presencial
L0001593,O20240144,2024,2024-05-27,Matemática,P002,Extensivo B,Revisão Matemática,90,Híbrido
L0001594,O20240144,2024,2024-05-03,Matemática,P002,Extensivo B,Aula teórica Matemática,,online
L0001595,O20240144,2024,2024-06-20,Matemática,P002,Extensivo B,Aula teórica Matemática,,Presencial
L0001596,O20240144,2024,2024-06-27,Matemática,P002,Extensivo B,Revisão Matemática,90,Presencial
L0001597,O20240145,2024,2024-02-04,Física,P005,Extensivo B,Correção de simulado Física,75,Híbrido
L0001598,O20240145,2024,2024-02-11,Física,P005,Extensivo B,Resolução de questões Física,120,
L0001599,O20240145,2024,2024-03-10,Física,P005,Extensivo B,Resolução de questões Física,90,
L0001600,O20240145,2024,2024-03-03,Física,P005,Extensivo B,Laboratório Física,60,Presencial
L0001601,O20240145,2024,2024-04-26,Física,P005,Extensivo B, Física,50,
L0001602,O20240145,2024,2024-04-16,Física,P005,Extensivo B,Revisão Física,,Online
L0001603,O20240145,2024,03/05/2024,Física,P005,Extensivo B,Revisão Física,50,
L0001604,O20240145,2024,2024-05-13,Física,P005,Extensivo B,Revisão Física,,Híbrido
L0001605,O20240145,2024,2024-06-21,Física,P005,Extensivo B, Física,75,Híbrido
L0001606,O20240145,2024,2024-06-20,Física,P005,Extensivo B, Física,120,Presencial
L0001607,O20240146,2024,2024-02-25,Química,P008,Extensivo B, Química,,Presencial
L0001608,O20240146,2024,2024-02-12,Química,P008,Extensivo B,Resolução de questões Química,75,Online
L0001609,O20240146,2024,2024-03-24,Química,P008,Extensivo B,Correção de simulado Química,90,Online
L0001610,O20240146,2024,2024-03-26,Química,P008,Extensivo B,Laboratório Química,,
L0001611,O20240146,2024,2024-04-23,Química,P008,Extensivo B,Laboratório Química,120,Online
L0001612,O20240146,2024,2024-04-16,Química,P008,Extensivo B,Laboratório Química,75,Online
L0001613,O20240146,2024,2024-05-24,Química,P008,Extensivo B,Aula teórica Química,90,online
L0001614,O20240146,2024,2024-05-05,Química,P008,Extensivo B,Laboratório Química,75,Híbrido
L0001615,O20240147,2024,2024-02-18,Biologia,P011,Extensivo B,Correção de simulado Biologia,,Híbrido
L0001616,O20240147,2024,2024-02-18,Biologia,P011,Extensivo B,Laboratório Biologia,90,online
L0001617,O20240147,2024,2024-03-27,Biologia,P011,Extensivo B,Revisão Biologia,60,Presencial
L0001618,O20240147,2024,2024-03-10,Biologia,P011,Extensivo B,Revisão Biologia,60,online
L0001619,O20240147,2024,2024-04-09,Biologia,P011,Extensivo B,Correção de simulado Biologia,,online
L0001620,O20240147,2024,2024-04-19,Biologia,P011,Extensivo B,Aula teórica Biologia,75,Online
L0001621,O20240147,2024,2024-05-04,Biologia,P011,Extensivo B,Aula teórica Biologia,,online
L0001622,O20240147,2024,2024-05-17,Biologia,P011,Extensivo B,Correção de simulado Biologia,75,online
L0001623,O20240147,2024,2024-06-08,Biologia,P011,Extensivo B,Correção de simulado Biologia,60,
L0001624,O20240147,2024,2024-06-09,Biologia,P011,Extensivo B,Revisão Biologia,60,
L0001625,O20240147,2024,2024-07-20,Biologia,P011,Extensivo B,Aula teórica Biologia,,Híbrido
L0001626,O20240148,2024,2024-02-10,História,P014,Extensivo B,Correção de simulado História,50,Presencial
L0001627,O20240148,2024,02/02/2024,História,P014,Extensivo B,Revisão História,50,
L0001628,O20240148,2024,2024-03-03,História,P014,Extensivo B,Laboratório História,120,Presencial
L0001629,O20240148,2024,2024-03-09,História,P014,Extensivo B,Revisão História,90,
L0001630,O20240148,2024,2024-04-05,História,P014,Extensivo B,Correção de simulado História,90,Online
L0001631,O20240148,2024,2024-04-23,História,P014,Extensivo B,Resolução de questões História,50,Presencial
L0001632,O20240148,2024,2024-05-24,História,P014,Extensivo B,Revisão História,90,Híbrido
L0001633,O20240148,2024,2024-05-16,História,P014,Extensivo B,Aula teórica História,75,Online
L0001634,O20240148,2024,2024-06-03,História,P014,Extensivo B,Resolução de questões História,60,Híbrido
L0001635,O20240148,2024,2024-06-16,História,P014,Extensivo B,Laboratório História,,
L0001636,O20240148,2024,2024-07-01,História,P014,Extensivo B,Aula teórica História,120,online
L0001637,O20240149,2024,2024-02-28,Geografia,P018,Extensivo B, Geografia,75,Online
L0001638,O20240149,2024,2024-02-14,Geografia,P018,Extensivo B,Aula teórica Geografia,90,online
L0001639,O20240149,2024,2024-03-26,Geografia,P018,Extensivo B,Revisão Geografia,120,Presencial
L0001640,O20240149,2024,2024-03-22,Geografia,P018,Extensivo B, Geografia,90,online
L0001641,O20240149,2024,2024-04-22,Geografia,P018,Extensivo B,Revisão Geografia,90,Híbrido
L0001642,O20240149,2024,2024-04-22,Geografia,P018,Extensivo B,Correção de simulado Geografia,,Híbrido
L0001643,O20240149,2024,2024-05-25,Geografia,P018,Extensivo B,Revisão Geografia,50,Híbrido
L0001644,O20240149,2024,2024-05-28,Geografia,P018,Extensivo B,Resolução de questões Geografia,60,Online
L0001645,O20240150,2024,2024-02-12,Português,P020,Extensivo B,Resolução de questões Português,,online
L0001646,O20240150,2024,02-13-2024,Português,P020,Extensivo B,Revisão Português,90,Híbrido
L0001647,O20240150,2024,2024-03-09,Português,P020,Extensivo B,Correção de simulado Português,50,Presencial
L0001648,O20240150,2024,2024-03-08,Português,P020,Extensivo B, Português,50,Híbrido
L0001649,O20240150,2024,2024-04-28,Português,P020,Extensivo B,Laboratório Português,120,Presencial
L0001650,O20240150,2024,2024-04-02,Português,P020,Extensivo B,Aula teórica Português,,online
L0001651,O20240150,2024,2024-05-26,Português,P020,Extensivo B,Aula teórica Português,60,Presencial
L0001652,O20240150,2024,2024-05-16,Português,P020,Extensivo B,Resolução de questões Português,50,Presencial
L0001653,O20240151,2024,02-26-2024,Redação,P022,Extensivo B,Revisão Redação,90,Híbrido
L0001654,O20240151,2024,2024-02-25,Redação,P022,Extensivo B,Resolução de questões Redação,90,Híbrido
L0001655,O20240151,2024,2024-03-13,Redação,P022,Extensivo B,Correção de simulado Redação,50,
L0001656,O20240151,2024,2024-03-25,Redação,P022,Extensivo B,Correção de simulado Redação,,Online
L0001657,O20240151,2024,2024-04-22,Redação,P022,Extensivo B, Redação,60,online
L0001658,O20240151,2024,2024-04-16,Redação,P022,Extensivo B,Aula teórica Redação,50,online
L0001659,O20240151,2024,2024-05-05,Redação,P022,Extensivo B, Redação,60,Online
L0001660,O20240151,2024,2024-05-08,Redação,P022,Extensivo B, Redação,90,Híbrido
L0001661,O20240151,2024,2024-06-20,Redação,P022,Extensivo B,Resolução de questões Redação,120,
L0001662,O20240151,2024,2024-06-12,Redação,P022,Extensivo B,Correção de simulado Redação,,Híbrido
L0001663,O20240151,2024,28/07/2024,Redação,P022,Extensivo B,Aula teórica Redação,90,online
L0001664,O20240151,2024,2024-07-10,Redação,P022,Extensivo B, Redação,,Presencial
L0001665,O20240151,2024,2024-08-28,Redação,P022,Extensivo B,Resolução de questões Redação,75,online
L0001666,O20240152,2024,2024-02-20,Inglês,P026,Extensivo B,Laboratório Inglês,60,
L0001667,O20240152,2024,2024-02-21,Inglês,P026,Extensivo B, Inglês,75,Online
L0001668,O20240152,2024,2024-03-14,Inglês,P026,Extensivo B,Aula teórica Inglês,50,online
L0001669,O20240152,2024,2024-03-05,Inglês,P026,Extensivo B,Aula teórica Inglês,90,Híbrido
L0001670,O20240152,2024,2024/04/15,Inglês,P026,Extensivo B,Correção de simulado Inglês,90,online
L0001671,O20240152,2024,2024-04-27,Inglês,P026,Extensivo B,Correção de simulado Inglês,90,Online
L0001672,O20240152,2024,2024-05-17,Inglês,P026,Extensivo B,Correção de simulado Inglês,90,Online
L0001673,O20240152,2024,2024-05-10,Inglês,P026,Extensivo B,Resolução de questões Inglês,75,Online
L0001674,O20240152,2024,2024-06-09,Inglês,P026,Extensivo B,Revisão Inglês,,Online
L0001675,O20240152,2024,2024/06/13,Inglês,P026,Extensivo B,Resolução de questões Inglês,90,online
L0001676,O20240152,2024,2024-07-10,Inglês,P026,Extensivo B,Correção de simulado Inglês,50,
L0001677,O20240152,2024,2024-07-01,Inglês,P026,Extensivo B,Aula teórica Inglês,75,Híbrido
L0001678,O20240153,2024,21/02/2024,Filosofia,P029,Extensivo B,Correção de simulado Filosofia,90,
L0001679,O20240153,2024,2024-02-14,Filosofia,P029,Extensivo B, Filosofia,60,
L0001680,O20240153,2024,2024-03-23,Filosofia,P029,Extensivo B,Laboratório Filosofia,90,online
L0001681,O20240153,2024,2024-03-15,Filosofia,P029,Extensivo B,Correção de simulado Filosofia,60,online
L0001682,O20240153,2024,2024-04-08,Filosofia,P029,Extensivo B,Resolução de questões Filosofia,60,Online
L0001683,O20240153,2024,2024-04-01,Filosofia,P029,Extensivo B,Resolução de questões Filosofia,75,Online
L0001684,O20240153,2024,2024-05-12,Filosofia,P029,Extensivo B,Revisão Filosofia,90,Híbrido
L0001685,O20240153,2024,2024-05-06,Filosofia,P029,Extensivo B,Aula teórica Filosofia,50,Online
L0001686,O20240153,2024,2024-06-18,Filosofia,P029,Extensivo B,Correção de simulado Filosofia,60,Híbrido
L0001687,O20240153,2024,2024-06-28,Filosofia,P029,Extensivo B,Correção de simulado Filosofia,75,Online
L0001688,O20240154,2024,2024-02-08,Sociologia,P032,Extensivo B,Correção de simulado Sociologia,120,online
L0001689,O20240154,2024,2024-02-18,Sociologia,P032,Extensivo B,Revisão Sociologia,50,Híbrido
L0001690,O20240154,2024,03-17-2024,Sociologia,P032,Extensivo B,Resolução de questões Sociologia,120,Híbrido
L0001691,O20240154,2024,2024-03-16,Sociologia,P032,Extensivo B,Revisão Sociologia,50,online
L0001692,O20240154,2024,2024-04-08,Sociologia,P032,Extensivo B,Correção de simulado Sociologia,90,Presencial
L0001693,O20240154,2024,2024-04-21,Sociologia,P032,Extensivo B,Aula teórica Sociologia,90,Online
L0001694,O20240154,2024,2024-05-05,Sociologia,P032,Extensivo B,Resolução de questões Sociologia,,Presencial
L0001695,O20240154,2024,2024-05-28,Sociologia,P032,Extensivo B,Laboratório Sociologia,,Híbrido
L0001696,O20240154,2024,2024-06-11,Sociologia,P032,Extensivo B,Revisão Sociologia,90,
L0001697,O20240155,2024,02-16-2024,Matemática,P004,Intensivo ENEM,Laboratório Matemática,120,
L0001698,O20240155,2024,2024-02-26,Matemática,P004,Intensivo ENEM,Revisão Matemática,,Presencial
L0001699,O20240155,2024,2024-03-08,Matemática,P004,Intensivo ENEM,Revisão Matemática,75,
L0001700,O20240155,2024,2024-03-07,Matemática,P004,Intensivo ENEM,Aula teórica Matemática,120,Online
L0001701,O20240155,2024,2024-04-19,Matemática,P004,Intensivo ENEM,Laboratório Matemática,90,online
L0001702,O20240155,2024,2024/04/15,Matemática,P004,Intensivo ENEM,Aula teórica Matemática,60,
L0001703,O20240155,2024,2024-05-04,Matemática,P004,Intensivo ENEM,Resolução de questões Matemática,50,Híbrido
L0001704,O20240155,2024,2024-05-23,Matemática,P004,Intensivo ENEM,Laboratório Matemática,120,Presencial
L0001705,O20240155,2024,2024-06-16,Matemática,P004,Intensivo ENEM,Laboratório Matemática,,
L0001706,O20240155,2024,2024-06-03,Matemática,P004,Intensivo ENEM,Resolução de questões Matemática,,Híbrido
L0001707,O20240155,2024,2024-07-15,Matemática,P004,Intensivo ENEM,Correção de simulado Matemática,75,online
L0001708,O20240156,2024,2024-02-20,Física,P005,Intensivo ENEM, Física,50,Híbrido
L0001709,O20240156,2024,2024-02-13,Física,P005,Intensivo ENEM,Correção de simulado Física,50,Presencial
L0001710,O20240156,2024,2024-03-10,Física,P005,Intensivo ENEM,Aula teórica Física,,online
L0001711,O20240156,2024,2024-03-08,Física,P005,Intensivo ENEM,Aula teórica Física,75,Online
L0001712,O20240156,2024,2024-04-18,Física,P005,Intensivo ENEM,Aula teórica Física,60,
L0001713,O20240156,2024,2024-04-09,Física,P005,Intensivo ENEM,Aula teórica Física,50,Presencial
L0001714,O20240156,2024,2024-05-08,Física,P005,Intensivo ENEM, Física,90,online
L0001715,O20240156,2024,2024-05-11,Física,P005,Intensivo ENEM,Aula teórica Física,90,online
L0001716,O20240156,2024,2024-06-27,Física,P005,Intensivo ENEM, Física,120,online
L0001717,O20240156,2024,2024-06-17,Física,P005,Intensivo ENEM,Revisão Física,60,online
L0001718,O20240156,2024,2024-07-24,Física,P005,Intensivo ENEM,Laboratório Física,120,Híbrido
L0001719,O20240157,2024,2024-02-28,Química,P008,Intensivo ENEM,Aula teórica Química,50,Híbrido
L0001720,O20240157,2024,2024-02-01,Química,P008,Intensivo ENEM, Química,,Híbrido
L0001721,O20240157,2024,2024-03-04,Química,P008,Intensivo ENEM,Aula teórica Química,90,online
L0001722,O20240157,2024,03-15-2024,Química,P008,Intensivo ENEM,Correção de simulado Química,75,Presencial
L0001723,O20240157,2024,2024-04-13,Química,P008,Intensivo ENEM,Aula teórica Química,90,online
L0001724,O20240157,2024,2024-04-01,Química,P008,Intensivo ENEM,Resolução de questões Química,60,Presencial
L0001725,O20240157,2024,2024-05-21,Química,P008,Intensivo ENEM,Laboratório Química,120,Online
L0001726,O20240157,2024,2024-05-14,Química,P008,Intensivo ENEM,Aula teórica Química,90,Online
L0001727,O20240157,2024,2024-06-05,Química,P008,Intensivo ENEM,Laboratório Química,75,
L0001728,O20240157,2024,2024-06-01,Química,P008,Intensivo ENEM,Laboratório Química,120,Presencial
L0001729,O20240157,2024,2024-07-01,Química,P008,Intensivo ENEM,Laboratório Química,60,Online
L0001730,O20240157,2024,2024-07-04,Química,P008,Intensivo ENEM,Revisão Química,75,
L0001731,O20240157,2024,2024-08-09,Química,P008,Intensivo ENEM,Resolução de questões Química,60,online
L0001732,O20240158,2024,2024-02-24,Biologia,P013,Intensivo ENEM,Resolução de questões Biologia,,Híbrido
L0001733,O20240158,2024,2024-02-19,Biologia,P013,Intensivo ENEM,Laboratório Biologia,75,Online
L0001734,O20240158,2024,2024-03-26,Biologia,P013,Intensivo ENEM,Laboratório Biologia,60,Híbrido
L0001735,O20240158,2024,2024-03-12,Biologia,P013,Intensivo ENEM,Correção de simulado Biologia,50,online
L0001736,O20240158,2024,2024-04-11,Biologia,P013,Intensivo ENEM,Aula teórica Biologia,75,Presencial
L0001737,O20240158,2024,2024-04-09,Biologia,P013,Intensivo ENEM, Biologia,90,Presencial
L0001738,O20240158,2024,2024-05-03,Biologia,P013,Intensivo ENEM,Laboratório Biologia,60,Presencial
L0001739,O20240158,2024,2024-05-15,Biologia,P013,Intensivo ENEM,Revisão Biologia,120,Presencial
L0001740,O20240158,2024,2024-06-01,Biologia,P013,Intensivo ENEM,Revisão Biologia,75,online
L0001741,O20240158,2024,2024-06-15,Biologia,P013,Intensivo ENEM,Revisão Biologia,,Híbrido
L0001742,O20240159,2024,2024-02-10,História,P015,Intensivo ENEM,Resolução de questões História,50,
L0001743,O20240159,2024,2024-02-14,História,P015,Intensivo ENEM,Revisão História,75,Presencial
L0001744,O20240159,2024,2024-03-20,História,P015,Intensivo ENEM,Correção de simulado História,50,online
L0001745,O20240159,2024,2024-03-21,História,P015,Intensivo ENEM,Resolução de questões História,50,online
L0001746,O20240159,2024,2024-04-25,História,P015,Intensivo ENEM,Revisão História,90,
L0001747,O20240159,2024,2024-04-14,História,P015,Intensivo ENEM,Correção de simulado História,60,Presencial
L0001748,O20240159,2024,2024-05-25,História,P015,Intensivo ENEM,Aula teórica História,120,Online
L0001749,O20240159,2024,2024-05-02,História,P015,Intensivo ENEM, História,120,
L0001750,O20240160,2024,2024-02-19,Geografia,P017,Intensivo ENEM,Correção de simulado Geografia,60,online
L0001751,O20240160,2024,2024-02-26,Geografia,P017,Intensivo ENEM,Aula teórica Geografia,50,
L0001752,O20240160,2024,2024-03-22,Geografia,P017,Intensivo ENEM,Aula teórica Geografia,50,
L0001753,O20240160,2024,2024-03-02,Geografia,P017,Intensivo ENEM, Geografia,90,online
L0001754,O20240160,2024,2024-04-03,Geografia,P017,Intensivo ENEM,Aula teórica Geografia,50,online
L0001755,O20240160,2024,2024-04-21,Geografia,P017,Intensivo ENEM,Resolução de questões Geografia,75,Híbrido
L0001756,O20240160,2024,2024-05-04,Geografia,P017,Intensivo ENEM,Revisão Geografia,50,online
L0001757,O20240160,2024,2024-05-04,Geografia,P017,Intensivo ENEM, Geografia,50,Online
L0001758,O20240160,2024,2024-06-10,Geografia,P017,Intensivo ENEM, Geografia,75,
L0001759,O20240161,2024,2024-02-22,Português,P021,Intensivo ENEM,Laboratório Português,90,Híbrido
L0001760,O20240161,2024,2024-02-09,Português,P021,Intensivo ENEM,Revisão Português,50,Híbrido
L0001761,O20240161,2024,2024-03-23,Português,P021,Intensivo ENEM,Aula teórica Português,90,Online
L0001762,O20240161,2024,2024-03-16,Português,P021,Intensivo ENEM,Correção de simulado Português,50,Híbrido
L0001763,O20240161,2024,2024-04-24,Português,P021,Intensivo ENEM,Resolução de questões Português,,
L0001764,O20240161,2024,2024-04-09,Português,P021,Intensivo ENEM,Laboratório Português,50,
L0001765,O20240161,2024,2024-05-12,Português,P021,Intensivo ENEM,Revisão Português,,Presencial
L0001766,O20240161,2024,2024-05-09,Português,P021,Intensivo ENEM,Aula teórica Português,120,Híbrido
L0001767,O20240161,2024,2024-06-18,Português,P021,Intensivo ENEM,Revisão Português,50,online
L0001768,O20240161,2024,2024-06-01,Português,P021,Intensivo ENEM,Resolução de questões Português,50,Presencial
L0001769,O20240161,2024,2024-07-20,Português,P021,Intensivo ENEM, Português,60,online
L0001770,O20240162,2024,2024-02-19,Redacao,P022,Intensivo ENEM,Aula teórica Redação,50,
L0001771,O20240162,2024,2024-02-12,Redacao,P022,Intensivo ENEM,Correção de simulado Redação,,Online
L0001772,O20240162,2024,2024-03-03,Redacao,P022,Intensivo ENEM, Redação,120,Presencial
L0001773,O20240162,2024,2024-03-18,Redacao,P022,Intensivo ENEM,Laboratório Redação,,Online
L0001774,O20240162,2024,2024-04-15,Redacao,P022,Intensivo ENEM,Resolução de questões Redação,75,online
L0001775,O20240162,2024,2024-04-26,Redacao,P022,Intensivo ENEM,Aula teórica Redação,90,Híbrido
L0001776,O20240162,2024,2024-05-24,Redacao,P022,Intensivo ENEM,Resolução de questões Redação,90,online
L0001777,O20240162,2024,2024-05-20,Redacao,P022,Intensivo ENEM,Aula teórica Redação,75,Presencial
L0001778,O20240163,2024,2024-02-14,Inglês,P027,Intensivo ENEM, Inglês,75,Online
L0001779,O20240163,2024,2024-02-13,Inglês,P027,Intensivo ENEM,Aula teórica Inglês,120,online
L0001780,O20240163,2024,2024-03-28,Inglês,P027,Intensivo ENEM,Correção de simulado Inglês,90,Híbrido
L0001781,O20240163,2024,2024-03-24,Inglês,P027,Intensivo ENEM,Laboratório Inglês,120,
L0001782,O20240163,2024,04-11-2024,Inglês,P027,Intensivo ENEM,Revisão Inglês,90,Híbrido
L0001783,O20240163,2024,2024-04-05,Inglês,P027,Intensivo ENEM,Revisão Inglês,,
L0001784,O20240163,2024,2024-05-28,Inglês,P027,Intensivo ENEM, Inglês,90,online
L0001785,O20240163,2024,2024-05-28,Inglês,P027,Intensivo ENEM,Laboratório Inglês,90,
L0001786,O20240164,2024,2024-02-01,Filosofia,P030,Intensivo ENEM,Revisão Filosofia,90,
L0001787,O20240164,2024,2024-02-01,Filosofia,P030,Intensivo ENEM,Revisão Filosofia,50,Híbrido
L0001788,O20240164,2024,2024-03-08,Filosofia,P030,Intensivo ENEM,Revisão Filosofia,120,online
L0001789,O20240164,2024,2024-03-27,Filosofia,P030,Intensivo ENEM,Resolução de questões Filosofia,60,
L0001790,O20240164,2024,2024/04/22,Filosofia,P030,Intensivo ENEM,Laboratório Filosofia,75,Presencial
L0001791,O20240164,2024,2024-04-24,Filosofia,P030,Intensivo ENEM,Laboratório Filosofia,,
L0001792,O20240164,2024,2024-05-12,Filosofia,P030,Intensivo ENEM,Correção de simulado Filosofia,120,Online
L0001793,O20240164,2024,2024-05-24,Filosofia,P030,Intensivo ENEM,Laboratório Filosofia,,Presencial
L0001794,O20240164,2024,2024-06-05,Filosofia,P030,Intensivo ENEM,Correção de simulado Filosofia,90,online
L0001795,O20240164,2024,2024-06-02,Filosofia,P030,Intensivo ENEM,Aula teórica Filosofia,,Híbrido
L0001796,O20240164,2024,07-16-2024,Filosofia,P030,Intensivo ENEM,Laboratório Filosofia,50,
L0001797,O20240165,2024,2024-02-21,Sociologia,P031,Intensivo ENEM,Laboratório Sociologia,,Presencial
L0001798,O20240165,2024,2024-02-28,Sociologia,P031,Intensivo ENEM,Revisão Sociologia,90,online
L0001799,O20240165,2024,2024-03-04,Sociologia,P031,Intensivo ENEM, Sociologia,,online
L0001800,O20240165,2024,2024-03-26,Sociologia,P031,Intensivo ENEM,Resolução de questões Sociologia,90,
L0001801,O20240165,2024,2024-04-20,Sociologia,P031,Intensivo ENEM, Sociologia,,
L0001802,O20240165,2024,2024-04-03,Sociologia,P031,Intensivo ENEM,Laboratório Sociologia,75,Presencial
L0001803,O20240165,2024,2024-05-06,Sociologia,P031,Intensivo ENEM,Aula teórica Sociologia,75,Presencial
L0001804,O20240165,2024,2024/05/22,Sociologia,P031,Intensivo ENEM,Revisão Sociologia,50,Híbrido
L0001805,O20240165,2024,2024-06-02,Sociologia,P031,Intensivo ENEM,Revisão Sociologia,120,Híbrido
L0001806,O20240165,2024,2024-06-13,Sociologia,P031,Intensivo ENEM,Resolução de questões Sociologia,,Presencial
L0001807,O20240165,2024,2024-07-17,Sociologia,P031,Intensivo ENEM, Sociologia,50,Presencial
L0001808,O20240165,2024,2024-07-07,Sociologia,P031,Intensivo ENEM,Aula teórica Sociologia,60,online
L0001809,O20240165,2024,2024-08-15,Sociologia,P031,Intensivo ENEM,Resolução de questões Sociologia,50,online
L0001810,O20240166,2024,2024-02-15,Matemática,P002,Revisão Final,Laboratório Matemática,50,Híbrido
L0001811,O20240166,2024,2024/02/04,Matemática,P002,Revisão Final,Revisão Matemática,,Híbrido
L0001812,O20240166,2024,2024-03-16,Matemática,P002,Revisão Final,Revisão Matemática,,Híbrido
L0001813,O20240166,2024,2024-03-08,Matemática,P002,Revisão Final,Correção de simulado Matemática,,
L0001814,O20240166,2024,04/04/2024,Matemática,P002,Revisão Final,Revisão Matemática,120,Presencial
L0001815,O20240166,2024,2024-04-08,Matemática,P002,Revisão Final, Matemática,75,Híbrido
L0001816,O20240166,2024,2024-05-25,Matemática,P002,Revisão Final,Resolução de questões Matemática,75,Presencial
L0001817,O20240166,2024,2024-05-28,Matemática,P002,Revisão Final,Correção de simulado Matemática,50,Presencial
L0001818,O20240166,2024,2024-06-11,Matemática,P002,Revisão Final,Correção de simulado Matemática,,
L0001819,O20240166,2024,2024-06-21,Matemática,P002,Revisão Final,Resolução de questões Matemática,,Online
L0001820,O20240166,2024,2024-07-06,Matemática,P002,Revisão Final, Matemática,75,
L0001821,O20240166,2024,2024-07-04,Matemática,P002,Revisão Final,Laboratório Matemática,50,Híbrido
L0001822,O20240167,2024,2024-02-11,Física,P007,Revisão Final,Correção de simulado Física,90,Híbrido
L0001823,O20240167,2024,2024-02-22,Física,P007,Revisão Final,Aula teórica Física,90,Híbrido
L0001824,O20240167,2024,2024-03-23,Física,P007,Revisão Final,Aula teórica Física,120,online
L0001825,O20240167,2024,2024-03-11,Física,P007,Revisão Final,Laboratório Física,60,Online
L0001826,O20240167,2024,2024-04-16,Física,P007,Revisão Final,Correção de simulado Física,120,Online
L0001827,O20240167,2024,2024-04-12,Física,P007,Revisão Final, Física,,
L0001828,O20240167,2024,2024-05-18,Física,P007,Revisão Final, Física,50,Híbrido
L0001829,O20240167,2024,2024-05-26,Física,P007,Revisão Final,Correção de simulado Física,120,Híbrido
L0001830,O20240168,2024,2024-02-08,Química,P008,Revisão Final,Correção de simulado Química,90,Híbrido
L0001831,O20240168,2024,2024-02-19,Química,P008,Revisão Final,Laboratório Química,60,Presencial
L0001832,O20240168,2024,2024-03-02,Química,P008,Revisão Final,Resolução de questões Química,,Presencial
L0001833,O20240168,2024,2024-03-25,Química,P008,Revisão Final,Resolução de questões Química,90,Híbrido
L0001834,O20240168,2024,2024-04-27,Química,P008,Revisão Final,Laboratório Química,60,Online
L0001835,O20240168,2024,2024-04-14,Química,P008,Revisão Final,Resolução de questões Química,60,Presencial
L0001836,O20240168,2024,2024-05-22,Química,P008,Revisão Final,Aula teórica Química,90,online
L0001837,O20240168,2024,2024-05-10,Química,P008,Revisão Final,Correção de simulado Química,50,Online
L0001838,O20240168,2024,2024-06-09,Química,P008,Revisão Final,Revisão Química,90,Online
L0001839,O20240169,2024,2024-02-20,Biologia,P011,Revisão Final,Revisão Biologia,120,Online
L0001840,O20240169,2024,2024-02-07,Biologia,P011,Revisão Final,Laboratório Biologia,90,online
L0001841,O20240169,2024,2024/03/03,Biologia,P011,Revisão Final,Laboratório Biologia,60,
L0001842,O20240169,2024,2024-03-17,Biologia,P011,Revisão Final, Biologia,,Presencial
L0001843,O20240169,2024,2024-04-19,Biologia,P011,Revisão Final,Aula teórica Biologia,75,
L0001844,O20240169,2024,2024-04-04,Biologia,P011,Revisão Final,Revisão Biologia,50,Híbrido
L0001845,O20240169,2024,2024-05-04,Biologia,P011,Revisão Final, Biologia,60,Online
L0001846,O20240169,2024,2024-05-15,Biologia,P011,Revisão Final,Aula teórica Biologia,,
L0001847,O20240170,2024,2024-02-26,História,P014,Revisão Final,Laboratório História,50,
L0001848,O20240170,2024,2024-02-14,História,P014,Revisão Final,Revisão História,90,Presencial
L0001849,O20240170,2024,2024-03-22,História,P014,Revisão Final,Laboratório História,90,Online
L0001850,O20240170,2024,2024-03-19,História,P014,Revisão Final,Revisão História,,
L0001851,O20240170,2024,2024-04-09,História,P014,Revisão Final, História,120,Híbrido
L0001852,O20240170,2024,2024-04-04,História,P014,Revisão Final,Laboratório História,60,online
L0001853,O20240170,2024,2024-05-07,História,P014,Revisão Final,Resolução de questões História,50,Online
L0001854,O20240170,2024,2024-05-06,História,P014,Revisão Final, História,,
L0001855,O20240170,2024,2024-06-05,História,P014,Revisão Final,Resolução de questões História,,Presencial
L0001856,O20240170,2024,2024-06-22,História,P014,Revisão Final,Correção de simulado História,90,online
L0001857,O20240170,2024,2024-07-05,História,P014,Revisão Final,Laboratório História,60,online
L0001858,O20240170,2024,2024-07-24,História,P014,Revisão Final,Aula teórica História,120,
L0001859,O20240170,2024,2024-08-05,História,P014,Revisão Final,Revisão História,90,Híbrido
L0001860,O20240171,2024,2024-02-06,Geografia,P017,Revisão Final,Resolução de questões Geografia,75,online
L0001861,O20240171,2024,2024-02-20,Geografia,P017,Revisão Final,Aula teórica Geografia,90,online
L0001862,O20240171,2024,2024-03-13,Geografia,P017,Revisão Final,Correção de simulado Geografia,90,Presencial
L0001863,O20240171,2024,2024-03-01,Geografia,P017,Revisão Final,Laboratório Geografia,50,Presencial
L0001864,O20240171,2024,2024-04-24,Geografia,P017,Revisão Final,Revisão Geografia,,
L0001865,O20240171,2024,2024-04-13,Geografia,P017,Revisão Final, Geografia,,Online
L0001866,O20240171,2024,2024-05-22,Geografia,P017,Revisão Final,Laboratório Geografia,60,Híbrido
L0001867,O20240171,2024,2024-05-08,Geografia,P017,Revisão Final, Geografia,75,Presencial
L0001868,O20240171,2024,2024-06-05,Geografia,P017,Revisão Final,Correção de simulado Geografia,90,online
L0001869,O20240171,2024,2024-06-15,Geografia,P017,Revisão Final,Aula teórica Geografia,,Híbrido
L0001870,O20240171,2024,2024-07-01,Geografia,P017,Revisão Final,Correção de simulado Geografia,50,online
L0001871,O20240172,2024,2024-02-15,Português,P020,Revisão Final,Resolução de questões Português,50,Híbrido
L0001872,O20240172,2024,07/02/2024,Português,P020,Revisão Final,Resolução de questões Português,120,Presencial
L0001873,O20240172,2024,2024-03-12,Português,P020,Revisão Final,Aula teórica Português,120,Presencial
L0001874,O20240172,2024,11/03/2024,Português,P020,Revisão Final,Aula teórica Português,50,Online
L0001875,O20240172,2024,2024-04-17,Português,P020,Revisão Final,Aula teórica Português,90,Online
L0001876,O20240172,2024,04-05-2024,Português,P020,Revisão Final, Português,120,Híbrido
L0001877,O20240172,2024,2024-05-12,Português,P020,Revisão Final,Laboratório Português,50,
L0001878,O20240172,2024,2024-05-15,Português,P020,Revisão Final,Aula teórica Português,90,Híbrido
L0001879,O20240172,2024,2024-06-04,Português,P020,Revisão Final, Português,50,Presencial
L0001880,O20240173,2024,2024-02-22,Redação,P023,Revisão Final,Correção de simulado Redação,90,Híbrido
L0001881,O20240173,2024,2024-02-07,Redação,P023,Revisão Final,Resolução de questões Redação,120,Híbrido
L0001882,O20240173,2024,2024-03-24,Redação,P023,Revisão Final,Laboratório Redação,50,Híbrido
L0001883,O20240173,2024,2024-03-18,Redação,P023,Revisão Final,Resolução de questões Redação,75,online
L0001884,O20240173,2024,2024-04-08,Redação,P023,Revisão Final,Aula teórica Redação,75,online
L0001885,O20240173,2024,2024-04-05,Redação,P023,Revisão Final,Revisão Redação,60,Híbrido
L0001886,O20240173,2024,2024-05-12,Redação,P023,Revisão Final,Correção de simulado Redação,,online
L0001887,O20240173,2024,2024-05-08,Redação,P023,Revisão Final,Correção de simulado Redação,90,Online
L0001888,O20240173,2024,2024-06-09,Redação,P023,Revisão Final,Revisão Redação,90,Híbrido
L0001889,O20240174,2024,2024-02-13,Inglês,P026,Revisão Final,Laboratório Inglês,,Presencial
L0001890,O20240174,2024,2024-02-03,Inglês,P026,Revisão Final,Laboratório Inglês,120,Presencial
L0001891,O20240174,2024,2024-03-03,Inglês,P026,Revisão Final,Revisão Inglês,,Online
L0001892,O20240174,2024,2024-03-11,Inglês,P026,Revisão Final,Correção de simulado Inglês,120,Híbrido
L0001893,O20240174,2024,2024-04-13,Inglês,P026,Revisão Final,Aula teórica Inglês,,
L0001894,O20240174,2024,2024-04-11,Inglês,P026,Revisão Final,Resolução de questões Inglês,120,
L0001895,O20240174,2024,2024-05-07,Inglês,P026,Revisão Final, Inglês,50,Híbrido
L0001896,O20240174,2024,2024-05-04,Inglês,P026,Revisão Final, Inglês,60,online
L0001897,O20240174,2024,2024-06-04,Inglês,P026,Revisão Final,Revisão Inglês,75,Híbrido
L0001898,O20240174,2024,2024-06-18,Inglês,P026,Revisão Final,Revisão Inglês,90,
L0001899,O20240174,2024,2024-07-02,Inglês,P026,Revisão Final,Laboratório Inglês,90,Online
L0001900,O20240174,2024,2024-07-18,Inglês,P026,Revisão Final,Laboratório Inglês,90,online
L0001901,O20240174,2024,2024-08-26,Inglês,P026,Revisão Final,Revisão Inglês,120,Online
L0001902,O20240175,2024,2024-02-09,Filosofia,P028,Revisão Final,Revisão Filosofia,,online
L0001903,O20240175,2024,2024-02-22,Filosofia,P028,Revisão Final,Revisão Filosofia,,
L0001904,O20240175,2024,2024-03-19,Filosofia,P028,Revisão Final,Correção de simulado Filosofia,60,Híbrido
L0001905,O20240175,2024,2024-03-28,Filosofia,P028,Revisão Final,Aula teórica Filosofia,75,Presencial
L0001906,O20240175,2024,2024-04-11,Filosofia,P028,Revisão Final,Correção de simulado Filosofia,,online
L0001907,O20240175,2024,2024-04-03,Filosofia,P028,Revisão Final,Revisão Filosofia,60,Online
L0001908,O20240175,2024,2024-05-18,Filosofia,P028,Revisão Final,Resolução de questões Filosofia,60,
L0001909,O20240175,2024,2024-05-19,Filosofia,P028,Revisão Final, Filosofia,90,online
L0001910,O20240176,2024,02-21-2024,Sociologia,P034,Revisão Final,Resolução de questões Sociologia,,Presencial
L0001911,O20240176,2024,2024-02-12,Sociologia,P034,Revisão Final, Sociologia,75,Presencial
L0001912,O20240176,2024,2024-03-17,Sociologia,P034,Revisão Final,Correção de simulado Sociologia,50,Híbrido
L0001913,O20240176,2024,2024-03-12,Sociologia,P034,Revisão Final,Resolução de questões Sociologia,60,online
L0001914,O20240176,2024,2024-04-27,Sociologia,P034,Revisão Final,Correção de simulado Sociologia,120,
L0001915,O20240176,2024,2024-04-28,Sociologia,P034,Revisão Final,Revisão Sociologia,60,online
L0001916,O20240176,2024,2024-05-06,Sociologia,P034,Revisão Final,Resolução de questões Sociologia,90,Presencial
L0001917,O20240176,2024,2024-05-25,Sociologia,P034,Revisão Final,Resolução de questões Sociologia,50,Híbrido
L0001918,O20240176,2024,2024-06-16,Sociologia,P034,Revisão Final,Resolução de questões Sociologia,120,online
L0001919,O20240176,2024,2024-06-08,Sociologia,P034,Revisão Final,Laboratório Sociologia,120,online
L0001920,O20240176,2024,2024-07-02,Sociologia,P034,Revisão Final,Aula teórica Sociologia,75,Híbrido
L0001921,O20240176,2024,2024-07-07,Sociologia,P034,Revisão Final,Aula teórica Sociologia,75,Presencial
L0001922,O20250177,2025,2025-02-22,Matemática,P003,Extensivo A, Matemática,75,Presencial
L0001923,O20250177,2025,2025-02-01,Matemática,P003,Extensivo A,Laboratório Matemática,50,online
L0001924,O20250177,2025,26/03/2025,Matemática,P003,Extensivo A, Matemática,90,Híbrido
L0001925,O20250177,2025,2025-03-06,Matemática,P003,Extensivo A, Matemática,90,Presencial
L0001926,O20250177,2025,2025-04-08,Matemática,P003,Extensivo A,Resolução de questões Matemática,60,Presencial
L0001927,O20250177,2025,2025-04-08,Matemática,P003,Extensivo A,Laboratório Matemática,,
L0001928,O20250177,2025,07/05/2025,Matemática,P003,Extensivo A,Aula teórica Matemática,120,Online
L0001929,O20250177,2025,2025-05-16,Matemática,P003,Extensivo A,Revisão Matemática,60,
L0001930,O20250177,2025,2025-06-03,Matemática,P003,Extensivo A,Laboratório Matemática,50,Online
L0001931,O20250177,2025,2025-06-11,Matemática,P003,Extensivo A, Matemática,60,Híbrido
L0001932,O20250178,2025,2025-02-08,Física,P007,Extensivo A,Resolução de questões Física,50,online
L0001933,O20250178,2025,2025-02-06,Física,P007,Extensivo A,Revisão Física,60,
L0001934,O20250178,2025,2025-03-16,Física,P007,Extensivo A, Física,90,Híbrido
L0001935,O20250178,2025,2025-03-19,Física,P007,Extensivo A,Aula teórica Física,60,
L0001936,O20250178,2025,2025-04-02,Física,P007,Extensivo A, Física,60,Presencial
L0001937,O20250178,2025,2025-04-08,Física,P007,Extensivo A,Aula teórica Física,120,online
L0001938,O20250178,2025,2025-05-19,Física,P007,Extensivo A,Resolução de questões Física,90,Online
L0001939,O20250178,2025,2025-05-05,Física,P007,Extensivo A,Laboratório Física,120,Híbrido
L0001940,O20250178,2025,2025-06-17,Física,P007,Extensivo A,Correção de simulado Física,,Online
L0001941,O20250178,2025,2025-06-17,Física,P007,Extensivo A,Revisão Física,50,
L0001942,O20250178,2025,2025-07-13,Física,P007,Extensivo A,Laboratório Física,75,Presencial
L0001943,O20250178,2025,2025-07-21,Física,P007,Extensivo A,Revisão Física,120,Online
L0001944,O20250178,2025,2025-08-16,Física,P007,Extensivo A,Correção de simulado Física,120,online
L0001945,O20250179,2025,2025-02-26,Química,P009,Extensivo A,Correção de simulado Química,90,Híbrido
L0001946,O20250179,2025,2025-02-04,Química,P009,Extensivo A,Laboratório Química,90,Online
L0001947,O20250179,2025,2025-03-04,Química,P009,Extensivo A,Laboratório Química,75,online
L0001948,O20250179,2025,2025-03-21,Química,P009,Extensivo A,Revisão Química,,Híbrido
L0001949,O20250179,2025,2025-04-10,Química,P009,Extensivo A,Revisão Química,60,
L0001950,O20250179,2025,2025-04-17,Química,P009,Extensivo A,Laboratório Química,75,Online
L0001951,O20250179,2025,2025-05-22,Química,P009,Extensivo A,Correção de simulado Química,75,
L0001952,O20250179,2025,2025-05-24,Química,P009,Extensivo A,Revisão Química,50,Híbrido
L0001953,O20250179,2025,2025-06-20,Química,P009,Extensivo A, Química,60,Híbrido
L0001954,O20250179,2025,2025-06-06,Química,P009,Extensivo A,Resolução de questões Química,60,Online
L0001955,O20250179,2025,2025-07-09,Química,P009,Extensivo A,Aula teórica Química,,online
L0001956,O20250179,2025,2025-07-22,Química,P009,Extensivo A,Aula teórica Química,120,Presencial
L0001957,O20250179,2025,08-24-2025,Química,P009,Extensivo A,Resolução de questões Química,90,Presencial
L0001958,O20250180,2025,2025-02-05,Biologia,P013,Extensivo A,Aula teórica Biologia,50,Presencial
L0001959,O20250180,2025,2025-02-03,Biologia,P013,Extensivo A,Aula teórica Biologia,,Presencial
L0001960,O20250180,2025,2025-03-10,Biologia,P013,Extensivo A,Laboratório Biologia,75,Online
L0001961,O20250180,2025,2025-03-25,Biologia,P013,Extensivo A,Laboratório Biologia,60,online
L0001962,O20250180,2025,2025-04-23,Biologia,P013,Extensivo A,Correção de simulado Biologia,90,
L0001963,O20250180,2025,2025-04-04,Biologia,P013,Extensivo A,Aula teórica Biologia,,online
L0001964,O20250180,2025,2025-05-28,Biologia,P013,Extensivo A,Correção de simulado Biologia,90,
L0001965,O20250180,2025,2025-05-21,Biologia,P013,Extensivo A,Aula teórica Biologia,50,Online
L0001966,O20250180,2025,2025-06-20,Biologia,P013,Extensivo A,Correção de simulado Biologia,,Presencial
L0001967,O20250180,2025,13/06/2025,Biologia,P013,Extensivo A,Laboratório Biologia,,Online
L0001968,O20250181,2025,2025-02-15,História,P015,Extensivo A, História,120,Online
L0001969,O20250181,2025,2025-02-06,História,P015,Extensivo A,Revisão História,60,Híbrido
L0001970,O20250181,2025,2025-03-18,História,P015,Extensivo A,Aula teórica História,90,
L0001971,O20250181,2025,2025-03-07,História,P015,Extensivo A, História,60,
L0001972,O20250181,2025,2025-04-12,História,P015,Extensivo A,Resolução de questões História,60,
L0001973,O20250181,2025,2025-04-22,História,P015,Extensivo A, História,120,Presencial
L0001974,O20250181,2025,2025-05-27,História,P015,Extensivo A, História,,online
L0001975,O20250181,2025,2025-05-08,História,P015,Extensivo A,Revisão História,120,
L0001976,O20250181,2025,2025-06-23,História,P015,Extensivo A,Revisão História,75,
L0001977,O20250181,2025,2025-06-18,História,P015,Extensivo A, História,60,online
L0001978,O20250181,2025,2025-07-11,História,P015,Extensivo A,Aula teórica História,90,
L0001979,O20250181,2025,2025-07-02,História,P015,Extensivo A,Correção de simulado História,120,online
L0001980,O20250182,2025,2025-02-21,Geografia,P017,Extensivo A,Aula teórica Geografia,90,Híbrido
L0001981,O20250182,2025,2025-02-26,Geografia,P017,Extensivo A,Resolução de questões Geografia,90,
L0001982,O20250182,2025,2025-03-06,Geografia,P017,Extensivo A, Geografia,50,Online
L0001983,O20250182,2025,2025/03/26,Geografia,P017,Extensivo A,Aula teórica Geografia,120,Presencial
L0001984,O20250182,2025,2025-04-04,Geografia,P017,Extensivo A,Correção de simulado Geografia,90,Presencial
L0001985,O20250182,2025,2025-04-13,Geografia,P017,Extensivo A,Laboratório Geografia,50,Híbrido
L0001986,O20250182,2025,2025-05-25,Geografia,P017,Extensivo A,Revisão Geografia,50,online
L0001987,O20250182,2025,2025-05-04,Geografia,P017,Extensivo A,Laboratório Geografia,75,Online
L0001988,O20250182,2025,2025-06-24,Geografia,P017,Extensivo A,Laboratório Geografia,,
L0001989,O20250183,2025,2025-02-27,Português,P021,Extensivo A, Português,,Híbrido
L0001990,O20250183,2025,2025-02-17,Português,P021,Extensivo A,Correção de simulado Português,60,Online
L0001991,O20250183,2025,2025/03/05,Português,P021,Extensivo A,Correção de simulado Português,120,Online
L0001992,O20250183,2025,2025-03-19,Português,P021,Extensivo A,Laboratório Português,50,Híbrido
L0001993,O20250183,2025,2025-04-14,Português,P021,Extensivo A,Correção de simulado Português,90,online
L0001994,O20250183,2025,2025-04-22,Português,P021,Extensivo A,Revisão Português,60,Online
L0001995,O20250183,2025,2025-05-25,Português,P021,Extensivo A,Revisão Português,50,Online
L0001996,O20250183,2025,2025-05-05,Português,P021,Extensivo A, Português,90,Híbrido
L0001997,O20250183,2025,2025-06-26,Português,P021,Extensivo A,Laboratório Português,50,Presencial
L0001998,O20250183,2025,2025-06-11,Português,P021,Extensivo A,Revisão Português,90,Híbrido
L0001999,O20250183,2025,2025-07-07,Português,P021,Extensivo A, Português,90,Presencial
L0002000,O20250183,2025,2025-07-04,Português,P021,Extensivo A,Correção de simulado Português,120,
L0002001,O20250183,2025,2025-08-20,Português,P021,Extensivo A,Aula teórica Português,90,Online
L0002002,O20250183,2025,2025-08-15,Português,P021,Extensivo A,Laboratório Português,120,Online
L0002003,O20250184,2025,02-24-2025,Redação,P023,Extensivo A,Aula teórica Redação,90,Presencial
L0002004,O20250184,2025,2025-02-24,Redação,P023,Extensivo A,Revisão Redação,50,
L0002005,O20250184,2025,2025-03-27,Redação,P023,Extensivo A,Revisão Redação,120,Presencial
L0002006,O20250184,2025,2025-03-14,Redação,P023,Extensivo A,Revisão Redação,50,online
L0002007,O20250184,2025,2025-04-06,Redação,P023,Extensivo A,Laboratório Redação,120,Híbrido
L0002008,O20250184,2025,2025-04-20,Redação,P023,Extensivo A,Revisão Redação,60,Online
L0002009,O20250184,2025,2025-05-01,Redação,P023,Extensivo A,Correção de simulado Redação,,online
L0002010,O20250184,2025,2025-05-26,Redação,P023,Extensivo A, Redação,75,online
L0002011,O20250184,2025,2025-06-03,Redação,P023,Extensivo A,Laboratório Redação,50,Presencial
L0002012,O20250184,2025,2025-06-24,Redação,P023,Extensivo A,Aula teórica Redação,75,Presencial
L0002013,O20250184,2025,2025-07-08,Redação,P023,Extensivo A,Aula teórica Redação,75,Híbrido
L0002014,O20250184,2025,2025-07-20,Redação,P023,Extensivo A,Aula teórica Redação,75,Online
L0002015,O20250185,2025,02-03-2025,Inglês,P025,Extensivo A,Aula teórica Inglês,50,
L0002016,O20250185,2025,2025-02-09,Inglês,P025,Extensivo A,Aula teórica Inglês,50,
L0002017,O20250185,2025,2025-03-13,Inglês,P025,Extensivo A,Revisão Inglês,60,Online
L0002018,O20250185,2025,2025-03-04,Inglês,P025,Extensivo A, Inglês,50,Híbrido
L0002019,O20250185,2025,2025-04-18,Inglês,P025,Extensivo A,Revisão Inglês,75,online
L0002020,O20250185,2025,2025-04-03,Inglês,P025,Extensivo A,Laboratório Inglês,120,Presencial
L0002021,O20250185,2025,2025-05-13,Inglês,P025,Extensivo A,Laboratório Inglês,60,
L0002022,O20250185,2025,2025-05-16,Inglês,P025,Extensivo A,Revisão Inglês,90,online
L0002023,O20250185,2025,2025-06-10,Inglês,P025,Extensivo A, Inglês,120,
L0002024,O20250185,2025,2025-06-02,Inglês,P025,Extensivo A,Resolução de questões Inglês,75,
L0002025,O20250185,2025,2025-07-23,Inglês,P025,Extensivo A,Aula teórica Inglês,60,Híbrido
L0002026,O20250186,2025,2025-02-12,Filosofia,P028,Extensivo A, Filosofia,60,Híbrido
L0002027,O20250186,2025,2025-02-26,Filosofia,P028,Extensivo A,Revisão Filosofia,120,Híbrido
L0002028,O20250186,2025,2025-03-20,Filosofia,P028,Extensivo A,Laboratório Filosofia,90,Online
L0002029,O20250186,2025,2025-03-04,Filosofia,P028,Extensivo A,Aula teórica Filosofia,,Presencial
L0002030,O20250186,2025,2025-04-25,Filosofia,P028,Extensivo A,Laboratório Filosofia,90,
L0002031,O20250186,2025,2025-04-26,Filosofia,P028,Extensivo A, Filosofia,75,Online
L0002032,O20250186,2025,2025-05-09,Filosofia,P028,Extensivo A, Filosofia,90,online
L0002033,O20250186,2025,2025-05-27,Filosofia,P028,Extensivo A, Filosofia,50,
L0002034,O20250186,2025,2025-06-05,Filosofia,P028,Extensivo A,Aula teórica Filosofia,90,Online
L0002035,O20250186,2025,2025-06-25,Filosofia,P028,Extensivo A,Resolução de questões Filosofia,120,Híbrido
L0002036,O20250186,2025,2025-07-23,Filosofia,P028,Extensivo A,Revisão Filosofia,50,
L0002037,O20250186,2025,2025-07-01,Filosofia,P028,Extensivo A,Aula teórica Filosofia,90,
L0002038,O20250186,2025,2025-08-13,Filosofia,P028,Extensivo A,Revisão Filosofia,75,Online
L0002039,O20250187,2025,2025-02-14,Sociologia,P031,Extensivo A,Correção de simulado Sociologia,60,
L0002040,O20250187,2025,2025-02-19,Sociologia,P031,Extensivo A,Resolução de questões Sociologia,75,Online
L0002041,O20250187,2025,2025-03-19,Sociologia,P031,Extensivo A,Laboratório Sociologia,75,Híbrido
L0002042,O20250187,2025,2025-03-26,Sociologia,P031,Extensivo A,Correção de simulado Sociologia,90,Presencial
L0002043,O20250187,2025,2025-04-09,Sociologia,P031,Extensivo A, Sociologia,50,Híbrido
L0002044,O20250187,2025,2025-04-22,Sociologia,P031,Extensivo A,Aula teórica Sociologia,,Presencial
L0002045,O20250187,2025,2025-05-11,Sociologia,P031,Extensivo A,Laboratório Sociologia,60,Presencial
L0002046,O20250187,2025,2025-05-17,Sociologia,P031,Extensivo A,Correção de simulado Sociologia,50,Online
L0002047,O20250187,2025,15/06/2025,Sociologia,P031,Extensivo A,Aula teórica Sociologia,75,Presencial
L0002048,O20250187,2025,2025-06-07,Sociologia,P031,Extensivo A,Correção de simulado Sociologia,75,online
L0002049,O20250187,2025,2025-07-03,Sociologia,P031,Extensivo A,Laboratório Sociologia,,online
L0002050,O20250187,2025,2025-07-11,Sociologia,P031,Extensivo A,Laboratório Sociologia,,
L0002051,O20250188,2025,2025-02-16,Matemática,P002,Extensivo B,Laboratório Matemática,50,Online
L0002052,O20250188,2025,2025-02-17,Matemática,P002,Extensivo B,Revisão Matemática,90,online
L0002053,O20250188,2025,2025-03-21,Matemática,P002,Extensivo B,Resolução de questões Matemática,,online
L0002054,O20250188,2025,2025-03-20,Matemática,P002,Extensivo B,Revisão Matemática,50,Online
L0002055,O20250188,2025,2025-04-17,Matemática,P002,Extensivo B,Aula teórica Matemática,50,Híbrido
L0002056,O20250188,2025,2025-04-09,Matemática,P002,Extensivo B,Laboratório Matemática,120,
L0002057,O20250188,2025,2025-05-03,Matemática,P002,Extensivo B, Matemática,50,Híbrido
L0002058,O20250188,2025,2025-05-14,Matemática,P002,Extensivo B,Laboratório Matemática,120,online
L0002059,O20250188,2025,15/06/2025,Matemática,P002,Extensivo B,Aula teórica Matemática,120,online
L0002060,O20250188,2025,2025-06-13,Matemática,P002,Extensivo B,Aula teórica Matemática,,Híbrido
L0002061,O20250188,2025,07-06-2025,Matemática,P002,Extensivo B,Correção de simulado Matemática,60,
L0002062,O20250189,2025,2025-02-07,Física,P006,Extensivo B,Resolução de questões Física,,online
L0002063,O20250189,2025,2025-02-12,Física,P006,Extensivo B,Revisão Física,60,online
L0002064,O20250189,2025,2025-03-14,Física,P006,Extensivo B,Laboratório Física,120,Online
L0002065,O20250189,2025,2025-03-02,Física,P006,Extensivo B,Laboratório Física,120,Híbrido
L0002066,O20250189,2025,2025-04-04,Física,P006,Extensivo B,Correção de simulado Física,120,Presencial
L0002067,O20250189,2025,2025-04-02,Física,P006,Extensivo B,Resolução de questões Física,60,Híbrido
L0002068,O20250189,2025,2025-05-24,Física,P006,Extensivo B,Aula teórica Física,60,online
L0002069,O20250189,2025,2025-05-21,Física,P006,Extensivo B,Resolução de questões Física,60,Presencial
L0002070,O20250189,2025,2025-06-22,Física,P006,Extensivo B,Laboratório Física,50,Online
L0002071,O20250189,2025,2025-06-26,Física,P006,Extensivo B, Física,50,Híbrido
L0002072,O20250189,2025,2025-07-06,Física,P006,Extensivo B,Resolução de questões Física,90,
L0002073,O20250189,2025,2025-07-05,Física,P006,Extensivo B,Laboratório Física,50,Híbrido
L0002074,O20250189,2025,2025-08-20,Física,P006,Extensivo B, Física,,Presencial
L0002075,O20250190,2025,2025-02-24,Química,P008,Extensivo B,Laboratório Química,60,online
L0002076,O20250190,2025,2025-02-14,Química,P008,Extensivo B,Resolução de questões Química,90,Online
L0002077,O20250190,2025,2025-03-01,Química,P008,Extensivo B,Resolução de questões Química,120,
L0002078,O20250190,2025,2025-03-04,Química,P008,Extensivo B,Resolução de questões Química,,Presencial
L0002079,O20250190,2025,2025-04-11,Química,P008,Extensivo B,Laboratório Química,60,online
L0002080,O20250190,2025,2025-04-23,Química,P008,Extensivo B, Química,75,Híbrido
L0002081,O20250190,2025,2025-05-27,Química,P008,Extensivo B, Química,,Online
L0002082,O20250190,2025,2025-05-02,Química,P008,Extensivo B,Correção de simulado Química,120,Online
L0002083,O20250190,2025,2025-06-07,Química,P008,Extensivo B,Correção de simulado Química,,Online
L0002084,O20250190,2025,2025-06-20,Química,P008,Extensivo B,Correção de simulado Química,75,
L0002085,O20250190,2025,2025-07-02,Química,P008,Extensivo B,Resolução de questões Química,120,
L0002086,O20250190,2025,2025-07-07,Química,P008,Extensivo B,Revisão Química,60,Presencial
L0002087,O20250191,2025,2025-02-23,Biologia,P010,Extensivo B,Correção de simulado Biologia,120,
L0002088,O20250191,2025,2025-02-14,Biologia,P010,Extensivo B,Correção de simulado Biologia,75,Híbrido
L0002089,O20250191,2025,2025-03-22,Biologia,P010,Extensivo B,Resolução de questões Biologia,,Online
L0002090,O20250191,2025,2025-03-24,Biologia,P010,Extensivo B,Correção de simulado Biologia,50,Online
L0002091,O20250191,2025,2025-04-13,Biologia,P010,Extensivo B, Biologia,50,Presencial
L0002092,O20250191,2025,04-28-2025,Biologia,P010,Extensivo B,Resolução de questões Biologia,75,Presencial
L0002093,O20250191,2025,2025-05-17,Biologia,P010,Extensivo B, Biologia,120,Online
L0002094,O20250191,2025,2025-05-14,Biologia,P010,Extensivo B,Correção de simulado Biologia,75,Presencial
L0002095,O20250191,2025,2025-06-07,Biologia,P010,Extensivo B, Biologia,50,Presencial
L0002096,O20250192,2025,2025-02-02,História,P014,Extensivo B,Correção de simulado História,50,Online
L0002097,O20250192,2025,2025-02-26,História,P014,Extensivo B,Resolução de questões História,90,Presencial
L0002098,O20250192,2025,2025-03-09,História,P014,Extensivo B,Correção de simulado História,50,Híbrido
L0002099,O20250192,2025,2025-03-25,História,P014,Extensivo B,Correção de simulado História,75,Presencial
L0002100,O20250192,2025,2025-04-28,História,P014,Extensivo B,Revisão História,,
L0002101,O20250192,2025,2025-04-01,História,P014,Extensivo B,Laboratório História,,Híbrido
L0002102,O20250192,2025,2025-05-26,História,P014,Extensivo B,Aula teórica História,90,Híbrido
L0002103,O20250192,2025,2025-05-27,História,P014,Extensivo B,Laboratório História,,Híbrido
L0002104,O20250192,2025,2025-06-27,História,P014,Extensivo B, História,60,Híbrido
L0002105,O20250192,2025,2025-06-13,História,P014,Extensivo B,Correção de simulado História,60,online
L0002106,O20250192,2025,2025-07-01,História,P014,Extensivo B,Laboratório História,,
L0002107,O20250193,2025,2025-02-25,Geografia,P016,Extensivo B,Revisão Geografia,120,Presencial
L0002108,O20250193,2025,2025-02-04,Geografia,P016,Extensivo B,Laboratório Geografia,60,Online
L0002109,O20250193,2025,2025-03-24,Geografia,P016,Extensivo B,Resolução de questões Geografia,75,Presencial
L0002110,O20250193,2025,2025-03-01,Geografia,P016,Extensivo B,Revisão Geografia,75,Presencial
L0002111,O20250193,2025,2025-04-22,Geografia,P016,Extensivo B,Aula teórica Geografia,,Híbrido
L0002112,O20250193,2025,2025-04-01,Geografia,P016,Extensivo B,Aula teórica Geografia,75,Online
L0002113,O20250193,2025,2025-05-18,Geografia,P016,Extensivo B,Aula teórica Geografia,,
L0002114,O20250193,2025,2025-05-12,Geografia,P016,Extensivo B,Revisão Geografia,120,online
L0002115,O20250193,2025,2025-06-04,Geografia,P016,Extensivo B,Laboratório Geografia,60,
L0002116,O20250193,2025,2025-06-17,Geografia,P016,Extensivo B,Laboratório Geografia,75,Online
L0002117,O20250193,2025,2025-07-09,Geografia,P016,Extensivo B,Laboratório Geografia,,online
L0002118,O20250193,2025,2025-07-22,Geografia,P016,Extensivo B,Revisão Geografia,90,
L0002119,O20250193,2025,2025/08/04,Geografia,P016,Extensivo B,Revisão Geografia,,
L0002120,O20250194,2025,2025-02-14,Português,P020,Extensivo B, Português,90,Híbrido
L0002121,O20250194,2025,2025-02-20,Português,P020,Extensivo B,Resolução de questões Português,50,Presencial
L0002122,O20250194,2025,2025-03-01,Português,P020,Extensivo B,Laboratório Português,120,
L0002123,O20250194,2025,26/03/2025,Português,P020,Extensivo B,Laboratório Português,90,Híbrido
L0002124,O20250194,2025,2025-04-17,Português,P020,Extensivo B, Português,,Presencial
L0002125,O20250194,2025,2025-04-06,Português,P020,Extensivo B,Revisão Português,90,Híbrido
L0002126,O20250194,2025,2025-05-17,Português,P020,Extensivo B,Resolução de questões Português,,Híbrido
L0002127,O20250194,2025,2025-05-06,Português,P020,Extensivo B,Resolução de questões Português,90,Online
L0002128,O20250194,2025,2025-06-20,Português,P020,Extensivo B,Resolução de questões Português,75,Presencial
L0002129,O20250194,2025,2025-06-14,Português,P020,Extensivo B,Correção de simulado Português,90,Híbrido
L0002130,O20250194,2025,2025-07-11,Português,P020,Extensivo B,Correção de simulado Português,50,Presencial
L0002131,O20250195,2025,2025-02-19,Redação,P023,Extensivo B,Resolução de questões Redação,75,Híbrido
L0002132,O20250195,2025,2025-02-22,Redação,P023,Extensivo B,Laboratório Redação,75,Presencial
L0002133,O20250195,2025,2025-03-26,Redação,P023,Extensivo B,Revisão Redação,50,Presencial
L0002134,O20250195,2025,2025-03-14,Redação,P023,Extensivo B,Laboratório Redação,50,online
L0002135,O20250195,2025,2025-04-12,Redação,P023,Extensivo B,Laboratório Redação,75,
L0002136,O20250195,2025,2025-04-02,Redação,P023,Extensivo B,Revisão Redação,50,online
L0002137,O20250195,2025,27/05/2025,Redação,P023,Extensivo B,Resolução de questões Redação,75,Híbrido
L0002138,O20250195,2025,2025-05-09,Redação,P023,Extensivo B,Correção de simulado Redação,60,Híbrido
L0002139,O20250195,2025,2025-06-26,Redação,P023,Extensivo B,Resolução de questões Redação,75,
L0002140,O20250195,2025,2025-06-10,Redação,P023,Extensivo B, Redação,50,online
L0002141,O20250195,2025,2025-07-21,Redação,P023,Extensivo B,Laboratório Redação,75,online
L0002142,O20250195,2025,2025-07-28,Redação,P023,Extensivo B,Revisão Redação,,online
L0002143,O20250195,2025,2025-08-23,Redação,P023,Extensivo B,Laboratório Redação,50,Presencial
L0002144,O20250196,2025,2025-02-26,Inglês,P025,Extensivo B,Resolução de questões Inglês,120,Híbrido
L0002145,O20250196,2025,2025-02-09,Inglês,P025,Extensivo B,Laboratório Inglês,60,Online
L0002146,O20250196,2025,2025-03-17,Inglês,P025,Extensivo B,Aula teórica Inglês,120,
L0002147,O20250196,2025,2025-03-06,Inglês,P025,Extensivo B,Correção de simulado Inglês,60,Híbrido
L0002148,O20250196,2025,2025-04-11,Inglês,P025,Extensivo B,Laboratório Inglês,60,Híbrido
L0002149,O20250196,2025,04-28-2025,Inglês,P025,Extensivo B,Resolução de questões Inglês,120,Presencial
L0002150,O20250196,2025,2025-05-05,Inglês,P025,Extensivo B,Revisão Inglês,50,
L0002151,O20250196,2025,2025-05-07,Inglês,P025,Extensivo B,Revisão Inglês,50,online
L0002152,O20250196,2025,2025-06-27,Inglês,P025,Extensivo B,Revisão Inglês,,Online
L0002153,O20250196,2025,2025-06-21,Inglês,P025,Extensivo B,Aula teórica Inglês,120,
L0002154,O20250196,2025,2025-07-18,Inglês,P025,Extensivo B,Correção de simulado Inglês,75,online
L0002155,O20250197,2025,2025-02-25,FILOSOFIA,P029,Extensivo B,Aula teórica Filosofia,,
L0002156,O20250197,2025,2025-02-03,FILOSOFIA,P029,Extensivo B,Laboratório Filosofia,120,Híbrido
L0002157,O20250197,2025,2025-03-26,FILOSOFIA,P029,Extensivo B,Revisão Filosofia,60,
L0002158,O20250197,2025,2025-03-22,FILOSOFIA,P029,Extensivo B,Laboratório Filosofia,60,Híbrido
L0002159,O20250197,2025,2025-04-18,FILOSOFIA,P029,Extensivo B,Resolução de questões Filosofia,50,online
L0002160,O20250197,2025,2025-04-12,FILOSOFIA,P029,Extensivo B,Aula teórica Filosofia,90,Online
L0002161,O20250197,2025,10/05/2025,FILOSOFIA,P029,Extensivo B,Aula teórica Filosofia,75,
L0002162,O20250197,2025,2025-05-08,FILOSOFIA,P029,Extensivo B,Revisão Filosofia,90,
L0002163,O20250197,2025,2025-06-16,FILOSOFIA,P029,Extensivo B,Correção de simulado Filosofia,90,Presencial
L0002164,O20250197,2025,2025-06-28,FILOSOFIA,P029,Extensivo B,Resolução de questões Filosofia,75,
L0002165,O20250198,2025,2025-02-12,Sociologia,P031,Extensivo B,Correção de simulado Sociologia,,online
L0002166,O20250198,2025,2025-02-04,Sociologia,P031,Extensivo B,Resolução de questões Sociologia,75,Presencial
L0002167,O20250198,2025,2025-03-23,Sociologia,P031,Extensivo B,Correção de simulado Sociologia,50,Presencial
L0002168,O20250198,2025,2025-03-12,Sociologia,P031,Extensivo B,Correção de simulado Sociologia,90,Online
L0002169,O20250198,2025,2025-04-12,Sociologia,P031,Extensivo B,Laboratório Sociologia,60,online
L0002170,O20250198,2025,2025-04-07,Sociologia,P031,Extensivo B,Correção de simulado Sociologia,,
L0002171,O20250198,2025,2025-05-08,Sociologia,P031,Extensivo B,Laboratório Sociologia,120,Híbrido
L0002172,O20250198,2025,2025-05-27,Sociologia,P031,Extensivo B,Correção de simulado Sociologia,75,online
L0002173,O20250198,2025,2025-06-16,Sociologia,P031,Extensivo B,Correção de simulado Sociologia,90,Presencial
L0002174,O20250198,2025,2025-06-04,Sociologia,P031,Extensivo B,Aula teórica Sociologia,90,
L0002175,O20250198,2025,2025-07-24,Sociologia,P031,Extensivo B,Resolução de questões Sociologia,50,Presencial
L0002176,O20250199,2025,2025-02-01,Matemática,P004,Intensivo ENEM, Matemática,60,Híbrido
L0002177,O20250199,2025,2025-02-02,Matemática,P004,Intensivo ENEM, Matemática,90,Híbrido
L0002178,O20250199,2025,2025-03-27,Matemática,P004,Intensivo ENEM,Laboratório Matemática,90,Presencial
L0002179,O20250199,2025,2025-03-17,Matemática,P004,Intensivo ENEM,Laboratório Matemática,120,Híbrido
L0002180,O20250199,2025,2025-04-13,Matemática,P004,Intensivo ENEM,Correção de simulado Matemática,120,Presencial
L0002181,O20250199,2025,2025-04-02,Matemática,P004,Intensivo ENEM,Laboratório Matemática,75,online
L0002182,O20250199,2025,2025-05-13,Matemática,P004,Intensivo ENEM,Resolução de questões Matemática,50,Presencial
L0002183,O20250199,2025,2025-05-16,Matemática,P004,Intensivo ENEM,Resolução de questões Matemática,75,Online
L0002184,O20250199,2025,2025/06/07,Matemática,P004,Intensivo ENEM,Correção de simulado Matemática,50,online
L0002185,O20250199,2025,2025-06-27,Matemática,P004,Intensivo ENEM,Resolução de questões Matemática,120,
L0002186,O20250199,2025,2025-07-19,Matemática,P004,Intensivo ENEM,Correção de simulado Matemática,,Presencial
L0002187,O20250199,2025,2025-07-23,Matemática,P004,Intensivo ENEM,Revisão Matemática,120,Híbrido
L0002188,O20250199,2025,2025-08-15,Matemática,P004,Intensivo ENEM,Correção de simulado Matemática,50,Presencial
L0002189,O20250200,2025,2025-02-10,Física,P005,Intensivo ENEM,Aula teórica Física,,Presencial
L0002190,O20250200,2025,2025-02-21,Física,P005,Intensivo ENEM,Aula teórica Física,,Presencial
L0002191,O20250200,2025,2025-03-02,Física,P005,Intensivo ENEM,Revisão Física,90,
L0002192,O20250200,2025,2025-03-24,Física,P005,Intensivo ENEM,Aula teórica Física,50,Híbrido
L0002193,O20250200,2025,04-25-2025,Física,P005,Intensivo ENEM,Revisão Física,120,Online
L0002194,O20250200,2025,2025-04-14,Física,P005,Intensivo ENEM,Correção de simulado Física,50,
L0002195,O20250200,2025,2025-05-19,Física,P005,Intensivo ENEM,Laboratório Física,,
L0002196,O20250200,2025,2025-05-14,Física,P005,Intensivo ENEM, Física,75,Presencial
L0002197,O20250200,2025,2025-06-25,Física,P005,Intensivo ENEM,Resolução de questões Física,60,
L0002198,O20250200,2025,2025-06-09,Física,P005,Intensivo ENEM,Aula teórica Física,120,
L0002199,O20250201,2025,06/02/2025,Química,P008,Intensivo ENEM,Laboratório Química,90,Híbrido
L0002200,O20250201,2025,2025-02-05,Química,P008,Intensivo ENEM, Química,90,online
L0002201,O20250201,2025,2025-03-28,Química,P008,Intensivo ENEM,Laboratório Química,120,
L0002202,O20250201,2025,2025-03-13,Química,P008,Intensivo ENEM,Laboratório Química,60,Híbrido
L0002203,O20250201,2025,2025-04-21,Química,P008,Intensivo ENEM,Revisão Química,90,Híbrido
L0002204,O20250201,2025,2025-04-16,Química,P008,Intensivo ENEM,Aula teórica Química,90,
L0002205,O20250201,2025,2025-05-03,Química,P008,Intensivo ENEM,Laboratório Química,120,Presencial
L0002206,O20250201,2025,2025-05-21,Química,P008,Intensivo ENEM,Aula teórica Química,,Híbrido
L0002207,O20250201,2025,2025-06-17,Química,P008,Intensivo ENEM,Resolução de questões Química,60,Híbrido
L0002208,O20250202,2025,2025-02-27,Biologia,P012,Intensivo ENEM, Biologia,,Híbrido
L0002209,O20250202,2025,2025-02-07,Biologia,P012,Intensivo ENEM,Aula teórica Biologia,50,Online
L0002210,O20250202,2025,2025-03-17,Biologia,P012,Intensivo ENEM,Aula teórica Biologia,50,Online
L0002211,O20250202,2025,08/03/2025,Biologia,P012,Intensivo ENEM,Resolução de questões Biologia,60,online
L0002212,O20250202,2025,2025-04-27,Biologia,P012,Intensivo ENEM,Revisão Biologia,60,Presencial
L0002213,O20250202,2025,2025-04-10,Biologia,P012,Intensivo ENEM,Laboratório Biologia,90,Online
L0002214,O20250202,2025,2025-05-10,Biologia,P012,Intensivo ENEM,Aula teórica Biologia,50,Online
L0002215,O20250202,2025,2025-05-26,Biologia,P012,Intensivo ENEM, Biologia,,
L0002216,O20250202,2025,2025-06-27,Biologia,P012,Intensivo ENEM,Resolução de questões Biologia,60,
L0002217,O20250202,2025,2025-06-26,Biologia,P012,Intensivo ENEM,Resolução de questões Biologia,50,online
L0002218,O20250202,2025,2025-07-06,Biologia,P012,Intensivo ENEM,Revisão Biologia,,online
L0002219,O20250203,2025,2025-02-17,História,P015,Intensivo ENEM,Laboratório História,120,Híbrido
L0002220,O20250203,2025,2025-02-27,História,P015,Intensivo ENEM,Aula teórica História,120,Presencial
L0002221,O20250203,2025,2025-03-26,História,P015,Intensivo ENEM,Laboratório História,50,
L0002222,O20250203,2025,2025-03-23,História,P015,Intensivo ENEM,Aula teórica História,120,Híbrido
L0002223,O20250203,2025,2025-04-22,História,P015,Intensivo ENEM,Aula teórica História,90,Presencial
L0002224,O20250203,2025,2025-04-16,História,P015,Intensivo ENEM,Revisão História,75,Presencial
L0002225,O20250203,2025,2025-05-06,História,P015,Intensivo ENEM, História,75,
L0002226,O20250203,2025,2025-05-09,História,P015,Intensivo ENEM,Revisão História,60,Presencial
L0002227,O20250203,2025,2025-06-25,História,P015,Intensivo ENEM,Aula teórica História,90,Híbrido
L0002228,O20250203,2025,2025-06-11,História,P015,Intensivo ENEM,Correção de simulado História,75,Online
L0002229,O20250203,2025,2025-07-26,História,P015,Intensivo ENEM,Laboratório História,60,Híbrido
L0002230,O20250203,2025,2025-07-15,História,P015,Intensivo ENEM,Revisão História,60,online
L0002231,O20250203,2025,2025-08-02,História,P015,Intensivo ENEM,Aula teórica História,75,
L0002232,O20250203,2025,2025-08-13,História,P015,Intensivo ENEM,Aula teórica História,60,Híbrido
L0002233,O20250204,2025,2025-02-12,Geografia,P018,Intensivo ENEM,Laboratório Geografia,90,Online
L0002234,O20250204,2025,2025-02-25,Geografia,P018,Intensivo ENEM,Aula teórica Geografia,120,
L0002235,O20250204,2025,2025-03-12,Geografia,P018,Intensivo ENEM,Correção de simulado Geografia,90,Presencial
L0002236,O20250204,2025,03-17-2025,Geografia,P018,Intensivo ENEM,Correção de simulado Geografia,120,Híbrido
L0002237,O20250204,2025,2025-04-22,Geografia,P018,Intensivo ENEM,Aula teórica Geografia,90,
L0002238,O20250204,2025,2025-04-03,Geografia,P018,Intensivo ENEM, Geografia,,Online
L0002239,O20250204,2025,2025-05-13,Geografia,P018,Intensivo ENEM,Resolução de questões Geografia,60,Híbrido
L0002240,O20250204,2025,2025-05-09,Geografia,P018,Intensivo ENEM,Laboratório Geografia,50,Online
L0002241,O20250204,2025,2025-06-26,Geografia,P018,Intensivo ENEM,Resolução de questões Geografia,120,Híbrido
L0002242,O20250204,2025,2025-06-02,Geografia,P018,Intensivo ENEM,Correção de simulado Geografia,75,online
L0002243,O20250204,2025,2025-07-12,Geografia,P018,Intensivo ENEM, Geografia,60,Online
L0002244,O20250204,2025,2025-07-03,Geografia,P018,Intensivo ENEM, Geografia,90,
L0002245,O20250204,2025,2025-08-26,Geografia,P018,Intensivo ENEM,Laboratório Geografia,90,Presencial
L0002246,O20250205,2025,2025-02-08,Português,P020,Intensivo ENEM,Laboratório Português,75,Online
L0002247,O20250205,2025,2025-02-01,Português,P020,Intensivo ENEM, Português,120,online
L0002248,O20250205,2025,2025-03-19,Português,P020,Intensivo ENEM,Aula teórica Português,,
L0002249,O20250205,2025,2025/03/07,Português,P020,Intensivo ENEM,Resolução de questões Português,60,
L0002250,O20250205,2025,2025-04-17,Português,P020,Intensivo ENEM,Resolução de questões Português,50,Híbrido
L0002251,O20250205,2025,2025-04-16,Português,P020,Intensivo ENEM,Correção de simulado Português,75,Online
L0002252,O20250205,2025,2025-05-12,Português,P020,Intensivo ENEM,Laboratório Português,75,Híbrido
L0002253,O20250205,2025,2025-05-20,Português,P020,Intensivo ENEM,Revisão Português,120,Híbrido
L0002254,O20250206,2025,05/02/2025,Redação,P023,Intensivo ENEM,Correção de simulado Redação,,Híbrido
L0002255,O20250206,2025,2025-02-17,Redação,P023,Intensivo ENEM,Revisão Redação,50,Híbrido
L0002256,O20250206,2025,2025-03-26,Redação,P023,Intensivo ENEM,Resolução de questões Redação,,online
L0002257,O20250206,2025,2025-03-14,Redação,P023,Intensivo ENEM,Correção de simulado Redação,90,Híbrido
L0002258,O20250206,2025,2025-04-27,Redação,P023,Intensivo ENEM,Laboratório Redação,,Presencial
L0002259,O20250206,2025,2025-04-12,Redação,P023,Intensivo ENEM, Redação,75,
L0002260,O20250206,2025,2025-05-06,Redação,P023,Intensivo ENEM,Revisão Redação,120,
L0002261,O20250206,2025,2025-05-26,Redação,P023,Intensivo ENEM,Correção de simulado Redação,60,Híbrido
L0002262,O20250206,2025,2025-06-21,Redação,P023,Intensivo ENEM,Correção de simulado Redação,50,online
L0002263,O20250206,2025,2025-06-16,Redação,P023,Intensivo ENEM,Resolução de questões Redação,60,
L0002264,O20250206,2025,2025-07-19,Redação,P023,Intensivo ENEM,Correção de simulado Redação,,
L0002265,O20250206,2025,2025-07-02,Redação,P023,Intensivo ENEM,Laboratório Redação,60,Presencial
L0002266,O20250207,2025,02-14-2025,Inglês,P027,Intensivo ENEM,Laboratório Inglês,,online
L0002267,O20250207,2025,2025-02-21,Inglês,P027,Intensivo ENEM,Correção de simulado Inglês,50,online
L0002268,O20250207,2025,2025-03-12,Inglês,P027,Intensivo ENEM,Resolução de questões Inglês,90,Híbrido
L0002269,O20250207,2025,2025-03-24,Inglês,P027,Intensivo ENEM,Resolução de questões Inglês,,Online
L0002270,O20250207,2025,2025-04-11,Inglês,P027,Intensivo ENEM,Laboratório Inglês,120,Online
L0002271,O20250207,2025,2025-04-12,Inglês,P027,Intensivo ENEM,Resolução de questões Inglês,120,Presencial
L0002272,O20250207,2025,05-28-2025,Inglês,P027,Intensivo ENEM, Inglês,,Online
L0002273,O20250207,2025,2025-05-18,Inglês,P027,Intensivo ENEM,Resolução de questões Inglês,120,
L0002274,O20250207,2025,2025-06-02,Inglês,P027,Intensivo ENEM,Correção de simulado Inglês,75,Online
L0002275,O20250207,2025,2025-06-01,Inglês,P027,Intensivo ENEM,Aula teórica Inglês,75,Presencial
L0002276,O20250207,2025,2025-07-04,Inglês,P027,Intensivo ENEM,Revisão Inglês,90,
L0002277,O20250207,2025,2025-07-19,Inglês,P027,Intensivo ENEM, Inglês,60,Híbrido
L0002278,O20250207,2025,2025-08-20,Inglês,P027,Intensivo ENEM,Correção de simulado Inglês,90,Presencial
L0002279,O20250208,2025,2025-02-15,Filosofia,P028,Intensivo ENEM,Laboratório Filosofia,,
L0002280,O20250208,2025,2025-02-20,Filosofia,P028,Intensivo ENEM, Filosofia,120,
L0002281,O20250208,2025,2025-03-07,Filosofia,P028,Intensivo ENEM,Correção de simulado Filosofia,75,Online
L0002282,O20250208,2025,2025-03-12,Filosofia,P028,Intensivo ENEM,Resolução de questões Filosofia,50,online
L0002283,O20250208,2025,2025-04-06,Filosofia,P028,Intensivo ENEM,Aula teórica Filosofia,50,Presencial
L0002284,O20250208,2025,2025-04-04,Filosofia,P028,Intensivo ENEM,Correção de simulado Filosofia,120,
L0002285,O20250208,2025,2025-05-17,Filosofia,P028,Intensivo ENEM,Resolução de questões Filosofia,90,
L0002286,O20250208,2025,2025-05-14,Filosofia,P028,Intensivo ENEM,Revisão Filosofia,120,Presencial
L0002287,O20250208,2025,2025-06-03,Filosofia,P028,Intensivo ENEM,Resolução de questões Filosofia,50,Presencial
L0002288,O20250208,2025,2025-06-21,Filosofia,P028,Intensivo ENEM,Aula teórica Filosofia,,Híbrido
L0002289,O20250208,2025,2025-07-12,Filosofia,P028,Intensivo ENEM,Aula teórica Filosofia,75,Online
L0002290,O20250209,2025,2025-02-02,Sociologia,P034,Intensivo ENEM, Sociologia,120,Online
L0002291,O20250209,2025,2025/02/28,Sociologia,P034,Intensivo ENEM, Sociologia,60,
L0002292,O20250209,2025,2025-03-27,Sociologia,P034,Intensivo ENEM, Sociologia,90,Presencial
L0002293,O20250209,2025,2025-03-23,Sociologia,P034,Intensivo ENEM,Laboratório Sociologia,120,
L0002294,O20250209,2025,2025-04-27,Sociologia,P034,Intensivo ENEM,Correção de simulado Sociologia,75,Online
L0002295,O20250209,2025,2025-04-18,Sociologia,P034,Intensivo ENEM,Laboratório Sociologia,75,Presencial
L0002296,O20250209,2025,05-24-2025,Sociologia,P034,Intensivo ENEM,Laboratório Sociologia,120,
L0002297,O20250209,2025,2025-05-24,Sociologia,P034,Intensivo ENEM,Laboratório Sociologia,60,Presencial
L0002298,O20250210,2025,18/02/2025,Matemática,P002,Revisão Final,Resolução de questões Matemática,120,Online
L0002299,O20250210,2025,2025/02/16,Matemática,P002,Revisão Final,Aula teórica Matemática,60,Híbrido
L0002300,O20250210,2025,2025-03-22,Matemática,P002,Revisão Final,Aula teórica Matemática,50,Online
L0002301,O20250210,2025,2025-03-06,Matemática,P002,Revisão Final,Resolução de questões Matemática,90,online
L0002302,O20250210,2025,2025-04-25,Matemática,P002,Revisão Final,Laboratório Matemática,60,online
L0002303,O20250210,2025,2025-04-16,Matemática,P002,Revisão Final,Aula teórica Matemática,75,Híbrido
L0002304,O20250210,2025,2025-05-10,Matemática,P002,Revisão Final,Resolução de questões Matemática,50,online
L0002305,O20250210,2025,2025-05-08,Matemática,P002,Revisão Final, Matemática,50,online
L0002306,O20250210,2025,2025-06-12,Matemática,P002,Revisão Final,Revisão Matemática,60,Híbrido
L0002307,O20250210,2025,2025-06-03,Matemática,P002,Revisão Final,Correção de simulado Matemática,75,
L0002308,O20250210,2025,2025-07-07,Matemática,P002,Revisão Final,Correção de simulado Matemática,60,Híbrido
L0002309,O20250210,2025,2025-07-18,Matemática,P002,Revisão Final,Resolução de questões Matemática,120,Presencial
L0002310,O20250210,2025,2025-08-07,Matemática,P002,Revisão Final,Correção de simulado Matemática,75,Online
L0002311,O20250210,2025,2025-08-25,Matemática,P002,Revisão Final, Matemática,90,Presencial
L0002312,O20250211,2025,15/02/2025,Física,P006,Revisão Final, Física,75,Online
L0002313,O20250211,2025,2025-02-24,Física,P006,Revisão Final,Resolução de questões Física,90,Híbrido
L0002314,O20250211,2025,2025-03-06,Física,P006,Revisão Final,Revisão Física,120,Online
L0002315,O20250211,2025,2025-03-17,Física,P006,Revisão Final,Correção de simulado Física,90,Híbrido
L0002316,O20250211,2025,2025/04/26,Física,P006,Revisão Final,Revisão Física,60,Híbrido
L0002317,O20250211,2025,2025-04-21,Física,P006,Revisão Final, Física,75,Presencial
L0002318,O20250211,2025,2025-05-02,Física,P006,Revisão Final,Correção de simulado Física,75,Online
L0002319,O20250211,2025,2025-05-11,Física,P006,Revisão Final,Resolução de questões Física,,Online
L0002320,O20250211,2025,2025-06-19,Física,P006,Revisão Final,Resolução de questões Física,60,Online
L0002321,O20250211,2025,2025-06-11,Física,P006,Revisão Final,Correção de simulado Física,50,Presencial
L0002322,O20250211,2025,2025-07-10,Física,P006,Revisão Final, Física,75,Híbrido
L0002323,O20250212,2025,2025-02-02,Química,P008,Revisão Final,Aula teórica Química,75,Híbrido
L0002324,O20250212,2025,2025-02-18,Química,P008,Revisão Final,Aula teórica Química,75,Online
L0002325,O20250212,2025,2025-03-13,Química,P008,Revisão Final,Correção de simulado Química,90,Presencial
L0002326,O20250212,2025,2025-03-10,Química,P008,Revisão Final,Laboratório Química,90,online
L0002327,O20250212,2025,2025-04-15,Química,P008,Revisão Final,Resolução de questões Química,120,
L0002328,O20250212,2025,2025-04-28,Química,P008,Revisão Final,Resolução de questões Química,75,Híbrido
L0002329,O20250212,2025,2025-05-06,Química,P008,Revisão Final, Química,50,Híbrido
L0002330,O20250212,2025,2025-05-25,Química,P008,Revisão Final, Química,120,Online
L0002331,O20250212,2025,2025-06-18,Química,P008,Revisão Final,Revisão Química,,Presencial
L0002332,O20250212,2025,2025-06-16,Química,P008,Revisão Final,Resolução de questões Química,75,Online
L0002333,O20250212,2025,2025-07-27,Química,P008,Revisão Final,Resolução de questões Química,50,online
L0002334,O20250213,2025,2025-02-10,Biologia,P013,Revisão Final,Aula teórica Biologia,75,Híbrido
L0002335,O20250213,2025,2025-02-26,Biologia,P013,Revisão Final, Biologia,75,Híbrido
L0002336,O20250213,2025,2025-03-02,Biologia,P013,Revisão Final,Laboratório Biologia,50,
L0002337,O20250213,2025,2025-03-24,Biologia,P013,Revisão Final,Correção de simulado Biologia,60,online
L0002338,O20250213,2025,2025-04-24,Biologia,P013,Revisão Final,Resolução de questões Biologia,,
L0002339,O20250213,2025,2025-04-26,Biologia,P013,Revisão Final,Laboratório Biologia,90,Híbrido
L0002340,O20250213,2025,2025-05-24,Biologia,P013,Revisão Final, Biologia,120,Híbrido
L0002341,O20250213,2025,2025-05-12,Biologia,P013,Revisão Final,Correção de simulado Biologia,75,Online
L0002342,O20250213,2025,2025-06-14,Biologia,P013,Revisão Final,Correção de simulado Biologia,120,online
L0002343,O20250213,2025,2025-06-26,Biologia,P013,Revisão Final,Resolução de questões Biologia,,Online
L0002344,O20250213,2025,2025-07-02,Biologia,P013,Revisão Final,Revisão Biologia,,Presencial
L0002345,O20250213,2025,2025-07-26,Biologia,P013,Revisão Final,Revisão Biologia,,Presencial
L0002346,O20250214,2025,2025-02-21,História,P015,Revisão Final,Revisão História,120,Online
L0002347,O20250214,2025,2025-02-09,História,P015,Revisão Final, História,50,Online
L0002348,O20250214,2025,2025-03-06,História,P015,Revisão Final,Aula teórica História,75,Online
L0002349,O20250214,2025,03-15-2025,História,P015,Revisão Final, História,50,online
L0002350,O20250214,2025,2025-04-26,História,P015,Revisão Final,Resolução de questões História,120,Híbrido
L0002351,O20250214,2025,2025-04-14,História,P015,Revisão Final,Resolução de questões História,120,Presencial
L0002352,O20250214,2025,2025-05-15,História,P015,Revisão Final,Resolução de questões História,50,online
L0002353,O20250214,2025,2025-05-05,História,P015,Revisão Final,Revisão História,60,Presencial
L0002354,O20250214,2025,2025-06-05,História,P015,Revisão Final,Aula teórica História,90,online
L0002355,O20250214,2025,2025-06-11,História,P015,Revisão Final, História,,Online
L0002356,O20250214,2025,2025-07-13,História,P015,Revisão Final,Resolução de questões História,60,online
L0002357,O20250215,2025,2025-02-12,Geografia,P018,Revisão Final,Correção de simulado Geografia,50,
L0002358,O20250215,2025,2025-02-18,Geografia,P018,Revisão Final, Geografia,75,online
L0002359,O20250215,2025,2025-03-16,Geografia,P018,Revisão Final,Resolução de questões Geografia,90,online
L0002360,O20250215,2025,2025-03-08,Geografia,P018,Revisão Final,Revisão Geografia,60,Online
L0002361,O20250215,2025,2025-04-28,Geografia,P018,Revisão Final,Revisão Geografia,50,Híbrido
L0002362,O20250215,2025,2025-04-06,Geografia,P018,Revisão Final,Resolução de questões Geografia,50,Híbrido
L0002363,O20250215,2025,2025-05-11,Geografia,P018,Revisão Final,Correção de simulado Geografia,120,
L0002364,O20250215,2025,2025-05-09,Geografia,P018,Revisão Final,Correção de simulado Geografia,60,Presencial
L0002365,O20250215,2025,2025-06-12,Geografia,P018,Revisão Final, Geografia,75,
L0002366,O20250215,2025,2025-06-20,Geografia,P018,Revisão Final,Correção de simulado Geografia,75,Presencial
L0002367,O20250215,2025,2025-07-27,Geografia,P018,Revisão Final,Aula teórica Geografia,120,Online
L0002368,O20250215,2025,2025-07-05,Geografia,P018,Revisão Final,Aula teórica Geografia,120,online
L0002369,O20250215,2025,2025-08-02,Geografia,P018,Revisão Final,Laboratório Geografia,90,Presencial
L0002370,O20250215,2025,2025-08-18,Geografia,P018,Revisão Final,Correção de simulado Geografia,90,online
L0002371,O20250216,2025,2025-02-04,Português,P019,Revisão Final,Aula teórica Português,50,Presencial
L0002372,O20250216,2025,2025-02-08,Português,P019,Revisão Final,Resolução de questões Português,50,
L0002373,O20250216,2025,2025-03-03,Português,P019,Revisão Final,Resolução de questões Português,,
L0002374,O20250216,2025,2025-03-02,Português,P019,Revisão Final,Laboratório Português,50,Presencial
L0002375,O20250216,2025,2025-04-06,Português,P019,Revisão Final,Laboratório Português,90,Híbrido
L0002376,O20250216,2025,2025-04-03,Português,P019,Revisão Final,Laboratório Português,60,Híbrido
L0002377,O20250216,2025,2025-05-26,Português,P019,Revisão Final,Aula teórica Português,75,Online
L0002378,O20250216,2025,2025-05-17,Português,P019,Revisão Final,Correção de simulado Português,90,
L0002379,O20250217,2025,2025-02-06,Redação,P022,Revisão Final,Aula teórica Redação,90,Híbrido
L0002380,O20250217,2025,2025-02-17,Redação,P022,Revisão Final,Revisão Redação,50,Híbrido
L0002381,O20250217,2025,2025-03-11,Redação,P022,Revisão Final, Redação,,Híbrido
L0002382,O20250217,2025,2025-03-01,Redação,P022,Revisão Final, Redação,,Híbrido
L0002383,O20250217,2025,2025-04-05,Redação,P022,Revisão Final,Revisão Redação,,Híbrido
L0002384,O20250217,2025,2025-04-26,Redação,P022,Revisão Final, Redação,120,Online
L0002385,O20250217,2025,2025-05-06,Redação,P022,Revisão Final,Laboratório Redação,60,Online
L0002386,O20250217,2025,2025-05-04,Redação,P022,Revisão Final,Aula teórica Redação,,Híbrido
L0002387,O20250217,2025,2025-06-23,Redação,P022,Revisão Final,Aula teórica Redação,90,online
L0002388,O20250217,2025,2025-06-16,Redação,P022,Revisão Final,Laboratório Redação,120,Online
L0002389,O20250217,2025,2025-07-16,Redação,P022,Revisão Final,Laboratório Redação,50,Online
L0002390,O20250218,2025,2025-02-11,Inglês,P024,Revisão Final,Laboratório Inglês,,
L0002391,O20250218,2025,2025-02-23,Inglês,P024,Revisão Final,Correção de simulado Inglês,90,online
L0002392,O20250218,2025,02/03/2025,Inglês,P024,Revisão Final,Aula teórica Inglês,120,Presencial
L0002393,O20250218,2025,2025-03-10,Inglês,P024,Revisão Final,Correção de simulado Inglês,60,Presencial
L0002394,O20250218,2025,2025-04-25,Inglês,P024,Revisão Final, Inglês,120,online
L0002395,O20250218,2025,2025-04-06,Inglês,P024,Revisão Final,Resolução de questões Inglês,50,
L0002396,O20250218,2025,2025-05-20,Inglês,P024,Revisão Final,Correção de simulado Inglês,90,
L0002397,O20250218,2025,2025-05-10,Inglês,P024,Revisão Final,Revisão Inglês,60,Online
L0002398,O20250219,2025,2025-02-10,Filosofia,P030,Revisão Final,Laboratório Filosofia,60,online
L0002399,O20250219,2025,15/02/2025,Filosofia,P030,Revisão Final, Filosofia,50,Híbrido
L0002400,O20250219,2025,2025-03-02,Filosofia,P030,Revisão Final,Laboratório Filosofia,60,
L0002401,O20250219,2025,2025-03-12,Filosofia,P030,Revisão Final,Laboratório Filosofia,120,Presencial
L0002402,O20250219,2025,2025-04-11,Filosofia,P030,Revisão Final, Filosofia,90,
L0002403,O20250219,2025,2025-04-06,Filosofia,P030,Revisão Final,Resolução de questões Filosofia,120,
L0002404,O20250219,2025,2025-05-07,Filosofia,P030,Revisão Final,Aula teórica Filosofia,120,Online
L0002405,O20250219,2025,25/05/2025,Filosofia,P030,Revisão Final,Laboratório Filosofia,,Híbrido
L0002406,O20250220,2025,2025-02-15,Sociologia,P033,Revisão Final,Correção de simulado Sociologia,90,
L0002407,O20250220,2025,2025-02-22,Sociologia,P033,Revisão Final,Aula teórica Sociologia,60,Híbrido
L0002408,O20250220,2025,2025-03-03,Sociologia,P033,Revisão Final,Laboratório Sociologia,90,Híbrido
L0002409,O20250220,2025,2025-03-28,Sociologia,P033,Revisão Final,Aula teórica Sociologia,90,online
L0002410,O20250220,2025,2025-04-20,Sociologia,P033,Revisão Final,Correção de simulado Sociologia,120,
L0002411,O20250220,2025,2025-04-03,Sociologia,P033,Revisão Final,Resolução de questões Sociologia,120,Presencial
L0002412,O20250220,2025,05-18-2025,Sociologia,P033,Revisão Final,Aula teórica Sociologia,90,online
L0002413,O20250220,2025,2025-05-20,Sociologia,P033,Revisão Final,Revisão Sociologia,90,
L0002414,O20250220,2025,2025-06-19,Sociologia,P033,Revisão Final, Sociologia,50,Online
L0002415,O20250220,2025,2025-06-25,Sociologia,P033,Revisão Final,Correção de simulado Sociologia,,Presencial
L0002416,O20250220,2025,2025-07-01,Sociologia,P033,Revisão Final,Correção de simulado Sociologia,60,online
L0002417,O20250220,2025,2025-07-28,Sociologia,P033,Revisão Final,Laboratório Sociologia,75,
L0002418,O20250220,2025,2025-08-22,Sociologia,P033,Revisão Final,Aula teórica Sociologia,60,Híbrido
