matricula_id,aluno_id,oferta_id,ano,materia_declarada,data_matricula,bolsa_percentual,status_matricula,nota_diagnostico,origem_captacao
M0000001,A00001,O20230092,2023,Biologia,2023-03-06,25,Concluída,58.3,Feira escolar
M0000002,A00001,O20230090,2023,Física,2023-01-20,20,Concluída,54.2,Google
M0000003,A00001,O20230094,2023,Geografia,2023-04-22,50,Concluída,53.1,WhatsApp
M0000004,A00001,O20230097,2023,Inglês,2023-03-06,0,Concluída,70.4,Google
M0000005,A00001,O20230089,2023,Matemática,2023-04-06,10,Concluída,51.3,Indicação
M0000006,A00001,O20230095,2023,Portugues,2023-01-07,,Concluída,32.9,
M0000007,A00001,O20230091,2023,Química,2023-01-16,,Concluída,41.5,
M0000008,A00001,O20230096,2023,Redação,2023-01-22,15,Concluída,93.3,Indicação
M0000009,A00001,O20230099,2023,Sociologia,2023-01-28,,Concluída,71.2,Feira escolar
M0000010,A00001,O20240158,2024,Biologia,2024-03-14,15,Cancelada,68.7,Indicação
M0000011,A00001,O20240156,2024,Física,2024-04-28,50,Ativa,48.2,Instagram
M0000012,A00001,O20240160,2024,Geografia,2024-03-24,25,Ativa,59.4,
M0000013,A00001,O20240163,2024,Ingles,2024-04-12,20,Ativa,53.2,WhatsApp
M0000014,A00001,O20240155,2024,Matemática,2024-04-20,0,concluida,55.0,Feira escolar
M0000015,A00001,O20240161,2024,Português,2024-01-16,,Cancelada,62.6,Indicação
M0000016,A00001,O20240162,2024,Redação,2024-02-18,30,Concluída,58.5,Feira escolar
M0000017,A00001,O20240165,2024,Sociologia,2024-01-02,20,Concluída,43.3,Google
M0000018,A00002,O20250180,2025,Biologia,05/02/2025,0,Concluída,95.5,Feira escolar
M0000019,A00002,O20250186,2025,Filosofia,2025-02-15,15,Concluída,74.7,Indicação
M0000020,A00002,O20250185,2025,Inglês,2025-04-16,15,Concluída,60.8,WhatsApp
M0000021,A00002,O20250177,2025,Matemática,2025-01-18,0,Concluída,35.5,WhatsApp
M0000022,A00002,O20250183,2025,Português,2025-02-05,15,Concluída,50.0,Google
M0000023,A00002,O20250179,2025,Química,2025-02-10,,Cancelada,45.9,Google
M0000024,A00002,O20250184,2025,Redação,2025-02-12,0,Concluída,56.3,
M0000025,A00002,O20250187,2025,Sociologia,2025-02-20,0,Ativa,42.2,Feira escolar
M0000026,A00003,O20220048,2022,Biologia,2022-02-13,15,Concluída,85.2,Google
M0000027,A00003,O20220054,2022,Filosofia,2022-04-01,0,Concluída,50.9,WhatsApp
M0000028,A00003,O20220046,2022,Física,2022-04-24,15,Concluída,63.8,WhatsApp
M0000029,A00003,O20220050,2022,Geografia,2022-04-22,0,Concluída,58.1,Instagram
M0000030,A00003,O20220049,2022,História,2022-04-26,25,Concluída,49.5,Instagram
M0000031,A00003,O20220053,2022,Inglês,2022-02-11,15,Ativa,64.9,Feira escolar
M0000032,A00003,O20220045,2022,Matemática,2022-01-09,0,Concluída,65.1,Feira escolar
M0000033,A00003,O20220051,2022,Português,2022-04-04,15,Concluída,61.0,
M0000034,A00003,O20220047,2022,Química,2022-03-18,0,Concluída,70.2,WhatsApp
M0000035,A00003,O20220052,2022,Redação,2022-04-10,0,Concluída,37.5,Instagram
M0000036,A00003,O20220055,2022,Sociologia,2022-01-15,25,Concluída,46.3,WhatsApp
M0000037,A00004,O20210032,2021,Filosofia,2021-03-01,0,Ativa,48.1,Google
M0000038,A00004,O20210024,2021,Física,2021-01-17,,Concluída,58.1,
M0000039,A00004,O20210028,2021,GEOGRAFIA,2021/02/08,30,Concluída,38.0,
M0000040,A00004,O20210027,2021,História,2021-04-06,10,Concluída,37.1,Instagram
M0000041,A00004,O20210031,2021,Inglês,2021-01-26,50,Concluída,64.0,WhatsApp
M0000042,A00004,O20210023,2021,Matemática,2021-03-14,30,Ativa,56.8,
M0000043,A00004,O20210029,2021,Português,2021-04-15,0,Concluída,44.3,
M0000044,A00004,O20210025,2021,Química,2021-02-17,25,Concluída,62.7,Feira escolar
M0000045,A00004,O20210030,2021,Redação,2021-04-21,30,Concluída,67.4,Indicação
M0000046,A00004,O20210033,2021,Sociologia,2021-01-19,30,Concluída,69.9,WhatsApp
M0000047,A00005,O20220059,2022,Biologia,2022-02-07,20,Concluída,86.2,Instagram
M0000048,A00005,O20220065,2022,Filosofia,2022-01-18,0,Concluída,52.7,Feira escolar
M0000049,A00005,O20220057,2022,Física,2022-02-09,30,Concluída,64.2,Instagram
M0000050,A00005,O20220061,2022,Geografia,2022-02-24,0,Concluída,48.7,Instagram
M0000051,A00005,O20220060,2022,História,2022-02-01,,Concluída,52.4,Google
M0000052,A00005,O20220064,2022,Inglês,03-14-2022,,Ativa,77.3,Instagram
M0000053,A00005,O20220056,2022,Matemática,2022-02-07,20,Ativa,48.5,WhatsApp
M0000054,A00005,O20220062,2022,Português,2022-04-10,15,Cancelada,78.9,
M0000055,A00005,O20220058,2022,Química,2022-01-28,20,Concluída,48.7,Google
M0000056,A00005,O20220063,2022,Redacao,2022-01-07,15,Concluída,92.6,
M0000057,A00005,O20220066,2022,Sociologia,2022-01-05,,Cancelada,51.7,Google
M0000058,A00006,O20230092,2023,BIOLOGIA,2023-02-15,30,Concluída,56.5,
M0000059,A00006,O20230098,2023,Filosofia,2023-02-12,0,Concluída,62.8,WhatsApp
M0000060,A00006,O20230094,2023,Geografia,2023-03-22,10,Concluída,74.3,Feira escolar
M0000061,A00006,O20230093,2023,História,2023-02-10,,Concluída,66.7,Instagram
M0000062,A00006,O20230097,2023,Inglês,2023-01-26,0,Ativa,59.9,WhatsApp
M0000063,A00006,O20230089,2023,Matematica,2023-03-01,,Concluída,59.5,Instagram
M0000064,A00006,O20230095,2023,Português,2023-02-13,10,Concluída,56.7,Feira escolar
M0000065,A00006,O20230096,2023,Redação,04-13-2023,50,Concluída,67.1,Feira escolar
M0000066,A00006,O20230099,2023,Sociologia,2023-02-04,20,Concluída,57.2,
M0000067,A00006,O20240136,2024,Biologia,2024-02-24,15,Ativa,69.3,Indicação
M0000068,A00006,O20240142,2024,Filosofia,2024-03-03,10,Concluída,64.0,Instagram
M0000069,A00006,O20240134,2024,Física,2024-04-20,0,Ativa,64.0,Google
M0000070,A00006,O20240138,2024,Geografia,2024-01-25,30,Concluída,61.7,WhatsApp
M0000071,A00006,O20240137,2024,História,2024-02-23,,Ativa,41.8,Instagram
M0000072,A00006,O20240141,2024,Inglês,2024-02-05,25,Concluída,81.6,Google
M0000073,A00006,O20240133,2024,Matemática,2024-01-12,0,Trancada,63.7,
M0000074,A00006,O20240139,2024,Português,2024-03-22,20,Concluída,50.3,WhatsApp
M0000075,A00006,O20240140,2024,Redação,2024-04-05,50,Concluída,39.1,Instagram
M0000076,A00006,O20240143,2024,Sociologia,2024/04/15,10,Concluída,65.4,Google
M0000077,A00007,O20240175,2024,Filosofia,2024-01-20,10,Concluída,66.8,Instagram
M0000078,A00007,O20240167,2024,Física,02-03-2024,50,Ativa,25.0,Google
M0000079,A00007,O20240174,2024,Inglês,2024-02-05,30,Concluída,67.9,Google
M0000080,A00007,O20240166,2024,Matemática,2024-03-08,0,concluida,60.8,Indicação
M0000081,A00007,O20240172,2024,Português,2024-01-16,25,Concluída,40.3,Instagram
M0000082,A00007,O20240168,2024,Química,2024-02-23,,Concluída,72.8,Instagram
M0000083,A00007,O20240173,2024,Redação,2024-01-02,20,Ativa,45.7,Google
M0000084,A00008,O20240156,2024,Física,2024/02/09,10,Ativa,83.1,Google
M0000085,A00008,O20240159,2024,História,2024-02-08,0,Concluída,54.4,Google
M0000086,A00008,O20240163,2024,Inglês,2024-03-16,25,Concluída,65.7,Feira escolar
M0000087,A00008,O20240155,2024,Matemática,2024-04-13,0,Concluída,55.5,Indicação
M0000088,A00008,O20240161,2024,Português,2024-02-22,15,Concluída,62.6,Indicação
M0000089,A00008,O20240157,2024,Química,2024-04-19,20,Concluída,62.0,Instagram
M0000090,A00008,O20240162,2024,Redacao,2024-03-12,25,Concluída,71.6,WhatsApp
M0000091,A00008,O20250197,2025,Filosofia,09/01/2025,10,Concluída,58.6,Google
M0000092,A00008,O20250189,2025,Física,17/04/2025,25,Concluída,66.1,Instagram
M0000093,A00008,O20250192,2025,História,2025-02-05,15,Concluída,68.2,Google
M0000094,A00008,O20250196,2025,Ingles,2025-02-25,20,Ativa,62.7,Indicação
M0000095,A00008,O20250188,2025,Matemática,2025-02-05,0,Cancelada,75.0,Feira escolar
M0000096,A00008,O20250194,2025,Português,2025-03-18,0,Concluída,47.8,Indicação
M0000097,A00008,O20250190,2025,Química,2025-02-02,50,Concluída,66.6,WhatsApp
M0000098,A00008,O20250195,2025,Redação,2025-02-26,30,Concluída,49.9,
M0000099,A00009,O20210004,2021,Biologia,2021-02-02,20,Ativa,44.6,Google
M0000100,A00009,O20210010,2021,Filosofia,2021-03-08,15,Concluída,59.0,Instagram
M0000101,A00009,O20210002,2021,Física,2021/01/15,0,Ativa,80.4,Indicação
M0000102,A00009,O20210006,2021,GEOGRAFIA,22/02/2021,0,Concluída,68.5,Indicação
M0000103,A00009,O20210009,2021,Inglês,2021-04-22,20,Ativa,61.9,WhatsApp
M0000104,A00009,O20210001,2021,Matemática,2021-01-11,,Concluída,38.2,Google
M0000105,A00009,O20210007,2021,Português,2021-02-09,0,Concluída,69.1,Feira escolar
M0000106,A00009,O20210003,2021,Química,2021-03-24,30,,41.9,WhatsApp
M0000107,A00009,O20210008,2021,Redação,2021-02-10,15,Ativa,62.6,Indicação
M0000108,A00009,O20210011,2021,Sociologia,2021-02-27,10,Concluída,48.4,Instagram
M0000109,A00010,O20220059,2022,Biologia,2022-02-03,50,Concluída,70.9,WhatsApp
M0000110,A00010,O20220065,2022,Filosofia,2022-03-17,50,Concluída,83.6,Instagram
M0000111,A00010,O20220057,2022,Física,2022-04-22,0,Ativa,70.7,Google
M0000112,A00010,O20220061,2022,GEOGRAFIA,2022-04-04,50,Concluída,62.6,
M0000113,A00010,O20220060,2022,Historia,2022-01-11,0,Ativa,53.4,Google
M0000114,A00010,O20220064,2022,Inglês,2022-02-15,15,Concluída,51.4,Feira escolar
M0000115,A00010,O20220056,2022,Matemática,2022-03-27,50,Concluída,59.5,Google
M0000116,A00010,O20220062,2022,PORTUGUÊS,2022-03-18,0,Ativa,77.3,Feira escolar
M0000117,A00010,O20220058,2022,Química,2022-04-12,10,Concluída,68.0,Instagram
M0000118,A00010,O20220063,2022,Redação,2022-01-24,20,Concluída,74.5,Indicação
M0000119,A00010,O20220066,2022,Sociologia,2022-04-02,,Ativa,65.2,WhatsApp
M0000120,A00011,O20210004,2021,Biologia,2021-04-03,0,Ativa,73.1,Instagram
M0000121,A00011,O20210002,2021,Física,2021-01-16,20,Concluída,72.9,
M0000122,A00011,O20210009,2021,Ingles,2021-01-24,15,,46.7,
M0000123,A00011,O20210001,2021,Matemática,2021-04-16,10,Concluída,52.7,Indicação
M0000124,A00011,O20210007,2021,Português,2021-02-09,0,Concluída,58.2,WhatsApp
M0000125,A00011,O20210008,2021,Redação,2021-01-07,0,Concluída,58.0,Google
M0000126,A00011,O20210011,2021,Sociologia,2021-04-08,0,Cancelada,51.0,Indicação
M0000127,A00011,O20220054,2022,Filosofia,2022-02-25,20,Ativa,63.5,Instagram
M0000128,A00011,O20220050,2022,Geografia,2022-02-23,20,Concluída,46.5,WhatsApp
M0000129,A00011,O20220053,2022,Inglês,2022-04-11,20,concluida,69.0,Feira escolar
M0000130,A00011,O20220045,2022,Matemática,2022-02-27,0,Concluída,50.8,Google
M0000131,A00011,O20220051,2022,Português,2022-02-17,30,Concluída,59.9,Feira escolar
M0000132,A00011,O20220052,2022,Redação,2022-02-19,15,Ativa,59.5,
M0000133,A00011,O20220055,2022,Sociologia,2022-03-22,15,Ativa,50.9,Instagram
M0000134,A00012,O20230092,2023,Biologia,05/01/2023,0,Concluída,50.7,WhatsApp
M0000135,A00012,O20230098,2023,Filosofia,2023-01-06,,,58.2,WhatsApp
M0000136,A00012,O20230090,2023,Física,2023-02-16,,Concluída,73.1,Google
M0000137,A00012,O20230093,2023,História,2023-01-15,15,Concluída,57.0,WhatsApp
M0000138,A00012,O20230089,2023,Matemática,2023-04-06,30,Concluída,58.7,Indicação
M0000139,A00012,O20230095,2023,Português,2023-03-15,15,Trancada,49.0,Indicação
M0000140,A00012,O20230091,2023,Química,2023-01-21,20,Ativa,60.6,Google
M0000141,A00012,O20230096,2023,Redação,2023-04-19,50,Ativa,52.5,Indicação
M0000142,A00012,O20230099,2023,Sociologia,2023-01-08,15,Concluída,41.7,Feira escolar
M0000143,A00012,O20240136,2024,Biologia,2024-01-25,,Ativa,53.3,
M0000144,A00012,O20240142,2024,Filosofia,01-22-2024,,Concluída,70.2,Indicação
M0000145,A00012,O20240134,2024,Física,2024-02-22,15,Concluída,64.3,Indicação
M0000146,A00012,O20240137,2024,História,04-07-2024,25,Cancelada,34.3,Indicação
M0000147,A00012,O20240141,2024,Inglês,2024-03-28,0,Concluída,77.9,WhatsApp
M0000148,A00012,O20240133,2024,Matemática,2024-01-09,,Cancelada,91.6,WhatsApp
M0000149,A00012,O20240139,2024,Português,2024-03-27,0,Concluída,69.6,WhatsApp
M0000150,A00012,O20240140,2024,Redação,2024-01-18,50,Ativa,67.2,WhatsApp
M0000151,A00012,O20240143,2024,Sociologia,07/02/2024,50,Concluída,74.7,Feira escolar
M0000152,A00013,O20210015,2021,BIOLOGIA,08/03/2021,20,Concluída,52.6,Indicação
M0000153,A00013,O20210021,2021,FILOSOFIA,2021-02-12,,Concluída,86.4,Google
M0000154,A00013,O20210013,2021,Física,2021-04-12,30,Concluída,63.5,Instagram
M0000155,A00013,O20210017,2021,Geografia,2021-03-10,50,Ativa,50.4,Indicação
M0000156,A00013,O20210012,2021,Matemática,2021-04-11,50,Ativa,95.6,
M0000157,A00013,O20210018,2021,Português,2021-02-01,10,Concluída,42.1,Feira escolar
M0000158,A00013,O20210014,2021,Química,2021-04-27,50,Cancelada,68.7,Indicação
M0000159,A00013,O20210019,2021,Redação,2021-01-07,30,Ativa,51.9,Google
M0000160,A00013,O20210022,2021,SOCIOLOGIA,2021-04-17,25,Ativa,66.6,
M0000161,A00014,O20230125,2023,Biologia,2023-02-01,30,Ativa,83.8,Feira escolar
M0000162,A00014,O20230131,2023,Filosofia,2023-03-11,50,Concluída,41.5,Google
M0000163,A00014,O20230130,2023,Inglês,2023-04-21,15,Concluída,64.3,Google
M0000164,A00014,O20230122,2023,Matemática,2023-04-05,0,Concluída,58.4,Google
M0000165,A00014,O20230128,2023,Português,2023-02-01,10,concluida,80.1,
M0000166,A00014,O20230129,2023,Redação,2023-02-09,25,Concluída,51.4,Instagram
M0000167,A00014,O20230132,2023,Sociologia,2023-03-19,0,Ativa,68.9,Google
M0000168,A00015,O20220048,2022,Biologia,02-26-2022,30,Ativa,51.6,Feira escolar
M0000169,A00015,O20220054,2022,FILOSOFIA,2022-02-04,50,concluida,45.6,Google
M0000170,A00015,O20220050,2022,Geografia,2022-04-23,15,Concluída,49.4,
M0000171,A00015,O20220053,2022,Inglês,2022-04-15,,Ativa,54.3,WhatsApp
M0000172,A00015,O20220045,2022,Matemática,2022-02-03,15,Cancelada,61.7,Instagram
M0000173,A00015,O20220051,2022,Português,2022/03/02,30,Concluída,43.8,
M0000174,A00015,O20220052,2022,Redação,2022-01-26,0,Concluída,51.4,Google
M0000175,A00015,O20220055,2022,SOCIOLOGIA,2022-03-15,15,Concluída,43.7,Indicação
M0000176,A00016,O20220076,2022,Filosofia,2022-02-15,0,Concluída,82.6,Feira escolar
M0000177,A00016,O20220068,2022,Física,03-22-2022,0,Cancelada,63.5,Indicação
M0000178,A00016,O20220075,2022,Inglês,12/04/2022,15,Concluída,73.7,Google
M0000179,A00016,O20220067,2022,Matemática,01-17-2022,0,Trancada,84.9,
M0000180,A00016,O20220073,2022,Português,2022-01-06,,Ativa,69.6,Google
M0000181,A00016,O20220074,2022,Redação,2022-02-25,30,Concluída,73.8,WhatsApp
M0000182,A00016,O20220077,2022,Sociologia,01-01-2022,10,Concluída,65.6,WhatsApp
M0000183,A00016,O20230114,2023,Biologia,2023-02-28,25,Concluída,48.9,
M0000184,A00016,O20230120,2023,Filosofia,2023-01-01,0,Ativa,75.7,Indicação
M0000185,A00016,O20230116,2023,Geografia,2023-04-04,20,Trancada,45.9,
M0000186,A00016,O20230115,2023,História,2023-02-27,0,Concluída,74.1,
M0000187,A00016,O20230119,2023,Inglês,2023-01-01,,concluida,42.5,WhatsApp
M0000188,A00016,O20230111,2023,Matemática,2023-01-08,0,Concluída,50.9,
M0000189,A00016,O20230117,2023,Português,2023-04-22,0,Concluída,56.1,Feira escolar
M0000190,A00016,O20230113,2023,Química,2023-01-26,15,Concluída,81.9,Google
M0000191,A00016,O20230118,2023,Redacao,2023-01-21,,,53.3,Google
M0000192,A00017,O20250180,2025,Biologia,2025-03-09,,Concluída,56.0,Indicação
M0000193,A00017,O20250178,2025,Física,2025-01-18,0,Ativa,64.4,Indicação
M0000194,A00017,O20250182,2025,Geografia,2025-02-17,0,Ativa,41.6,WhatsApp
M0000195,A00017,O20250181,2025,História,2025-03-14,20,Ativa,63.6,Instagram
M0000196,A00017,O20250177,2025,Matemática,2025-02-28,10,Concluída,65.3,Feira escolar
M0000197,A00017,O20250183,2025,Português,2025-03-11,,Ativa,62.0,WhatsApp
M0000198,A00017,O20250179,2025,Química,2025-02-27,0,Concluída,30.5,Feira escolar
M0000199,A00017,O20250184,2025,Redação,2025-03-20,,Ativa,87.2,WhatsApp
M0000200,A00017,O20250187,2025,Sociologia,2025-03-12,15,Concluída,69.3,Instagram
M0000201,A00018,O20220048,2022,Biologia,2022-01-22,50,Concluída,46.6,Instagram
M0000202,A00018,O20220054,2022,Filosofia,2022-03-21,0,Concluída,62.0,Feira escolar
M0000203,A00018,O20220046,2022,Física,2022-01-26,0,Ativa,29.9,Feira escolar
M0000204,A00018,O20220050,2022,Geografia,2022-03-05,0,Ativa,55.7,Google
M0000205,A00018,O20220049,2022,História,2022-01-12,0,Concluída,71.7,
M0000206,A00018,O20220053,2022,Inglês,2022-04-15,15,,50.4,
M0000207,A00018,O20220045,2022,Matemática,2022-02-28,15,Concluída,41.6,Indicação
M0000208,A00018,O20220051,2022,Português,2022-03-21,0,Concluída,58.0,Instagram
M0000209,A00018,O20220047,2022,Química,2022-03-12,0,Concluída,41.5,Instagram
M0000210,A00018,O20220052,2022,Redação,02-25-2022,25,Concluída,64.3,Instagram
M0000211,A00018,O20220055,2022,Sociologia,2022-04-25,0,Concluída,38.3,Indicação
M0000212,A00019,O20230101,2023,Física,2023-01-25,30,Concluída,48.8,Indicação
M0000213,A00019,O20230105,2023,Geografia,2023-04-10,0,Concluída,54.2,Google
M0000214,A00019,O20230104,2023,História,2023-02-24,10,Concluída,51.1,Instagram
M0000215,A00019,O20230108,2023,Inglês,2023-02-19,,Concluída,47.3,
M0000216,A00019,O20230100,2023,Matemática,2023-04-16,25,,65.5,Instagram
M0000217,A00019,O20230106,2023,Português,2023-03-21,0,Ativa,52.3,Instagram
M0000218,A00019,O20230102,2023,Química,2023-02-20,0,Concluída,64.4,Feira escolar
M0000219,A00019,O20230107,2023,Redação,2023-03-14,15,Cancelada,68.9,Feira escolar
M0000220,A00019,O20230110,2023,SOCIOLOGIA,01-03-2023,15,Concluída,67.4,
M0000221,A00020,O20240147,2024,Biologia,2024-02-13,50,concluida,57.7,Feira escolar
M0000222,A00020,O20240153,2024,Filosofia,2024-01-18,,Concluída,65.5,WhatsApp
M0000223,A00020,O20240145,2024,FÍSICA,2024-04-27,25,Concluída,58.8,Feira escolar
M0000224,A00020,O20240149,2024,Geografia,2024-01-11,10,Ativa,57.3,Google
M0000225,A00020,O20240148,2024,História,2024-04-15,0,Concluída,53.0,Instagram
M0000226,A00020,O20240152,2024,Inglês,20/01/2024,30,Cancelada,43.8,Instagram
M0000227,A00020,O20240144,2024,Matemática,2024-02-15,0,,81.8,Instagram
M0000228,A00020,O20240150,2024,Português,2024-01-07,15,Ativa,58.7,Instagram
M0000229,A00020,O20240146,2024,Química,2024-01-27,10,Concluída,73.9,Google
M0000230,A00020,O20240151,2024,Redação,03-12-2024,10,Ativa,62.3,Google
M0000231,A00020,O20240154,2024,Sociologia,2024-01-05,10,Concluída,50.0,
M0000232,A00021,O20250193,2025,Geografia,2025/01/16,50,Concluída,53.9,Indicação
M0000233,A00021,O20250192,2025,História,2025-01-22,10,Concluída,77.0,WhatsApp
M0000234,A00021,O20250188,2025,MATEMÁTICA,2025-01-06,0,Concluída,61.1,
M0000235,A00021,O20250194,2025,Português,2025-02-24,15,Concluída,48.1,Google
M0000236,A00021,O20250190,2025,Química,2025-02-16,0,Concluída,62.9,Google
M0000237,A00021,O20250195,2025,Redação,2025-04-14,0,Concluída,72.6,Feira escolar
M0000238,A00021,O20250198,2025,SOCIOLOGIA,2025-01-05,0,Trancada,40.6,WhatsApp
M0000239,A00022,O20220070,2022,BIOLOGIA,02/02/2022,25,concluida,72.7,WhatsApp
M0000240,A00022,O20220076,2022,Filosofia,02-25-2022,10,Ativa,29.0,Instagram
M0000241,A00022,O20220068,2022,Física,2022/03/10,0,Concluída,60.8,
M0000242,A00022,O20220072,2022,Geografia,2022-01-04,25,Concluída,37.4,
M0000243,A00022,O20220071,2022,Historia,2022-03-01,25,Concluída,41.2,Google
M0000244,A00022,O20220075,2022,Inglês,2022-04-03,0,Concluída,52.8,Feira escolar
M0000245,A00022,O20220067,2022,Matemática,2022-03-18,0,,52.8,WhatsApp
M0000246,A00022,O20220073,2022,Português,2022-01-23,15,Concluída,52.1,Instagram
M0000247,A00022,O20220074,2022,Redação,2022-01-06,0,Ativa,46.2,Instagram
M0000248,A00022,O20220077,2022,Sociologia,2022-02-23,30,Concluída,46.9,Google
M0000249,A00022,O20230125,2023,Biologia,2023-01-18,10,Concluída,47.0,Google
M0000250,A00022,O20230131,2023,Filosofia,2023/02/03,25,concluida,48.2,Google
M0000251,A00022,O20230123,2023,Física,2023-04-07,0,Concluída,55.4,Indicação
M0000252,A00022,O20230127,2023,Geografia,2023-03-04,50,concluida,65.4,
M0000253,A00022,O20230126,2023,História,2023-01-12,10,Concluída,65.5,WhatsApp
M0000254,A00022,O20230130,2023,Inglês,2023-03-26,0,Concluída,27.5,Instagram
M0000255,A00022,O20230122,2023,Matemática,2023-01-25,0,Ativa,84.4,Google
M0000256,A00022,O20230128,2023,Português,02-26-2023,0,concluida,40.1,
M0000257,A00022,O20230124,2023,Química,04-12-2023,50,Concluída,62.6,Google
M0000258,A00022,O20230129,2023,Redação,2023-02-11,25,Ativa,61.2,
M0000259,A00022,O20230132,2023,Sociologia,2023-02-28,15,concluida,44.6,Instagram
M0000260,A00023,O20230131,2023,Filosofia,2023-04-11,0,Ativa,58.3,Google
M0000261,A00023,O20230123,2023,Física,2023-04-21,30,Ativa,79.8,
M0000262,A00023,O20230127,2023,Geografia,2023-01-04,50,Ativa,41.5,Instagram
M0000263,A00023,O20230130,2023,Inglês,2023-02-02,0,Concluída,55.8,Indicação
M0000264,A00023,O20230122,2023,Matemática,2023-03-15,10,Trancada,44.5,Feira escolar
M0000265,A00023,O20230128,2023,Português,2023-02-18,0,Ativa,49.3,Google
M0000266,A00023,O20230129,2023,Redação,2023-01-16,25,Concluída,43.3,Feira escolar
M0000267,A00023,O20230132,2023,Sociologia,2023-04-12,0,Concluída,60.5,Indicação
M0000268,A00023,O20240153,2024,Filosofia,15/01/2024,0,Concluída,59.7,
M0000269,A00023,O20240145,2024,Física,2024-01-12,0,Concluída,56.3,Instagram
M0000270,A00023,O20240149,2024,Geografia,2024-01-17,30,Concluída,41.7,Instagram
M0000271,A00023,O20240144,2024,Matemática,2024-02-21,10,Concluída,81.1,
M0000272,A00023,O20240150,2024,Português,2024-01-24,15,Concluída,76.4,Feira escolar
M0000273,A00023,O20240146,2024,Quimica,2024/02/07,10,Concluída,28.9,Instagram
M0000274,A00023,O20240151,2024,Redação,2024-03-01,0,Concluída,36.3,
M0000275,A00023,O20240154,2024,Sociologia,2024-01-28,0,Concluída,66.6,Feira escolar
M0000276,A00024,O20210004,2021,Biologia,2021-03-19,0,Ativa,57.3,
M0000277,A00024,O20210002,2021,Física,2021-04-15,10,Ativa,71.0,Instagram
M0000278,A00024,O20210009,2021,Inglês,2021-04-03,20,concluida,86.4,WhatsApp
M0000279,A00024,O20210001,2021,Matemática,2021-04-06,,Trancada,61.6,Instagram
M0000280,A00024,O20210007,2021,Português,01/03/2021,50,Concluída,59.0,Google
M0000281,A00024,O20210003,2021,QUÍMICA,2021-03-04,25,Concluída,45.2,Google
M0000282,A00024,O20210008,2021,Redação,2021-01-26,0,Concluída,61.2,WhatsApp
M0000283,A00024,O20220059,2022,Biologia,2022-04-09,0,Concluída,50.8,Indicação
M0000284,A00024,O20220065,2022,Filosofia,2022-04-04,0,Ativa,54.8,Feira escolar
M0000285,A00024,O20220057,2022,Física,2022-01-16,25,Concluída,52.8,WhatsApp
M0000286,A00024,O20220061,2022,Geografia,2022-01-20,50,Concluída,52.3,WhatsApp
M0000287,A00024,O20220060,2022,História,2022-04-01,30,Ativa,70.9,Feira escolar
M0000288,A00024,O20220064,2022,Inglês,2022-03-15,20,Concluída,55.6,Feira escolar
M0000289,A00024,O20220056,2022,Matemática,2022-02-20,10,Concluída,72.9,
M0000290,A00024,O20220062,2022,Português,2022-01-23,15,concluida,62.6,Google
M0000291,A00024,O20220058,2022,Quimica,2022-04-14,0,Ativa,53.3,Instagram
M0000292,A00024,O20220063,2022,Redação,2022-02-05,0,Concluída,60.7,Feira escolar
M0000293,A00024,O20220066,2022,Sociologia,2022-02-18,0,Concluída,45.1,Google
M0000294,A00025,O20210021,2021,Filosofia,2021-02-25,10,concluida,81.8,
M0000295,A00025,O20210013,2021,Física,2021-04-21,20,Trancada,51.5,Indicação
M0000296,A00025,O20210017,2021,Geografia,2021-02-19,10,Concluída,35.6,WhatsApp
M0000297,A00025,O20210016,2021,História,2021-03-09,25,Concluída,50.2,Instagram
M0000298,A00025,O20210020,2021,Inglês,2021-04-25,0,Trancada,38.2,Indicação
M0000299,A00025,O20210012,2021,Matemática,2021/03/05,50,Concluída,63.6,Indicação
M0000300,A00025,O20210018,2021,Português,2021-02-10,0,Trancada,42.1,Instagram
M0000301,A00025,O20210019,2021,Redação,2021-03-26,15,Concluída,53.7,Indicação
M0000302,A00025,O20220054,2022,Filosofia,2022-02-01,0,Cancelada,61.3,Indicação
M0000303,A00025,O20220046,2022,Física,25/04/2022,0,Ativa,41.5,Indicação
M0000304,A00025,O20220050,2022,Geografia,2022-04-26,0,Ativa,73.6,
M0000305,A00025,O20220049,2022,História,2022-03-24,15,Concluída,61.6,Feira escolar
M0000306,A00025,O20220053,2022,Inglês,2022-03-26,,Ativa,57.7,WhatsApp
M0000307,A00025,O20220045,2022,Mat.,2022-02-11,50,Concluída,71.0,Feira escolar
M0000308,A00025,O20220051,2022,Português,2022-01-09,0,,63.0,Google
M0000309,A00025,O20220052,2022,Redação,2022-02-05,30,Concluída,65.2,Indicação
M0000310,A00026,O20210026,2021,Biologia,2021-03-03,10,Cancelada,44.4,Feira escolar
M0000311,A00026,O20210032,2021,Filosofia,2021-02-17,30,,41.3,Instagram
M0000312,A00026,O20210024,2021,Física,2021-02-12,15,Concluída,77.4,
M0000313,A00026,O20210027,2021,História,2021-04-07,25,Concluída,61.3,Instagram
M0000314,A00026,O20210031,2021,Inglês,2021-04-08,30,Ativa,38.4,Google
M0000315,A00026,O20210023,2021,Matemática,01-11-2021,0,Cancelada,58.4,WhatsApp
M0000316,A00026,O20210029,2021,Português,2021-01-24,0,Concluída,76.7,Instagram
M0000317,A00026,O20210030,2021,Redação,2021-02-28,20,Ativa,65.8,Google
M0000318,A00026,O20220048,2022,Biologia,2022-04-10,30,Concluída,40.9,Indicação
M0000319,A00026,O20220054,2022,Filosofia,2022-04-21,0,Concluída,53.5,Feira escolar
M0000320,A00026,O20220046,2022,Física,2022-02-14,50,Concluída,66.9,WhatsApp
M0000321,A00026,O20220049,2022,História,03-07-2022,10,Ativa,55.9,Instagram
M0000322,A00026,O20220053,2022,Inglês,2022/04/07,25,Concluída,76.0,Instagram
M0000323,A00026,O20220045,2022,Matemática,2022-04-28,20,Concluída,36.2,Instagram
M0000324,A00026,O20220051,2022,Português,2022-04-13,20,Concluída,39.0,Instagram
M0000325,A00026,O20220052,2022,Redação,2022-04-15,50,Concluída,59.5,Indicação
M0000326,A00026,O20220055,2022,Sociologia,03-04-2022,50,Concluída,81.1,
M0000327,A00027,O20240158,2024,Biologia,2024-04-23,10,Concluída,28.6,Feira escolar
M0000328,A00027,O20240164,2024,Filosofia,2024-04-09,,Concluída,49.8,Indicação
M0000329,A00027,O20240156,2024,Física,03-27-2024,25,Ativa,74.9,Feira escolar
M0000330,A00027,O20240159,2024,História,2024-02-20,30,Concluída,41.4,Instagram
M0000331,A00027,O20240163,2024,Inglês,2024-03-19,0,Concluída,65.5,Instagram
M0000332,A00027,O20240155,2024,Matemática,2024-04-14,10,Ativa,78.1,WhatsApp
M0000333,A00027,O20240161,2024,PORTUGUÊS,2024-02-21,0,Concluída,49.9,
M0000334,A00027,O20240157,2024,Química,2024-04-24,15,Ativa,80.2,
M0000335,A00027,O20240162,2024,Redação,2024-02-28,0,Concluída,56.6,Google
M0000336,A00027,O20240165,2024,Sociologia,2024-03-10,0,Concluída,33.4,
M0000337,A00028,O20230131,2023,Filosofia,2023-01-10,50,Concluída,71.4,
M0000338,A00028,O20230127,2023,Geografia,2023-04-07,0,Concluída,63.1,
M0000339,A00028,O20230130,2023,Inglês,2023-04-12,0,Trancada,59.9,Google
M0000340,A00028,O20230122,2023,Matemática,2023-01-13,25,Concluída,84.4,Feira escolar
M0000341,A00028,O20230128,2023,Português,2023-02-27,25,Concluída,54.3,Feira escolar
M0000342,A00028,O20230124,2023,Química,2023-01-22,0,Concluída,58.6,WhatsApp
M0000343,A00028,O20230129,2023,Redação,2023-02-15,0,Ativa,78.1,Feira escolar
M0000344,A00028,O20230132,2023,Sociologia,2023-02-05,0,Concluída,46.3,Instagram
M0000345,A00029,O20240147,2024,Biologia,2024-01-15,15,Trancada,70.5,
M0000346,A00029,O20240153,2024,Filosofia,2024-03-12,0,concluida,60.2,WhatsApp
M0000347,A00029,O20240149,2024,Geografia,2024-02-15,25,Ativa,56.7,Instagram
M0000348,A00029,O20240144,2024,Matemática,2024-02-15,10,Cancelada,43.3,Instagram
M0000349,A00029,O20240150,2024,Português,2024-03-19,25,Ativa,53.5,Indicação
M0000350,A00029,O20240146,2024,Química,2024-04-11,30,Concluída,66.7,Instagram
M0000351,A00029,O20240151,2024,Redação,2024-01-15,30,Cancelada,35.4,Instagram
M0000352,A00030,O20250191,2025,Biologia,2025-04-13,0,Ativa,60.9,Instagram
M0000353,A00030,O20250197,2025,Filosofia,2025-01-28,30,Ativa,37.8,Google
M0000354,A00030,O20250189,2025,Física,2025-04-09,10,Ativa,71.1,WhatsApp
M0000355,A00030,O20250196,2025,Ingles,2025-03-18,20,Concluída,65.4,Instagram
M0000356,A00030,O20250188,2025,Matemática,2025-02-11,10,Concluída,78.4,Instagram
M0000357,A00030,O20250194,2025,Português,2025-01-01,10,Concluída,69.4,Feira escolar
M0000358,A00030,O20250190,2025,Química,2025-02-02,0,Concluída,62.4,Indicação
M0000359,A00030,O20250195,2025,Redação,2025-01-21,0,Concluída,79.6,Instagram
M0000360,A00030,O20250198,2025,Sociologia,2025/02/13,25,Trancada,22.9,WhatsApp
M0000361,A00031,O20220070,2022,Biologia,2022-02-18,25,Concluída,40.9,Instagram
M0000362,A00031,O20220068,2022,Física,2022-02-09,50,Concluída,54.5,Indicação
M0000363,A00031,O20220071,2022,História,2022/04/17,30,Ativa,67.0,Instagram
M0000364,A00031,O20220075,2022,Inglês,2022-01-07,25,Ativa,44.5,Instagram
M0000365,A00031,O20220067,2022,Matemática,2022-03-25,,Concluída,77.7,Feira escolar
M0000366,A00031,O20220073,2022,Português,2022-04-23,,Concluída,52.8,Instagram
M0000367,A00031,O20220069,2022,Química,2022-03-06,30,Concluída,43.8,Indicação
M0000368,A00031,O20220074,2022,Redação,2022-02-24,25,Ativa,51.0,
M0000369,A00031,O20220077,2022,Sociologia,2022-04-10,50,Concluída,65.0,Feira escolar
M0000370,A00031,O20230114,2023,Biologia,2023-02-25,0,Concluída,52.5,Instagram
M0000371,A00031,O20230120,2023,Filosofia,2023-04-12,25,Concluída,66.8,Instagram
M0000372,A00031,O20230112,2023,FÍSICA,2023-01-16,30,Ativa,46.8,Feira escolar
M0000373,A00031,O20230116,2023,Geografia,2023-03-17,0,,48.3,WhatsApp
M0000374,A00031,O20230115,2023,Historia,2023-04-20,0,Concluída,54.9,Google
M0000375,A00031,O20230119,2023,Ingles,2023/04/25,0,Ativa,57.3,Google
M0000376,A00031,O20230111,2023,Matemática,2023-03-08,0,Concluída,66.3,
M0000377,A00031,O20230117,2023,Português,2023-03-28,0,,62.6,Feira escolar
M0000378,A00031,O20230118,2023,Redação,2023-04-26,50,Concluída,55.5,Google
M0000379,A00031,O20230121,2023,Sociologia,2023/01/04,20,Concluída,44.1,Instagram
M0000380,A00031,O20240153,2024,FILOSOFIA,2024-02-11,50,Concluída,48.9,WhatsApp
M0000381,A00031,O20240145,2024,Física,2024-02-07,0,Concluída,45.8,WhatsApp
M0000382,A00031,O20240148,2024,História,2024-02-24,25,Cancelada,51.1,Google
M0000383,A00031,O20240152,2024,Inglês,2024-02-23,25,Cancelada,74.9,Feira escolar
M0000384,A00031,O20240144,2024,Matemática,2024-01-24,0,Concluída,57.5,
M0000385,A00031,O20240150,2024,Português,2024-03-25,30,Concluída,71.9,
M0000386,A00031,O20240151,2024,Redação,03/02/2024,25,Concluída,65.1,Google
M0000387,A00032,O20240158,2024,Biologia,2024-01-01,15,Concluída,68.7,Indicação
M0000388,A00032,O20240164,2024,Filosofia,2024-04-19,10,Concluída,60.7,
M0000389,A00032,O20240156,2024,Física,2024-01-01,0,Concluída,59.2,WhatsApp
M0000390,A00032,O20240160,2024,Geografia,2024-03-04,0,Concluída,47.7,Instagram
M0000391,A00032,O20240159,2024,História,2024-02-07,30,Concluída,45.6,WhatsApp
M0000392,A00032,O20240163,2024,Inglês,2024/01/23,30,Concluída,36.9,WhatsApp
M0000393,A00032,O20240155,2024,Matemática,2024-01-15,,Concluída,71.3,
M0000394,A00032,O20240161,2024,Português,2024-02-19,0,Ativa,64.3,Feira escolar
M0000395,A00032,O20240157,2024,Química,2024-03-21,0,Ativa,68.7,
M0000396,A00032,O20240162,2024,Redação,2024-01-27,0,Cancelada,54.3,Google
M0000397,A00032,O20240165,2024,Sociologia,03-28-2024,0,Ativa,63.5,
M0000398,A00033,O20210002,2021,Física,2021-01-25,10,Concluída,56.6,Feira escolar
M0000399,A00033,O20210005,2021,História,10/01/2021,10,Ativa,56.8,Indicação
M0000400,A00033,O20210009,2021,Inglês,2021-04-09,15,Cancelada,47.9,
M0000401,A00033,O20210001,2021,Matemática,2021-01-01,0,Concluída,68.5,
M0000402,A00033,O20210007,2021,Português,2021-01-03,0,concluida,45.2,Feira escolar
M0000403,A00033,O20210003,2021,Química,04-02-2021,20,Concluída,61.8,Google
M0000404,A00033,O20210008,2021,Redação,2021-01-12,15,Concluída,90.3,Indicação
M0000405,A00033,O20210011,2021,Sociologia,2021-04-08,,Ativa,42.0,
M0000406,A00033,O20220076,2022,Filosofia,2022-01-08,15,Cancelada,61.2,Instagram
M0000407,A00033,O20220071,2022,Historia,2022-01-03,0,Concluída,34.7,
M0000408,A00033,O20220075,2022,Inglês,2022-01-09,,Concluída,39.1,Google
M0000409,A00033,O20220067,2022,Matemática,2022-02-06,10,Concluída,48.8,
M0000410,A00033,O20220073,2022,Português,17/02/2022,0,Concluída,52.0,Indicação
M0000411,A00033,O20220074,2022,Redação,2022-03-05,25,Concluída,49.8,Google
M0000412,A00033,O20220077,2022,Sociologia,2022-01-08,,Ativa,51.0,
M0000413,A00034,O20230103,2023,Biologia,2023-04-08,0,Concluída,48.3,Google
M0000414,A00034,O20230101,2023,Física,2023-01-25,25,Concluída,64.9,Indicação
M0000415,A00034,O20230105,2023,Geografia,01-15-2023,15,Cancelada,68.0,
M0000416,A00034,O20230104,2023,História,04-03-2023,50,Ativa,70.2,Google
M0000417,A00034,O20230108,2023,Inglês,2023-04-04,10,Cancelada,76.0,
M0000418,A00034,O20230100,2023,Matemática,2023-01-22,20,Concluída,63.0,Feira escolar
M0000419,A00034,O20230106,2023,Português,2023-04-05,15,Ativa,58.6,
M0000420,A00034,O20230102,2023,Química,2023-04-21,15,Cancelada,68.2,Google
M0000421,A00034,O20230107,2023,Redação,2023-04-06,0,Concluída,66.4,Indicação
M0000422,A00034,O20230110,2023,Sociologia,2023-02-18,0,Ativa,48.9,WhatsApp
M0000423,A00035,O20220057,2022,Física,2022-04-25,,Concluída,70.4,WhatsApp
M0000424,A00035,O20220061,2022,GEOGRAFIA,2022/03/11,0,Concluída,81.1,Instagram
M0000425,A00035,O20220060,2022,História,2022-02-18,0,Ativa,37.5,Indicação
M0000426,A00035,O20220064,2022,Inglês,2022-01-17,15,Concluída,68.0,WhatsApp
M0000427,A00035,O20220056,2022,Matemática,2022-02-09,20,Concluída,49.0,Instagram
M0000428,A00035,O20220062,2022,Português,2022-03-21,0,Ativa,60.5,Feira escolar
M0000429,A00035,O20220058,2022,Química,2022-01-03,0,Concluída,49.8,Indicação
M0000430,A00035,O20220063,2022,Redação,2022-04-14,0,Concluída,37.2,Indicação
M0000431,A00035,O20220066,2022,Sociologia,2022-02-25,0,Concluída,73.5,Instagram
M0000432,A00036,O20230103,2023,Biologia,23/04/2023,50,Concluída,77.2,Google
M0000433,A00036,O20230109,2023,Filosofia,2023-04-14,0,Concluída,39.9,Indicação
M0000434,A00036,O20230101,2023,Física,2023-01-13,50,Ativa,27.8,Feira escolar
M0000435,A00036,O20230105,2023,Geografia,2023-02-16,0,Concluída,75.9,Feira escolar
M0000436,A00036,O20230104,2023,História,2023-03-12,0,Concluída,54.6,Google
M0000437,A00036,O20230108,2023,Inglês,2023-02-18,0,Concluída,67.1,Instagram
M0000438,A00036,O20230100,2023,Matemática,2023-04-25,30,Concluída,46.6,
M0000439,A00036,O20230106,2023,Português,2023-02-11,20,Cancelada,48.4,Google
M0000440,A00036,O20230102,2023,Química,2023-03-12,15,Ativa,61.5,Indicação
M0000441,A00036,O20230107,2023,Redação,02-15-2023,30,Ativa,51.5,Google
M0000442,A00036,O20230110,2023,Sociologia,2023-04-05,0,Ativa,53.4,Google
M0000443,A00037,O20240158,2024,Biologia,2024-03-08,30,,73.5,Feira escolar
M0000444,A00037,O20240164,2024,Filosofia,2024-04-11,15,Concluída,63.1,WhatsApp
M0000445,A00037,O20240156,2024,Física,2024-01-16,0,Ativa,45.8,
M0000446,A00037,O20240160,2024,Geografia,2024-02-11,0,Ativa,40.6,Indicação
M0000447,A00037,O20240159,2024,História,2024-01-05,10,Cancelada,39.6,Feira escolar
M0000448,A00037,O20240163,2024,Inglês,2024-03-12,0,Ativa,73.4,Feira escolar
M0000449,A00037,O20240155,2024,Matemática,2024-01-14,30,,51.2,Feira escolar
M0000450,A00037,O20240161,2024,Português,2024-02-13,0,Ativa,90.4,Feira escolar
M0000451,A00037,O20240157,2024,Química,2024-04-26,0,Concluída,37.2,WhatsApp
M0000452,A00037,O20240162,2024,Redação,01-08-2024,0,Concluída,46.8,WhatsApp
M0000453,A00037,O20240165,2024,Sociologia,2024-01-01,,Concluída,46.1,Indicação
M0000454,A00037,O20250202,2025,Biologia,2025-03-05,0,Concluída,65.6,WhatsApp
M0000455,A00037,O20250208,2025,Filosofia,2025-02-02,20,Concluída,44.9,Google
M0000456,A00037,O20250200,2025,Física,2025-04-28,20,Concluída,54.3,WhatsApp
M0000457,A00037,O20250204,2025,Geografia,2025-03-15,15,Concluída,80.3,Instagram
M0000458,A00037,O20250203,2025,História,2025-04-22,20,Concluída,85.6,Feira escolar
M0000459,A00037,O20250207,2025,Inglês,2025-03-22,0,Ativa,58.7,WhatsApp
M0000460,A00037,O20250199,2025,Matemática,2025-02-18,20,Concluída,42.7,Google
M0000461,A00037,O20250205,2025,Português,2025-01-15,0,Concluída,73.1,Google
M0000462,A00037,O20250201,2025,Química,2025-04-21,30,,72.7,
M0000463,A00037,O20250206,2025,Redação,2025-04-02,30,,57.9,Google
M0000464,A00037,O20250209,2025,Sociologia,2025-03-13,0,Concluída,41.9,Instagram
M0000465,A00038,O20220081,2022,Biologia,2022-02-13,30,Concluída,67.6,
M0000466,A00038,O20220087,2022,Filosofia,2022-02-08,15,Concluída,50.6,WhatsApp
M0000467,A00038,O20220079,2022,Física,2022-04-06,50,Concluída,34.9,Feira escolar
M0000468,A00038,O20220083,2022,Geografia,2022-02-14,,,72.2,Instagram
M0000469,A00038,O20220082,2022,História,2022-01-06,0,Concluída,58.2,Indicação
M0000470,A00038,O20220086,2022,Inglês,2022-01-22,25,Trancada,66.4,Instagram
M0000471,A00038,O20220078,2022,Matemática,2022-03-14,20,concluida,46.0,WhatsApp
M0000472,A00038,O20220084,2022,Português,2022-01-24,0,Concluída,40.5,Feira escolar
M0000473,A00038,O20220085,2022,Redação,2022-04-06,20,Concluída,38.3,
M0000474,A00038,O20230092,2023,Biologia,2023-02-04,10,Concluída,85.7,Indicação
M0000475,A00038,O20230098,2023,Filosofia,2023-02-01,0,Concluída,65.8,Feira escolar
M0000476,A00038,O20230094,2023,Geografia,2023-01-23,10,Concluída,40.2,
M0000477,A00038,O20230093,2023,História,2023-04-01,0,Concluída,82.4,Google
M0000478,A00038,O20230097,2023,Inglês,2023-02-03,50,Ativa,32.4,
M0000479,A00038,O20230089,2023,Matemática,2023-02-21,10,Concluída,72.4,Instagram
M0000480,A00038,O20230095,2023,Português,2023/03/14,0,Ativa,63.9,
M0000481,A00038,O20230091,2023,Química,2023-04-17,0,Concluída,64.1,WhatsApp
M0000482,A00038,O20230096,2023,Redação,2023-04-21,30,Concluída,40.7,Google
M0000483,A00038,O20230099,2023,SOCIOLOGIA,2023-01-27,20,Concluída,73.4,Instagram
M0000484,A00039,O20230112,2023,Física,2023-02-02,25,Concluída,51.4,Indicação
M0000485,A00039,O20230116,2023,Geografia,2023-04-23,0,Concluída,68.3,WhatsApp
M0000486,A00039,O20230115,2023,História,2023-04-18,0,Concluída,74.2,Instagram
M0000487,A00039,O20230119,2023,Inglês,2023-02-03,,Ativa,47.8,WhatsApp
M0000488,A00039,O20230111,2023,Matemática,2023-02-25,30,Trancada,49.2,Feira escolar
M0000489,A00039,O20230117,2023,Português,2023-02-13,0,Concluída,72.6,Indicação
M0000490,A00039,O20230118,2023,Redação,2023-02-06,10,Concluída,48.7,WhatsApp
M0000491,A00040,O20210002,2021,Física,04-28-2021,20,Concluída,49.8,WhatsApp
M0000492,A00040,O20210006,2021,Geografia,2021-03-18,25,Concluída,51.2,Instagram
M0000493,A00040,O20210005,2021,História,2021-01-17,,Concluída,52.1,Instagram
M0000494,A00040,O20210001,2021,Matemática,2021-01-08,0,Concluída,48.8,
M0000495,A00040,O20210007,2021,Portugues,2021-03-01,15,Concluída,72.8,Google
M0000496,A00040,O20210003,2021,Química,2021-01-17,0,Concluída,44.2,Feira escolar
M0000497,A00040,O20210008,2021,Redação,2021-02-09,30,Ativa,74.7,Google
M0000498,A00040,O20210011,2021,Sociologia,2021-02-26,30,Concluída,70.1,
M0000499,A00041,O20230092,2023,Biologia,2023-03-08,0,Concluída,42.8,Instagram
M0000500,A00041,O20230093,2023,História,2023/02/01,,Trancada,65.4,Indicação
M0000501,A00041,O20230097,2023,Inglês,01-13-2023,0,Concluída,70.2,WhatsApp
M0000502,A00041,O20230089,2023,Matemática,2023-03-15,50,concluida,63.4,Indicação
M0000503,A00041,O20230095,2023,Português,02-08-2023,25,Concluída,45.8,
M0000504,A00041,O20230091,2023,Química,2023-01-21,20,Concluída,59.1,Instagram
M0000505,A00041,O20230096,2023,Redação,2023-04-24,0,Cancelada,37.4,Instagram
M0000506,A00041,O20230099,2023,Sociologia,2023-03-27,0,Ativa,44.4,
M0000507,A00042,O20230092,2023,Biologia,2023-04-16,50,Concluída,19.9,Instagram
M0000508,A00042,O20230098,2023,Filosofia,2023-01-04,30,Concluída,55.1,Feira escolar
M0000509,A00042,O20230090,2023,Física,2023-01-07,0,Trancada,60.5,Feira escolar
M0000510,A00042,O20230094,2023,Geografia,2023-03-05,0,,49.3,
M0000511,A00042,O20230093,2023,História,2023-03-27,30,Concluída,57.3,Feira escolar
M0000512,A00042,O20230097,2023,Inglês,2023-01-10,0,Ativa,59.2,Indicação
M0000513,A00042,O20230089,2023,Matemática,2023-04-06,0,Ativa,55.5,Feira escolar
M0000514,A00042,O20230095,2023,Português,27/04/2023,50,Concluída,64.8,Indicação
M0000515,A00042,O20230091,2023,Química,2023-02-04,30,concluida,58.6,WhatsApp
M0000516,A00042,O20230096,2023,Redacao,2023-04-28,0,Concluída,67.7,WhatsApp
M0000517,A00042,O20230099,2023,Sociologia,2023-04-04,0,Concluída,64.5,Feira escolar
M0000518,A00043,O20220070,2022,Biologia,2022-02-16,0,Concluída,77.8,Feira escolar
M0000519,A00043,O20220076,2022,FILOSOFIA,2022-03-19,15,Concluída,62.3,Google
M0000520,A00043,O20220068,2022,Física,2022-01-22,,Concluída,43.8,
M0000521,A00043,O20220071,2022,História,2022-03-23,15,Concluída,59.7,Google
M0000522,A00043,O20220075,2022,Inglês,2022/03/09,20,Cancelada,50.2,WhatsApp
M0000523,A00043,O20220067,2022,Matemática,25/01/2022,0,Concluída,43.0,WhatsApp
M0000524,A00043,O20220073,2022,Português,2022-02-02,30,Concluída,58.1,Feira escolar
M0000525,A00043,O20220069,2022,Química,2022/01/06,0,concluida,58.5,Feira escolar
M0000526,A00043,O20220074,2022,Redação,2022-02-02,20,Concluída,58.4,WhatsApp
M0000527,A00043,O20220077,2022,Sociologia,2022-02-18,20,Ativa,57.0,Google
M0000528,A00044,O20240158,2024,Biologia,2024-01-22,,Concluída,60.2,Instagram
M0000529,A00044,O20240164,2024,Filosofia,2024-01-16,50,Concluída,27.2,
M0000530,A00044,O20240156,2024,Física,2024-02-18,0,Concluída,40.6,WhatsApp
M0000531,A00044,O20240160,2024,Geografia,2024-01-09,30,Concluída,57.1,Instagram
M0000532,A00044,O20240159,2024,História,2024-03-01,0,Concluída,70.5,Google
M0000533,A00044,O20240163,2024,Inglês,2024-01-22,25,Concluída,56.9,
M0000534,A00044,O20240155,2024,Matemática,2024-01-28,,Concluída,72.3,Feira escolar
M0000535,A00044,O20240161,2024,Portugues,07/03/2024,,Concluída,47.2,Instagram
M0000536,A00044,O20240157,2024,Química,2024-01-22,0,Ativa,76.5,Indicação
M0000537,A00044,O20240162,2024,Redação,2024-02-04,10,Ativa,39.5,Instagram
M0000538,A00044,O20240165,2024,Sociologia,2024-04-20,0,concluida,59.8,Indicação
M0000539,A00045,O20230103,2023,Biologia,2023-03-05,0,Concluída,32.4,Google
M0000540,A00045,O20230109,2023,FILOSOFIA,2023-03-21,25,Concluída,30.9,Feira escolar
M0000541,A00045,O20230101,2023,FÍSICA,2023-01-07,0,Ativa,60.5,
M0000542,A00045,O20230105,2023,Geografia,2023-01-22,15,Concluída,76.3,
M0000543,A00045,O20230104,2023,História,2023-03-26,10,Ativa,46.4,Instagram
M0000544,A00045,O20230108,2023,Inglês,2023-01-02,20,Ativa,63.0,Indicação
M0000545,A00045,O20230100,2023,Matemática,2023-03-28,10,Cancelada,57.1,WhatsApp
M0000546,A00045,O20230106,2023,Português,2023-02-25,0,Concluída,61.5,Instagram
M0000547,A00045,O20230107,2023,Redação,2023-03-27,,Ativa,58.8,Google
M0000548,A00045,O20230110,2023,Sociologia,2023-02-08,10,Concluída,62.9,Instagram
M0000549,A00045,O20240136,2024,Biologia,2024-02-17,15,Concluída,53.0,
M0000550,A00045,O20240142,2024,Filosofia,2024-01-09,30,Concluída,79.8,Feira escolar
M0000551,A00045,O20240134,2024,Física,2024-02-22,,Concluída,50.4,Google
M0000552,A00045,O20240138,2024,Geografia,2024-01-14,50,Concluída,47.5,Feira escolar
M0000553,A00045,O20240137,2024,História,2024-04-11,,Concluída,70.6,Indicação
M0000554,A00045,O20240133,2024,Matemática,04-15-2024,0,Concluída,57.9,Instagram
M0000555,A00045,O20240139,2024,Português,2024-02-01,25,Concluída,47.8,
M0000556,A00045,O20240135,2024,Química,2024-03-14,0,Concluída,67.3,
M0000557,A00045,O20240140,2024,Redação,2024-04-23,20,Concluída,61.2,Google
M0000558,A00045,O20240143,2024,Sociologia,2024-03-15,20,Concluída,52.9,Indicação
M0000559,A00046,O20210013,2021,Física,01-03-2021,10,Trancada,71.9,WhatsApp
M0000560,A00046,O20210016,2021,Historia,06/02/2021,,Concluída,53.6,Feira escolar
M0000561,A00046,O20210012,2021,Matemática,2021-02-05,0,Concluída,56.9,Indicação
M0000562,A00046,O20210018,2021,Português,2021-02-11,25,Ativa,69.1,WhatsApp
M0000563,A00046,O20210019,2021,Redação,2021-01-26,0,Trancada,67.6,Feira escolar
M0000564,A00046,O20210022,2021,Sociologia,2021/02/27,15,concluida,79.5,Indicação
M0000565,A00047,O20250191,2025,BIOLOGIA,2025-01-02,20,concluida,35.5,Indicação
M0000566,A00047,O20250197,2025,Filosofia,2025-01-08,20,Concluída,67.2,Google
M0000567,A00047,O20250189,2025,Física,2025-01-17,25,Ativa,49.3,Feira escolar
M0000568,A00047,O20250193,2025,Geografia,2025-02-23,15,Concluída,64.4,Google
M0000569,A00047,O20250192,2025,História,2025-04-22,0,Concluída,54.5,Indicação
M0000570,A00047,O20250188,2025,Matemática,2025-01-13,50,Concluída,49.1,
M0000571,A00047,O20250194,2025,Português,2025-04-23,25,Concluída,51.5,Indicação
M0000572,A00047,O20250190,2025,Química,2025-02-26,10,Cancelada,47.2,
M0000573,A00047,O20250195,2025,Redacao,2025-04-02,0,,51.3,
M0000574,A00047,O20250198,2025,Sociologia,2025-03-13,25,Concluída,63.1,Instagram
M0000575,A00048,O20220048,2022,Biologia,2022-03-28,10,Concluída,65.8,Google
M0000576,A00048,O20220054,2022,FILOSOFIA,2022-03-15,0,Concluída,75.1,Feira escolar
M0000577,A00048,O20220046,2022,Física,2022-03-03,30,Concluída,79.6,
M0000578,A00048,O20220050,2022,Geografia,2022-04-10,0,Ativa,62.8,WhatsApp
M0000579,A00048,O20220049,2022,História,2022-01-20,50,Concluída,66.0,WhatsApp
M0000580,A00048,O20220053,2022,Inglês,2022-02-15,20,Concluída,67.8,Indicação
M0000581,A00048,O20220045,2022,Matemática,2022-02-09,25,Cancelada,71.5,WhatsApp
M0000582,A00048,O20220051,2022,Português,2022-04-06,25,Ativa,65.2,Feira escolar
M0000583,A00048,O20220047,2022,Química,2022-04-09,10,Concluída,53.1,Indicação
M0000584,A00048,O20220052,2022,Redação,2022-01-13,,Concluída,58.6,
M0000585,A00048,O20220055,2022,Sociologia,2022-02-17,10,Concluída,55.8,
M0000586,A00049,O20250202,2025,Biologia,2025-01-21,50,Concluída,66.8,
M0000587,A00049,O20250208,2025,Filosofia,2025-02-25,30,Ativa,68.8,Feira escolar
M0000588,A00049,O20250200,2025,Física,01/03/2025,0,Concluída,29.6,Instagram
M0000589,A00049,O20250204,2025,Geografia,2025-03-15,50,concluida,68.1,Instagram
M0000590,A00049,O20250203,2025,História,2025-02-21,20,Concluída,50.7,WhatsApp
M0000591,A00049,O20250207,2025,Inglês,2025-01-02,0,Concluída,53.1,
M0000592,A00049,O20250199,2025,Matemática,2025-04-17,50,Cancelada,60.5,Feira escolar
M0000593,A00049,O20250205,2025,Português,2025-01-20,10,Ativa,73.0,Indicação
M0000594,A00049,O20250201,2025,Quimica,2025-01-03,30,Concluída,69.6,WhatsApp
M0000595,A00049,O20250206,2025,Redação,2025-03-05,0,Ativa,62.4,Indicação
M0000596,A00049,O20250209,2025,Sociologia,2025-01-21,25,Concluída,73.7,WhatsApp
M0000597,A00050,O20210021,2021,Filosofia,2021-02-16,,Concluída,81.1,
M0000598,A00050,O20210013,2021,FÍSICA,2021-04-10,10,Concluída,53.7,Feira escolar
M0000599,A00050,O20210017,2021,Geografia,2021-03-02,30,Concluída,61.0,Feira escolar
M0000600,A00050,O20210016,2021,História,2021-01-14,10,concluida,44.3,
M0000601,A00050,O20210020,2021,Inglês,2021-04-24,,Concluída,40.1,
M0000602,A00050,O20210012,2021,Matemática,2021-01-14,20,Concluída,43.1,Instagram
M0000603,A00050,O20210018,2021,Português,2021-04-14,,Concluída,68.4,WhatsApp
M0000604,A00050,O20210014,2021,Química,2021-01-09,0,Cancelada,44.8,Feira escolar
M0000605,A00050,O20210019,2021,Redação,2021-04-18,,Concluída,61.6,Indicação
M0000606,A00050,O20210022,2021,Sociologia,2021-01-24,15,Ativa,47.2,Google
M0000607,A00051,O20240158,2024,Biologia,2024-02-07,20,Concluída,69.6,WhatsApp
M0000608,A00051,O20240164,2024,Filosofia,2024-01-12,30,Concluída,59.3,Instagram
M0000609,A00051,O20240156,2024,Física,2024-04-02,0,Concluída,55.9,Indicação
M0000610,A00051,O20240160,2024,Geografia,2024-01-12,,Concluída,58.7,Indicação
M0000611,A00051,O20240159,2024,História,2024-02-16,,Concluída,74.1,Feira escolar
M0000612,A00051,O20240163,2024,Inglês,2024-03-21,25,Concluída,77.1,Indicação
M0000613,A00051,O20240155,2024,Matemática,2024-02-14,0,concluida,47.0,Google
M0000614,A00051,O20240161,2024,Português,2024-03-23,30,Concluída,60.0,Google
M0000615,A00051,O20240157,2024,Química,2024-02-10,,Concluída,65.4,Feira escolar
M0000616,A00051,O20240162,2024,Redação,2024-01-22,25,Concluída,48.0,Feira escolar
M0000617,A00051,O20240165,2024,Sociologia,2024-04-01,15,Concluída,38.0,Indicação
M0000618,A00051,O20250180,2025,Biologia,2025-04-19,20,Concluída,61.3,Google
M0000619,A00051,O20250186,2025,Filosofia,2025-01-17,30,Ativa,53.9,Indicação
M0000620,A00051,O20250178,2025,Física,2025-04-19,25,Ativa,71.1,Google
M0000621,A00051,O20250182,2025,Geografia,2025-04-28,15,Ativa,69.2,WhatsApp
M0000622,A00051,O20250181,2025,História,2025-01-09,20,Trancada,56.1,Feira escolar
M0000623,A00051,O20250185,2025,Inglês,2025-02-10,25,Concluída,49.9,Google
M0000624,A00051,O20250177,2025,Matemática,2025-01-28,,Concluída,85.0,Google
M0000625,A00051,O20250183,2025,Português,2025-01-09,50,Concluída,48.0,Feira escolar
M0000626,A00051,O20250179,2025,Química,2025-04-21,0,Concluída,65.1,Instagram
M0000627,A00051,O20250184,2025,Redação,2025/03/22,50,Ativa,58.6,Feira escolar
M0000628,A00051,O20250187,2025,Sociologia,2025-03-16,,Cancelada,66.6,Indicação
M0000629,A00052,O20230092,2023,Biologia,2023-04-18,0,Ativa,63.0,Instagram
M0000630,A00052,O20230098,2023,Filosofia,2023-03-27,50,Concluída,76.9,Google
M0000631,A00052,O20230090,2023,Física,08/02/2023,0,Concluída,26.1,Instagram
M0000632,A00052,O20230093,2023,História,2023-04-08,50,Ativa,72.4,
M0000633,A00052,O20230089,2023,Matemática,2023-02-12,30,Ativa,51.0,
M0000634,A00052,O20230095,2023,Português,19/02/2023,20,Ativa,60.4,Indicação
M0000635,A00052,O20230096,2023,Redação,2023-03-13,25,Concluída,58.1,
M0000636,A00053,O20210021,2021,Filosofia,2021-03-16,30,Concluída,46.9,Google
M0000637,A00053,O20210017,2021,Geografia,03-08-2021,15,Ativa,45.7,Feira escolar
M0000638,A00053,O20210016,2021,História,2021-01-21,0,Concluída,55.1,Feira escolar
M0000639,A00053,O20210020,2021,Inglês,2021-02-02,20,Concluída,64.2,Google
M0000640,A00053,O20210012,2021,Matemática,2021-03-03,30,Trancada,55.1,WhatsApp
M0000641,A00053,O20210018,2021,Português,2021-03-26,0,Concluída,80.5,
M0000642,A00053,O20210014,2021,Química,2021-02-04,30,Ativa,73.5,Instagram
M0000643,A00053,O20210019,2021,Redação,2021-04-19,15,Concluída,49.8,Google
M0000644,A00054,O20220070,2022,BIOLOGIA,2022-03-18,0,Concluída,81.5,Google
M0000645,A00054,O20220068,2022,Física,2022-04-21,0,Concluída,62.3,Instagram
M0000646,A00054,O20220072,2022,Geografia,2022-03-11,30,concluida,44.0,Feira escolar
M0000647,A00054,O20220071,2022,História,2022-04-06,15,Concluída,72.9,Feira escolar
M0000648,A00054,O20220075,2022,Inglês,2022-03-10,50,Trancada,55.4,Instagram
M0000649,A00054,O20220067,2022,Matemática,2022-02-11,,Concluída,62.7,WhatsApp
M0000650,A00054,O20220073,2022,Português,2022-01-15,0,Cancelada,69.5,Feira escolar
M0000651,A00054,O20220069,2022,QUÍMICA,2022-03-19,0,concluida,56.7,Google
M0000652,A00054,O20220074,2022,Redação,2022-02-26,0,Concluída,58.7,Google
M0000653,A00054,O20220077,2022,Sociologia,2022-03-18,30,Concluída,65.5,Indicação
M0000654,A00055,O20250202,2025,Biologia,2025-01-02,25,concluida,73.2,Instagram
M0000655,A00055,O20250200,2025,Física,2025-04-15,0,Concluída,77.0,
M0000656,A00055,O20250204,2025,Geografia,2025-03-08,0,Ativa,20.6,Instagram
M0000657,A00055,O20250203,2025,História,2025-03-25,15,Concluída,98.8,Google
M0000658,A00055,O20250207,2025,Inglês,2025-04-02,20,Ativa,67.7,Instagram
M0000659,A00055,O20250199,2025,Matemática,2025-03-03,30,Concluída,41.5,Feira escolar
M0000660,A00055,O20250205,2025,Português,2025-04-12,0,Concluída,60.7,
M0000661,A00055,O20250201,2025,Química,2025/01/16,0,Cancelada,47.3,
M0000662,A00055,O20250206,2025,Redação,2025-02-09,25,Concluída,75.1,
M0000663,A00056,O20220081,2022,Biologia,2022-04-08,25,concluida,83.0,Instagram
M0000664,A00056,O20220087,2022,Filosofia,2022/01/06,0,Concluída,75.4,Instagram
M0000665,A00056,O20220083,2022,Geografia,2022-01-22,25,concluida,50.0,Instagram
M0000666,A00056,O20220082,2022,História,2022-01-10,0,Concluída,42.8,Google
M0000667,A00056,O20220086,2022,Inglês,2022-02-24,0,Concluída,59.7,Instagram
M0000668,A00056,O20220078,2022,Matemática,2022-01-12,50,Concluída,57.5,
M0000669,A00056,O20220084,2022,Português,2022-01-19,0,Concluída,77.9,
M0000670,A00056,O20220080,2022,Química,2022-01-18,15,Cancelada,71.8,Google
M0000671,A00056,O20220085,2022,Redação,2022/02/03,20,Concluída,56.2,Feira escolar
M0000672,A00056,O20220088,2022,Sociologia,2022-03-14,25,Concluída,53.0,Indicação
M0000673,A00057,O20210004,2021,Biologia,2021-01-16,25,Concluída,67.6,
M0000674,A00057,O20210010,2021,Filosofia,2021-01-16,15,Concluída,76.9,WhatsApp
M0000675,A00057,O20210002,2021,FÍSICA,2021-04-24,30,Concluída,49.4,Indicação
M0000676,A00057,O20210006,2021,GEOGRAFIA,2021-04-26,30,Concluída,57.1,Feira escolar
M0000677,A00057,O20210005,2021,História,2021-04-17,30,Concluída,56.0,Indicação
M0000678,A00057,O20210009,2021,Inglês,2021-02-09,25,Concluída,45.8,Instagram
M0000679,A00057,O20210001,2021,Matemática,2021-03-15,50,Concluída,71.3,Google
M0000680,A00057,O20210007,2021,Português,2021-03-04,10,Concluída,47.5,Instagram
M0000681,A00057,O20210008,2021,Redação,2021-04-22,0,Concluída,56.2,Indicação
M0000682,A00057,O20210011,2021,Sociologia,2021-03-04,50,concluida,46.2,
M0000683,A00058,O20220048,2022,Biologia,2022-01-18,0,Concluída,51.7,Feira escolar
M0000684,A00058,O20220054,2022,Filosofia,2022-04-04,0,Concluída,60.8,Google
M0000685,A00058,O20220046,2022,Física,2022-01-05,0,Concluída,53.9,Instagram
M0000686,A00058,O20220050,2022,Geografia,04/02/2022,30,Concluída,52.7,Indicação
M0000687,A00058,O20220049,2022,História,2022/02/20,0,Concluída,60.8,
M0000688,A00058,O20220053,2022,Inglês,2022-01-24,20,Concluída,46.6,Google
M0000689,A00058,O20220045,2022,Matemática,2022-01-09,,Ativa,52.3,
M0000690,A00058,O20220051,2022,Português,2022-04-25,15,Concluída,54.4,
M0000691,A00058,O20220047,2022,Química,2022/01/25,25,Ativa,52.9,Indicação
M0000692,A00058,O20220052,2022,Redação,2022-04-23,10,Concluída,56.5,Instagram
M0000693,A00058,O20220055,2022,Sociologia,2022-02-19,0,Concluída,62.6,Indicação
M0000694,A00059,O20250180,2025,Biologia,2025-01-10,0,Concluída,61.4,WhatsApp
M0000695,A00059,O20250186,2025,FILOSOFIA,2025-04-22,30,Concluída,44.8,Instagram
M0000696,A00059,O20250182,2025,Geografia,2025-04-07,20,Ativa,66.1,WhatsApp
M0000697,A00059,O20250181,2025,História,2025-03-16,25,Concluída,82.1,WhatsApp
M0000698,A00059,O20250185,2025,Inglês,2025-03-12,,Concluída,84.7,
M0000699,A00059,O20250177,2025,Matemática,2025-04-13,,concluida,46.7,Instagram
M0000700,A00059,O20250183,2025,Português,2025-04-07,0,Concluída,73.2,Indicação
M0000701,A00059,O20250179,2025,Química,2025-01-08,0,Concluída,31.0,Instagram
M0000702,A00059,O20250184,2025,REDAÇÃO,2025-04-04,25,Concluída,69.2,Indicação
M0000703,A00059,O20250187,2025,Sociologia,2025/02/09,15,Trancada,60.0,Google
M0000704,A00060,O20220059,2022,Biologia,2022-02-13,10,concluida,43.1,
M0000705,A00060,O20220065,2022,Filosofia,2022-02-03,,Concluída,62.0,WhatsApp
M0000706,A00060,O20220057,2022,Física,2022-01-19,15,Concluída,44.6,Google
M0000707,A00060,O20220061,2022,Geografia,2022-02-15,50,Concluída,61.6,Feira escolar
M0000708,A00060,O20220060,2022,História,2022-02-18,0,Concluída,72.6,
M0000709,A00060,O20220064,2022,Inglês,2022-03-09,30,Concluída,56.1,
M0000710,A00060,O20220056,2022,Matemática,2022-03-06,,Concluída,65.8,Feira escolar
M0000711,A00060,O20220062,2022,Português,2022-03-16,15,Concluída,83.1,Indicação
M0000712,A00060,O20220058,2022,Química,03-11-2022,15,Ativa,51.9,Indicação
M0000713,A00060,O20220063,2022,Redação,2022-01-21,0,Ativa,43.8,Instagram
M0000714,A00060,O20220066,2022,SOCIOLOGIA,2022-01-04,0,Ativa,48.0,Instagram
M0000715,A00060,O20230092,2023,Biologia,2023-04-08,,Cancelada,30.0,Google
M0000716,A00060,O20230090,2023,Física,2023-03-14,20,Concluída,62.3,WhatsApp
M0000717,A00060,O20230094,2023,Geografia,2023/04/01,0,Concluída,41.4,Instagram
M0000718,A00060,O20230093,2023,História,2023-04-28,0,Concluída,80.3,WhatsApp
M0000719,A00060,O20230097,2023,Inglês,2023-01-24,0,Concluída,49.0,
M0000720,A00060,O20230089,2023,Matemática,2023-03-02,,Concluída,45.5,Google
M0000721,A00060,O20230095,2023,Português,2023-04-18,10,Cancelada,47.8,
M0000722,A00060,O20230091,2023,Química,2023-04-16,20,Ativa,51.6,Feira escolar
M0000723,A00060,O20230096,2023,Redação,2023-04-14,30,concluida,45.3,Google
M0000724,A00060,O20230099,2023,Sociologia,2023-04-19,10,Concluída,64.9,Feira escolar
M0000725,A00061,O20250186,2025,Filosofia,2025-01-09,0,Concluída,74.1,Indicação
M0000726,A00061,O20250182,2025,Geografia,2025-03-06,0,concluida,58.3,Instagram
M0000727,A00061,O20250181,2025,História,2025-01-14,0,Concluída,50.5,Feira escolar
M0000728,A00061,O20250177,2025,Matematica,2025-03-14,0,Concluída,46.2,Feira escolar
M0000729,A00061,O20250183,2025,Português,2025-03-02,0,Concluída,68.8,Feira escolar
M0000730,A00061,O20250179,2025,Química,19/01/2025,0,Concluída,47.1,Instagram
M0000731,A00061,O20250184,2025,Redação,2025-03-15,0,Cancelada,69.9,Instagram
M0000732,A00061,O20250187,2025,Sociologia,2025-02-01,30,Cancelada,52.7,Feira escolar
M0000733,A00062,O20240147,2024,Biologia,2024-03-23,30,Concluída,38.3,WhatsApp
M0000734,A00062,O20240153,2024,Filosofia,2024-03-10,,concluida,53.4,Indicação
M0000735,A00062,O20240145,2024,Física,2024-04-17,0,Ativa,57.0,Indicação
M0000736,A00062,O20240148,2024,História,2024-01-13,0,Concluída,66.3,Feira escolar
M0000737,A00062,O20240152,2024,Ingles,2024-02-23,10,Concluída,66.9,Feira escolar
M0000738,A00062,O20240144,2024,Matemática,2024-03-01,20,Concluída,51.7,Google
M0000739,A00062,O20240150,2024,Português,2024-02-17,,Concluída,49.1,Instagram
M0000740,A00062,O20240146,2024,Química,2024-04-19,0,Ativa,63.6,Indicação
M0000741,A00062,O20240151,2024,REDAÇÃO,2024/01/10,0,Ativa,52.6,
M0000742,A00062,O20240154,2024,Sociologia,2024-02-02,0,Concluída,77.2,Feira escolar
M0000743,A00062,O20250197,2025,Filosofia,2025-02-11,20,Concluída,52.5,Instagram
M0000744,A00062,O20250189,2025,Física,2025-01-11,15,Concluída,63.2,
M0000745,A00062,O20250193,2025,Geografia,2025-02-13,15,Concluída,70.5,Feira escolar
M0000746,A00062,O20250192,2025,História,2025-04-01,0,Concluída,47.4,
M0000747,A00062,O20250196,2025,Inglês,2025-03-26,,Concluída,52.7,Indicação
M0000748,A00062,O20250188,2025,Matemática,2025-02-22,20,Concluída,44.6,Feira escolar
M0000749,A00062,O20250194,2025,Português,2025-01-24,15,concluida,69.6,Instagram
M0000750,A00062,O20250190,2025,Química,2025-02-08,15,Concluída,60.3,Instagram
M0000751,A00062,O20250195,2025,Redação,2025-02-04,20,Concluída,39.1,Google
M0000752,A00062,O20250198,2025,Sociologia,2025-03-02,,Concluída,67.4,
M0000753,A00063,O20240136,2024,Biologia,2024-02-20,0,Cancelada,70.3,WhatsApp
M0000754,A00063,O20240134,2024,Física,01-18-2024,25,Concluída,73.1,Feira escolar
M0000755,A00063,O20240137,2024,História,2024-03-19,0,Concluída,26.8,WhatsApp
M0000756,A00063,O20240141,2024,Inglês,2024-04-07,30,,51.2,Indicação
M0000757,A00063,O20240133,2024,Matemática,03/01/2024,0,Concluída,66.0,Indicação
M0000758,A00063,O20240139,2024,Português,2024-02-07,25,Concluída,74.7,Indicação
M0000759,A00063,O20240135,2024,Química,2024-02-25,50,Concluída,62.5,Feira escolar
M0000760,A00063,O20240140,2024,Redação,2024-03-06,30,Concluída,51.0,Instagram
M0000761,A00063,O20240143,2024,SOCIOLOGIA,2024-01-09,50,Concluída,50.5,Instagram
M0000762,A00063,O20250202,2025,Biologia,2025-03-26,25,,73.7,Indicação
M0000763,A00063,O20250200,2025,Física,2025-02-24,20,Concluída,43.8,Feira escolar
M0000764,A00063,O20250203,2025,História,2025-02-23,0,Concluída,67.2,WhatsApp
M0000765,A00063,O20250207,2025,Inglês,2025-02-22,,Concluída,49.9,Instagram
M0000766,A00063,O20250199,2025,Matemática,2025-02-20,15,Concluída,60.1,Feira escolar
M0000767,A00063,O20250205,2025,Português,2025-01-08,0,Cancelada,41.1,WhatsApp
M0000768,A00063,O20250201,2025,Química,2025-04-01,,Concluída,60.3,Indicação
M0000769,A00063,O20250206,2025,Redação,2025-02-14,0,concluida,29.8,WhatsApp
M0000770,A00063,O20250209,2025,Sociologia,2025-02-06,20,Concluída,71.7,Instagram
M0000771,A00064,O20220059,2022,Biologia,2022-02-02,,Concluída,84.8,Instagram
M0000772,A00064,O20220065,2022,Filosofia,07/03/2022,,Concluída,74.9,
M0000773,A00064,O20220057,2022,Fisica,2022-01-28,20,Trancada,54.3,WhatsApp
M0000774,A00064,O20220061,2022,Geografia,2022-04-12,0,Concluída,65.1,WhatsApp
M0000775,A00064,O20220060,2022,História,2022-02-03,30,Concluída,67.6,Instagram
M0000776,A00064,O20220064,2022,Inglês,2022-04-11,15,Ativa,82.1,Google
M0000777,A00064,O20220056,2022,Matemática,04-16-2022,0,Concluída,50.1,Indicação
M0000778,A00064,O20220062,2022,Português,2022-01-12,20,Concluída,53.7,WhatsApp
M0000779,A00064,O20220063,2022,Redação,2022-01-09,10,concluida,61.0,Instagram
M0000780,A00064,O20220066,2022,Sociologia,2022-02-13,50,Concluída,53.2,Instagram
M0000781,A00064,O20230114,2023,BIOLOGIA,2023-02-16,30,Concluída,59.0,Google
M0000782,A00064,O20230120,2023,Filosofia,2023-03-04,25,Concluída,52.6,Google
M0000783,A00064,O20230111,2023,Matemática,2023-04-13,10,Ativa,55.7,
M0000784,A00064,O20230117,2023,Português,2023-01-11,,Concluída,58.4,WhatsApp
M0000785,A00064,O20230113,2023,Química,2023-02-21,,Ativa,59.6,Feira escolar
M0000786,A00064,O20230118,2023,Redação,2023-02-26,,Ativa,62.4,WhatsApp
M0000787,A00064,O20230121,2023,Sociologia,2023-01-05,20,Ativa,39.9,Indicação
M0000788,A00065,O20250191,2025,BIOLOGIA,2025-03-10,50,Cancelada,55.4,Google
M0000789,A00065,O20250197,2025,Filosofia,2025-04-24,0,Cancelada,70.0,Feira escolar
M0000790,A00065,O20250193,2025,Geografia,24/03/2025,25,Concluída,53.4,
M0000791,A00065,O20250192,2025,História,2025-04-06,20,Concluída,81.3,
M0000792,A00065,O20250196,2025,Inglês,2025-03-03,0,Cancelada,50.8,Indicação
M0000793,A00065,O20250188,2025,Matemática,2025-04-21,,Cancelada,26.8,
M0000794,A00065,O20250194,2025,Português,2025-04-25,0,Concluída,68.4,Instagram
M0000795,A00065,O20250190,2025,Química,2025-04-25,15,Concluída,38.0,Feira escolar
M0000796,A00065,O20250195,2025,Redação,2025-01-24,,Concluída,61.0,Instagram
M0000797,A00066,O20230092,2023,Biologia,2023-02-23,25,Concluída,65.2,
M0000798,A00066,O20230098,2023,Filosofia,2023-03-05,,Concluída,56.8,
M0000799,A00066,O20230090,2023,Física,2023-01-19,0,Concluída,52.4,Indicação
M0000800,A00066,O20230094,2023,Geografia,2023-04-01,20,Concluída,45.5,Feira escolar
M0000801,A00066,O20230093,2023,História,2023-04-12,15,Cancelada,33.0,Google
M0000802,A00066,O20230097,2023,Inglês,2023-04-02,20,Trancada,59.4,Instagram
M0000803,A00066,O20230089,2023,Matemática,2023-01-14,0,Concluída,29.4,
M0000804,A00066,O20230095,2023,PORTUGUÊS,2023-02-07,20,Concluída,66.1,Feira escolar
M0000805,A00066,O20230091,2023,Química,2023-04-09,0,Concluída,54.7,Instagram
M0000806,A00066,O20230096,2023,Redação,2023-04-17,30,Concluída,59.4,Instagram
M0000807,A00066,O20230099,2023,Sociologia,2023-01-22,30,Concluída,47.3,Indicação
M0000808,A00067,O20210037,2021,Biologia,2021-04-08,10,Concluída,61.1,Google
M0000809,A00067,O20210043,2021,Filosofia,2021-02-28,0,concluida,47.7,Feira escolar
M0000810,A00067,O20210035,2021,Física,2021-03-27,50,Concluída,43.9,WhatsApp
M0000811,A00067,O20210039,2021,Geografia,2021-03-26,0,Concluída,70.4,Google
M0000812,A00067,O20210042,2021,Inglês,2021-04-25,,Concluída,57.4,Google
M0000813,A00067,O20210034,2021,Matemática,03-24-2021,0,Concluída,69.3,Google
M0000814,A00067,O20210040,2021,Português,2021-01-08,15,Concluída,53.6,Instagram
M0000815,A00067,O20210041,2021,Redação,2021-01-17,20,Concluída,78.7,WhatsApp
M0000816,A00067,O20210044,2021,SOCIOLOGIA,2021-02-08,,Concluída,54.8,WhatsApp
M0000817,A00068,O20240136,2024,Biologia,2024-01-05,0,,67.4,Feira escolar
M0000818,A00068,O20240142,2024,Filosofia,2024-03-25,25,Trancada,81.8,
M0000819,A00068,O20240134,2024,Física,2024-02-06,25,Concluída,50.4,Feira escolar
M0000820,A00068,O20240138,2024,Geografia,2024-01-25,30,Concluída,47.3,Instagram
M0000821,A00068,O20240141,2024,Ingles,2024-01-23,0,Ativa,58.9,Indicação
M0000822,A00068,O20240133,2024,Matemática,2024-02-14,,,62.3,Instagram
M0000823,A00068,O20240139,2024,Português,2024-04-14,0,Concluída,65.7,
M0000824,A00068,O20240135,2024,Química,2024-03-10,50,Ativa,71.8,
M0000825,A00068,O20240140,2024,Redação,2024-03-12,30,Ativa,32.9,Indicação
M0000826,A00068,O20240143,2024,Sociologia,2024-03-02,0,Concluída,42.9,Indicação
M0000827,A00068,O20250180,2025,Biologia,2025-02-20,25,Concluída,72.1,Feira escolar
M0000828,A00068,O20250186,2025,Filosofia,2025-03-14,0,Concluída,42.8,
M0000829,A00068,O20250178,2025,Física,2025-01-08,0,Concluída,73.8,Instagram
M0000830,A00068,O20250182,2025,Geografia,13/01/2025,0,Ativa,75.0,Feira escolar
M0000831,A00068,O20250181,2025,História,2025-01-06,50,Concluída,20.6,Feira escolar
M0000832,A00068,O20250185,2025,Inglês,2025-04-10,0,Cancelada,62.8,Google
M0000833,A00068,O20250177,2025,Matemática,10/04/2025,0,Concluída,46.0,Indicação
M0000834,A00068,O20250183,2025,Português,2025-02-15,30,concluida,41.3,
M0000835,A00068,O20250179,2025,Química,2025-03-26,0,Concluída,50.9,Instagram
M0000836,A00068,O20250184,2025,Redação,19/03/2025,0,Concluída,28.3,Google
M0000837,A00068,O20250187,2025,Sociologia,2025-02-19,0,Cancelada,56.1,Indicação
M0000838,A00069,O20230114,2023,Biologia,2023-03-12,0,concluida,61.9,Google
M0000839,A00069,O20230112,2023,Física,2023-03-12,25,Ativa,64.9,Feira escolar
M0000840,A00069,O20230116,2023,Geografia,2023-04-09,10,concluida,79.4,Google
M0000841,A00069,O20230119,2023,Ingles,2023-03-12,15,Concluída,55.6,Instagram
M0000842,A00069,O20230111,2023,Matemática,2023-03-11,50,Concluída,88.4,
M0000843,A00069,O20230117,2023,Português,01-11-2023,10,Concluída,78.6,Indicação
M0000844,A00069,O20230113,2023,QUÍMICA,2023-02-17,25,Ativa,60.2,Feira escolar
M0000845,A00069,O20230118,2023,Redação,2023-02-21,25,Ativa,26.9,WhatsApp
M0000846,A00069,O20230121,2023,Sociologia,2023-03-15,0,Concluída,65.1,Instagram
M0000847,A00069,O20240136,2024,Biologia,2024-03-22,30,Concluída,46.4,Google
M0000848,A00069,O20240142,2024,Filosofia,2024-02-19,30,Concluída,65.4,Instagram
M0000849,A00069,O20240134,2024,Física,2024-04-23,10,Concluída,87.4,Indicação
M0000850,A00069,O20240138,2024,Geografia,2024-04-26,0,Concluída,17.9,Instagram
M0000851,A00069,O20240137,2024,História,2024-03-14,50,Concluída,28.8,Instagram
M0000852,A00069,O20240141,2024,Inglês,2024-04-14,,Concluída,76.8,
M0000853,A00069,O20240133,2024,Matemática,18/01/2024,20,Concluída,89.8,Indicação
M0000854,A00069,O20240139,2024,PORTUGUÊS,2024-02-04,0,Concluída,56.5,WhatsApp
M0000855,A00069,O20240135,2024,Química,2024-03-16,30,Concluída,48.7,Feira escolar
M0000856,A00069,O20240140,2024,Redação,2024-01-03,10,Concluída,66.4,
M0000857,A00070,O20220070,2022,Biologia,04-03-2022,0,Ativa,65.1,WhatsApp
M0000858,A00070,O20220076,2022,Filosofia,2022-02-26,,Concluída,38.8,Indicação
M0000859,A00070,O20220068,2022,Física,2022/04/13,,Concluída,75.4,WhatsApp
M0000860,A00070,O20220072,2022,Geografia,2022-03-02,0,Ativa,48.2,Feira escolar
M0000861,A00070,O20220071,2022,Historia,2022-04-08,30,Ativa,51.9,Indicação
M0000862,A00070,O20220075,2022,Inglês,2022-04-02,20,Cancelada,77.4,Instagram
M0000863,A00070,O20220067,2022,Matemática,2022-04-15,0,Cancelada,46.2,Instagram
M0000864,A00070,O20220073,2022,Português,2022-04-12,50,Cancelada,61.7,Instagram
M0000865,A00070,O20220069,2022,Química,2022-02-13,0,Concluída,34.7,WhatsApp
M0000866,A00070,O20220074,2022,Redação,2022-04-15,0,Concluída,43.8,Google
M0000867,A00070,O20220077,2022,Sociologia,2022-02-14,10,Concluída,58.1,Feira escolar
M0000868,A00071,O20220059,2022,Biologia,2022-04-06,50,Concluída,52.5,
M0000869,A00071,O20220065,2022,FILOSOFIA,2022-02-12,30,Concluída,69.4,
M0000870,A00071,O20220060,2022,História,2022-02-09,0,Concluída,64.9,Google
M0000871,A00071,O20220064,2022,Inglês,2022-02-18,0,Concluída,65.9,Feira escolar
M0000872,A00071,O20220056,2022,Matemática,2022-04-27,10,Concluída,86.7,Indicação
M0000873,A00071,O20220062,2022,Português,2022-04-02,30,Ativa,47.5,Feira escolar
M0000874,A00071,O20220063,2022,Redação,2022-02-14,15,Concluída,74.3,Google
M0000875,A00071,O20220066,2022,Sociologia,2022-03-04,10,Concluída,60.3,
M0000876,A00072,O20210032,2021,Filosofia,2021-03-14,0,Concluída,81.1,Indicação
M0000877,A00072,O20210028,2021,Geografia,2021-02-02,0,Concluída,52.3,Instagram
M0000878,A00072,O20210027,2021,História,2021-04-03,30,Ativa,61.7,
M0000879,A00072,O20210023,2021,Matemática,2021-01-21,0,Concluída,57.0,WhatsApp
M0000880,A00072,O20210029,2021,Português,2021-03-17,20,Concluída,66.9,Google
M0000881,A00072,O20210030,2021,Redação,25/01/2021,25,Concluída,71.3,Indicação
M0000882,A00072,O20210033,2021,Sociologia,01-16-2021,10,Ativa,52.0,Indicação
M0000883,A00073,O20210026,2021,Biologia,2021-01-08,20,Ativa,52.1,Google
M0000884,A00073,O20210032,2021,Filosofia,2021-01-25,0,Ativa,36.8,Google
M0000885,A00073,O20210024,2021,Física,2021-02-24,30,Concluída,71.1,Instagram
M0000886,A00073,O20210028,2021,Geografia,01-04-2021,10,Ativa,52.9,Instagram
M0000887,A00073,O20210027,2021,História,2021-03-05,20,Concluída,77.6,Instagram
M0000888,A00073,O20210031,2021,Inglês,2021-03-26,0,Cancelada,51.5,Feira escolar
M0000889,A00073,O20210023,2021,Matemática,2021-02-01,0,Ativa,49.9,WhatsApp
M0000890,A00073,O20210029,2021,Português,2021-04-24,50,Ativa,45.0,WhatsApp
M0000891,A00073,O20210025,2021,Química,2021-03-23,20,Concluída,33.9,Feira escolar
M0000892,A00073,O20210030,2021,Redação,2021-04-12,0,Concluída,69.3,
M0000893,A00073,O20210033,2021,Sociologia,2021-01-06,10,Ativa,56.8,Indicação
M0000894,A00074,O20220048,2022,Biologia,2022-03-09,,Concluída,84.8,Google
M0000895,A00074,O20220054,2022,Filosofia,2022-04-11,15,Concluída,59.7,Instagram
M0000896,A00074,O20220046,2022,Física,2022-04-12,50,Concluída,77.6,Feira escolar
M0000897,A00074,O20220050,2022,Geografia,2022-03-04,15,Trancada,89.5,Feira escolar
M0000898,A00074,O20220049,2022,História,2022-01-02,0,Ativa,77.1,Feira escolar
M0000899,A00074,O20220053,2022,Inglês,2022-03-09,10,Concluída,48.6,WhatsApp
M0000900,A00074,O20220045,2022,Matemática,2022-01-09,0,Concluída,53.5,Feira escolar
M0000901,A00074,O20220051,2022,Português,2022-02-23,10,Concluída,71.4,Instagram
M0000902,A00074,O20220052,2022,Redação,2022-03-10,,Concluída,61.3,Feira escolar
M0000903,A00074,O20220055,2022,Sociologia,2022-02-08,0,Ativa,48.8,Feira escolar
M0000904,A00075,O20240147,2024,Biologia,2024-03-13,20,Trancada,67.1,
M0000905,A00075,O20240153,2024,Filosofia,2024-03-12,30,Ativa,59.9,Indicação
M0000906,A00075,O20240149,2024,Geografia,2024-01-22,10,Concluída,87.3,WhatsApp
M0000907,A00075,O20240152,2024,Inglês,2024-01-28,20,Concluída,41.5,Google
M0000908,A00075,O20240144,2024,Matemática,2024-02-27,0,Concluída,96.7,Google
M0000909,A00075,O20240150,2024,Português,2024-01-10,20,Concluída,69.4,WhatsApp
M0000910,A00075,O20240146,2024,Química,2024-03-10,25,Concluída,42.7,Instagram
M0000911,A00075,O20240151,2024,Redação,2024-02-08,15,Cancelada,65.0,Instagram
M0000912,A00075,O20240154,2024,SOCIOLOGIA,2024-03-01,50,Concluída,41.5,WhatsApp
M0000913,A00076,O20220061,2022,Geografia,2022-02-15,20,Trancada,59.8,Feira escolar
M0000914,A00076,O20220060,2022,História,2022-02-02,25,Concluída,46.0,Feira escolar
M0000915,A00076,O20220064,2022,Inglês,22/03/2022,0,,37.6,Google
M0000916,A00076,O20220056,2022,Matemática,2022-02-25,,concluida,59.6,Google
M0000917,A00076,O20220062,2022,Português,2022-01-17,0,Concluída,77.5,WhatsApp
M0000918,A00076,O20220063,2022,Redação,2022-03-13,0,Concluída,66.7,Instagram
M0000919,A00076,O20220066,2022,SOCIOLOGIA,02-07-2022,10,Cancelada,85.5,Feira escolar
M0000920,A00076,O20230092,2023,Biologia,2023-02-28,25,Ativa,74.7,WhatsApp
M0000921,A00076,O20230098,2023,Filosofia,2023-01-25,15,Concluída,96.4,Instagram
M0000922,A00076,O20230090,2023,Física,2023-01-02,0,Concluída,49.0,Indicação
M0000923,A00076,O20230094,2023,GEOGRAFIA,01-26-2023,20,Concluída,72.5,Indicação
M0000924,A00076,O20230093,2023,História,2023-04-26,0,Ativa,54.8,WhatsApp
M0000925,A00076,O20230097,2023,Inglês,2023-01-10,20,Concluída,33.7,
M0000926,A00076,O20230089,2023,Matemática,2023-01-10,,Concluída,65.2,Indicação
M0000927,A00076,O20230095,2023,Português,2023-04-24,0,Cancelada,75.9,
M0000928,A00076,O20230091,2023,Química,2023-04-17,25,Concluída,69.7,WhatsApp
M0000929,A00076,O20230096,2023,Redação,2023-01-28,50,Concluída,53.8,WhatsApp
M0000930,A00076,O20230099,2023,Sociologia,2023-01-22,,Concluída,69.6,
M0000931,A00077,O20220048,2022,Biologia,2022-03-17,,Concluída,85.0,Instagram
M0000932,A00077,O20220054,2022,Filosofia,2022-03-13,0,Ativa,80.9,WhatsApp
M0000933,A00077,O20220046,2022,Física,2022-03-07,15,Trancada,44.3,Google
M0000934,A00077,O20220050,2022,Geografia,2022-03-27,20,Concluída,64.3,Indicação
M0000935,A00077,O20220049,2022,História,2022-04-04,0,Cancelada,56.9,WhatsApp
M0000936,A00077,O20220053,2022,Inglês,2022-01-08,,Concluída,29.9,Indicação
M0000937,A00077,O20220045,2022,Matemática,2022-01-01,25,Concluída,59.3,Instagram
M0000938,A00077,O20220051,2022,Português,2022-02-12,0,Ativa,69.2,Instagram
M0000939,A00077,O20220047,2022,Química,2022-01-20,25,Concluída,51.8,Google
M0000940,A00077,O20220052,2022,Redação,2022-04-04,0,Concluída,43.3,WhatsApp
M0000941,A00077,O20220055,2022,Sociologia,2022-04-09,0,Concluída,40.7,Indicação
M0000942,A00077,O20230092,2023,Biologia,2023-04-12,0,Concluída,51.9,WhatsApp
M0000943,A00077,O20230090,2023,Física,2023-04-22,10,Concluída,72.5,WhatsApp
M0000944,A00077,O20230094,2023,Geografia,2023-04-15,30,Concluída,65.7,Feira escolar
M0000945,A00077,O20230093,2023,História,2023-03-22,30,Concluída,66.4,Instagram
M0000946,A00077,O20230097,2023,Inglês,2023-04-02,,Ativa,69.5,
M0000947,A00077,O20230089,2023,Matemática,2023-04-25,,Ativa,67.7,Google
M0000948,A00077,O20230095,2023,Português,2023-01-11,0,Concluída,65.2,Indicação
M0000949,A00077,O20230091,2023,Química,2023-03-02,30,Concluída,74.6,Google
M0000950,A00077,O20230096,2023,Redação,2023-02-05,0,Ativa,51.9,
M0000951,A00077,O20230099,2023,Sociologia,2023-02-21,10,Concluída,59.6,
M0000952,A00078,O20210004,2021,Biologia,2021-01-17,25,concluida,65.5,Instagram
M0000953,A00078,O20210010,2021,Filosofia,2021-02-22,20,Concluída,52.1,
M0000954,A00078,O20210002,2021,Física,2021-04-11,10,Trancada,59.5,WhatsApp
M0000955,A00078,O20210006,2021,Geografia,2021-02-23,50,Concluída,55.9,Instagram
M0000956,A00078,O20210005,2021,História,2021-04-22,0,Concluída,47.2,Indicação
M0000957,A00078,O20210001,2021,Matemática,2021-04-13,50,Concluída,65.1,
M0000958,A00078,O20210007,2021,Português,2021-01-03,0,Concluída,44.0,Google
M0000959,A00078,O20210003,2021,Química,2021/03/01,50,Concluída,74.7,Indicação
M0000960,A00078,O20210008,2021,Redação,2021/03/07,20,Concluída,78.2,Google
M0000961,A00078,O20210011,2021,Sociologia,23/01/2021,50,concluida,70.4,Instagram
M0000962,A00078,O20220087,2022,Filosofia,2022-01-06,25,Ativa,52.2,
M0000963,A00078,O20220079,2022,Física,08/01/2022,50,Concluída,67.6,Instagram
M0000964,A00078,O20220083,2022,Geografia,2022/01/07,20,Concluída,68.9,Feira escolar
M0000965,A00078,O20220082,2022,História,2022-03-19,15,Concluída,36.2,Instagram
M0000966,A00078,O20220086,2022,Inglês,2022-04-07,15,Concluída,67.0,WhatsApp
M0000967,A00078,O20220078,2022,Matemática,2022-03-13,30,Concluída,94.4,WhatsApp
M0000968,A00078,O20220084,2022,Português,06/02/2022,20,Concluída,61.4,Feira escolar
M0000969,A00078,O20220085,2022,Redação,2022-02-02,0,Concluída,87.6,Indicação
M0000970,A00078,O20220088,2022,Sociologia,2022-01-10,10,Concluída,57.5,WhatsApp
M0000971,A00079,O20240142,2024,Filosofia,2024-03-06,0,Concluída,50.2,Feira escolar
M0000972,A00079,O20240134,2024,Física,2024-03-15,10,Cancelada,32.9,
M0000973,A00079,O20240138,2024,Geografia,2024-04-02,25,Concluída,76.8,Indicação
M0000974,A00079,O20240133,2024,Matemática,2024/02/05,0,Concluída,53.7,Indicação
M0000975,A00079,O20240139,2024,Português,2024-01-23,10,Concluída,73.7,Instagram
M0000976,A00079,O20240135,2024,Química,2024-01-18,10,Concluída,80.1,Feira escolar
M0000977,A00079,O20240140,2024,Redação,2024-02-16,0,Ativa,83.8,Indicação
M0000978,A00079,O20250202,2025,Biologia,2025/02/24,25,Ativa,74.0,Google
M0000979,A00079,O20250208,2025,Filosofia,2025-03-27,20,Concluída,47.2,Feira escolar
M0000980,A00079,O20250200,2025,Física,2025-02-26,25,Concluída,88.9,Feira escolar
M0000981,A00079,O20250204,2025,Geografia,2025-04-13,0,Ativa,46.1,Instagram
M0000982,A00079,O20250203,2025,História,2025-02-17,30,Concluída,67.6,Feira escolar
M0000983,A00079,O20250207,2025,Inglês,27/01/2025,15,Concluída,27.9,Feira escolar
M0000984,A00079,O20250199,2025,Matematica,2025-04-08,,Ativa,52.4,Instagram
M0000985,A00079,O20250205,2025,Português,2025-02-06,50,Concluída,53.0,Indicação
M0000986,A00079,O20250201,2025,Química,2025-04-14,20,Concluída,67.9,WhatsApp
M0000987,A00079,O20250206,2025,Redação,2025-03-23,10,Concluída,57.9,WhatsApp
M0000988,A00080,O20230131,2023,Filosofia,2023-01-07,15,Concluída,69.5,
M0000989,A00080,O20230123,2023,Física,2023-03-19,0,Cancelada,93.6,Indicação
M0000990,A00080,O20230127,2023,Geografia,2023-01-16,0,Concluída,49.6,WhatsApp
M0000991,A00080,O20230126,2023,História,2023-04-22,20,Concluída,48.0,Indicação
M0000992,A00080,O20230122,2023,Matemática,2023-02-20,20,Concluída,37.6,Feira escolar
M0000993,A00080,O20230128,2023,Português,2023-01-11,10,Trancada,66.8,Indicação
M0000994,A00080,O20230124,2023,Química,2023-04-18,50,Concluída,43.7,
M0000995,A00080,O20230129,2023,Redação,2023-03-18,25,Ativa,85.2,Indicação
M0000996,A00081,O20250202,2025,Biologia,10/01/2025,0,Concluída,56.1,Google
M0000997,A00081,O20250208,2025,Filosofia,2025/03/15,0,Concluída,51.3,
M0000998,A00081,O20250200,2025,Fisica,2025-01-07,0,Ativa,87.9,Google
M0000999,A00081,O20250204,2025,Geografia,04-21-2025,15,Concluída,57.8,Feira escolar
M0001000,A00081,O20250203,2025,História,2025-01-26,20,Concluída,46.1,Google
M0001001,A00081,O20250207,2025,Inglês,2025-01-10,,Cancelada,52.0,Instagram
M0001002,A00081,O20250199,2025,Matemática,2025-03-10,0,Ativa,61.0,Instagram
M0001003,A00081,O20250205,2025,PORTUGUÊS,2025-03-10,0,Concluída,49.7,Google
M0001004,A00081,O20250206,2025,Redacao,2025-02-13,,Ativa,68.2,Indicação
M0001005,A00081,O20250209,2025,Sociologia,2025-02-14,15,Ativa,42.5,Instagram
M0001006,A00082,O20250213,2025,Biologia,2025-04-19,15,Concluída,51.3,
M0001007,A00082,O20250219,2025,Filosofia,2025-03-19,,Ativa,47.9,WhatsApp
M0001008,A00082,O20250215,2025,Geografia,2025-03-15,50,Ativa,63.7,Instagram
M0001009,A00082,O20250218,2025,Inglês,2025-02-14,,Concluída,64.0,Instagram
M0001010,A00082,O20250210,2025,Matemática,2025-03-01,0,Concluída,68.8,
M0001011,A00082,O20250216,2025,Português,2025-02-18,,Concluída,61.9,WhatsApp
M0001012,A00082,O20250212,2025,Química,2025-02-13,15,Concluída,62.2,
M0001013,A00082,O20250217,2025,Redação,2025-04-21,0,Concluída,71.9,Google
M0001014,A00082,O20250220,2025,Sociologia,2025-01-02,15,Concluída,53.3,
M0001015,A00083,O20220070,2022,Biologia,2022-03-24,20,Concluída,80.2,Indicação
M0001016,A00083,O20220076,2022,Filosofia,2022-04-13,30,Concluída,64.4,Indicação
M0001017,A00083,O20220068,2022,Física,2022-03-04,50,Concluída,47.1,
M0001018,A00083,O20220072,2022,Geografia,2022-04-26,20,Concluída,60.2,Feira escolar
M0001019,A00083,O20220071,2022,História,2022-04-09,,,59.4,
M0001020,A00083,O20220075,2022,Inglês,2022-01-06,30,Concluída,76.5,WhatsApp
M0001021,A00083,O20220067,2022,Matemática,2022-01-06,30,Concluída,69.1,Instagram
M0001022,A00083,O20220073,2022,Português,2022-04-02,30,Concluída,44.3,Feira escolar
M0001023,A00083,O20220069,2022,Química,2022-02-17,25,Concluída,61.4,Instagram
M0001024,A00083,O20220074,2022,REDAÇÃO,2022-02-23,,Concluída,80.0,Indicação
M0001025,A00083,O20220077,2022,Sociologia,2022-04-22,30,Trancada,70.0,Google
M0001026,A00084,O20250208,2025,Filosofia,2025-01-11,10,Concluída,73.7,Feira escolar
M0001027,A00084,O20250200,2025,Física,2025-02-14,0,Concluída,44.1,Feira escolar
M0001028,A00084,O20250204,2025,GEOGRAFIA,2025-02-07,10,Concluída,39.4,
M0001029,A00084,O20250207,2025,Inglês,2025-04-20,0,Concluída,57.7,Indicação
M0001030,A00084,O20250199,2025,Matemática,2025-01-08,20,Concluída,71.8,Instagram
M0001031,A00084,O20250205,2025,Português,2025-01-12,30,Concluída,53.7,Instagram
M0001032,A00084,O20250206,2025,Redação,2025-04-07,20,Concluída,10.1,Instagram
M0001033,A00084,O20250209,2025,Sociologia,2025-03-02,,Concluída,26.6,
M0001034,A00085,O20210015,2021,BIOLOGIA,2021-03-22,20,concluida,82.6,
M0001035,A00085,O20210021,2021,Filosofia,2021-01-04,15,concluida,48.9,Indicação
M0001036,A00085,O20210013,2021,Física,2021-03-10,50,Concluída,42.9,Feira escolar
M0001037,A00085,O20210017,2021,Geografia,2021-03-10,10,Concluída,71.8,
M0001038,A00085,O20210016,2021,História,2021-01-15,50,Concluída,36.8,Indicação
M0001039,A00085,O20210020,2021,Ingles,2021-01-26,,Ativa,51.7,Indicação
M0001040,A00085,O20210012,2021,Matemática,2021-03-26,20,Concluída,34.8,
M0001041,A00085,O20210018,2021,Portugues,2021-04-15,,Concluída,84.5,WhatsApp
M0001042,A00085,O20210014,2021,Química,2021-01-11,0,Concluída,57.6,Indicação
M0001043,A00085,O20210019,2021,Redação,2021-04-28,15,Concluída,70.4,Instagram
M0001044,A00085,O20210022,2021,Sociologia,2021-03-10,20,Concluída,55.8,Google
M0001045,A00086,O20250180,2025,Biologia,2025-04-27,15,Concluída,51.7,WhatsApp
M0001046,A00086,O20250178,2025,Física,2025-03-25,0,Concluída,43.8,Feira escolar
M0001047,A00086,O20250182,2025,Geografia,2025-04-01,0,Ativa,82.2,
M0001048,A00086,O20250181,2025,História,2025-04-14,50,Concluída,57.0,
M0001049,A00086,O20250185,2025,Inglês,28/03/2025,25,Concluída,43.8,
M0001050,A00086,O20250177,2025,Matemática,2025-02-26,50,Concluída,53.6,
M0001051,A00086,O20250183,2025,Português,2025-04-27,15,Concluída,45.3,Google
M0001052,A00086,O20250184,2025,Redação,04-04-2025,10,Concluída,58.8,WhatsApp
M0001053,A00086,O20250187,2025,Sociologia,2025-01-12,50,Concluída,68.4,Feira escolar
M0001054,A00087,O20240175,2024,Filosofia,2024-04-11,30,Concluída,80.6,
M0001055,A00087,O20240167,2024,Física,2024-01-06,30,Concluída,67.0,Google
M0001056,A00087,O20240170,2024,História,2024-04-18,25,Ativa,69.0,Indicação
M0001057,A00087,O20240174,2024,Inglês,2024-01-02,,Concluída,51.6,Indicação
M0001058,A00087,O20240166,2024,Matemática,2024-03-23,0,Concluída,59.4,Google
M0001059,A00087,O20240172,2024,Português,2024-01-26,30,Ativa,88.4,
M0001060,A00087,O20240168,2024,Química,2024-03-14,20,Concluída,45.8,Indicação
M0001061,A00087,O20240173,2024,Redação,2024-04-19,30,Concluída,80.8,
M0001062,A00087,O20240176,2024,Sociologia,2024-03-12,30,Concluída,39.4,Feira escolar
M0001063,A00087,O20250202,2025,Biologia,2025-02-19,50,Concluída,33.0,
M0001064,A00087,O20250208,2025,FILOSOFIA,17/03/2025,,Concluída,84.5,Feira escolar
M0001065,A00087,O20250204,2025,GEOGRAFIA,2025-01-08,0,Ativa,71.3,Google
M0001066,A00087,O20250203,2025,História,2025-01-03,0,Concluída,47.9,Indicação
M0001067,A00087,O20250207,2025,Inglês,2025-03-27,30,Ativa,44.3,Feira escolar
M0001068,A00087,O20250199,2025,Matemática,2025-04-25,30,Concluída,83.1,
M0001069,A00087,O20250205,2025,Português,2025-04-03,25,Concluída,50.4,Google
M0001070,A00087,O20250201,2025,Quimica,2025-04-23,30,Concluída,51.5,WhatsApp
M0001071,A00087,O20250206,2025,Redação,2025-01-20,0,concluida,83.8,
M0001072,A00088,O20220048,2022,Biologia,2022-01-19,10,Concluída,45.9,Feira escolar
M0001073,A00088,O20220054,2022,Filosofia,2022/01/20,20,Concluída,73.9,WhatsApp
M0001074,A00088,O20220046,2022,Física,2022-03-26,50,Concluída,49.7,
M0001075,A00088,O20220050,2022,Geografia,2022-02-04,0,Concluída,47.1,
M0001076,A00088,O20220049,2022,História,2022-04-13,30,Concluída,55.9,
M0001077,A00088,O20220053,2022,Inglês,2022-01-24,25,Ativa,70.2,Instagram
M0001078,A00088,O20220045,2022,Matemática,2022-02-08,10,Trancada,67.4,WhatsApp
M0001079,A00088,O20220051,2022,Português,10/01/2022,20,Cancelada,51.3,Instagram
M0001080,A00088,O20220047,2022,Química,2022-02-01,0,Concluída,39.8,Google
M0001081,A00088,O20220052,2022,Redação,2022-03-22,0,Concluída,79.6,Feira escolar
M0001082,A00088,O20220055,2022,Sociologia,2022-02-28,0,Ativa,69.6,WhatsApp
M0001083,A00088,O20230092,2023,Biologia,2023-02-12,0,Trancada,60.3,Feira escolar
M0001084,A00088,O20230093,2023,História,03-24-2023,25,Concluída,61.3,
M0001085,A00088,O20230097,2023,Inglês,2023-02-19,30,Concluída,24.7,
M0001086,A00088,O20230089,2023,Matemática,2023-04-17,50,Ativa,60.6,Instagram
M0001087,A00088,O20230095,2023,Português,2023-04-19,25,concluida,80.1,Google
M0001088,A00088,O20230091,2023,Química,2023-02-15,15,Concluída,69.9,Instagram
M0001089,A00088,O20230096,2023,Redação,2023-02-22,0,Concluída,61.4,Google
M0001090,A00088,O20230099,2023,Sociologia,2023-01-11,0,Concluída,50.5,Indicação
M0001091,A00089,O20240136,2024,Biologia,2024-04-20,0,Concluída,48.6,Feira escolar
M0001092,A00089,O20240142,2024,Filosofia,2024-02-18,15,Concluída,55.3,Instagram
M0001093,A00089,O20240134,2024,Física,2024-02-07,15,Concluída,63.7,Indicação
M0001094,A00089,O20240138,2024,Geografia,2024-02-06,30,Concluída,80.0,WhatsApp
M0001095,A00089,O20240137,2024,História,2024-02-14,25,Concluída,50.9,Google
M0001096,A00089,O20240141,2024,Inglês,2024-03-14,25,Concluída,43.2,Feira escolar
M0001097,A00089,O20240133,2024,Matemática,2024-04-28,0,Cancelada,49.8,Instagram
M0001098,A00089,O20240139,2024,Português,2024-02-01,0,Concluída,55.6,Indicação
M0001099,A00089,O20240135,2024,Química,2024-01-13,20,Cancelada,52.5,Indicação
M0001100,A00089,O20240140,2024,Redação,2024-02-19,0,Concluída,64.3,Indicação
M0001101,A00089,O20240143,2024,Sociologia,2024/01/26,30,Cancelada,54.5,WhatsApp
M0001102,A00090,O20240147,2024,Biologia,15/04/2024,15,Concluída,67.2,Feira escolar
M0001103,A00090,O20240153,2024,Filosofia,2024-03-07,30,Concluída,71.0,
M0001104,A00090,O20240145,2024,Física,2024-04-06,,Concluída,66.6,Indicação
M0001105,A00090,O20240149,2024,Geografia,2024-01-07,0,,83.9,Google
M0001106,A00090,O20240148,2024,História,2024-04-19,30,Concluída,53.1,Feira escolar
M0001107,A00090,O20240144,2024,Matemática,2024-03-07,50,Concluída,60.8,Google
M0001108,A00090,O20240150,2024,Português,2024-03-15,30,Cancelada,67.7,WhatsApp
M0001109,A00090,O20240146,2024,Química,2024-04-23,0,Concluída,79.5,Instagram
M0001110,A00090,O20240151,2024,Redação,2024-02-10,0,Ativa,43.2,WhatsApp
M0001111,A00091,O20230103,2023,Biologia,2023-01-04,30,concluida,63.7,Google
M0001112,A00091,O20230109,2023,Filosofia,2023-03-23,0,Ativa,56.7,
M0001113,A00091,O20230101,2023,Física,2023-03-28,10,Ativa,68.1,Google
M0001114,A00091,O20230105,2023,Geografia,2023-04-02,30,Concluída,76.0,WhatsApp
M0001115,A00091,O20230104,2023,História,2023-03-08,0,concluida,49.8,Feira escolar
M0001116,A00091,O20230108,2023,Inglês,23/02/2023,0,Concluída,67.0,WhatsApp
M0001117,A00091,O20230100,2023,Matemática,2023-02-18,0,Concluída,38.4,Feira escolar
M0001118,A00091,O20230106,2023,Português,2023-03-05,50,Concluída,81.4,Indicação
M0001119,A00091,O20230102,2023,Química,2023-02-05,15,Cancelada,56.6,Feira escolar
M0001120,A00091,O20230107,2023,Redação,2023-01-03,25,Concluída,75.9,Google
M0001121,A00091,O20230110,2023,Sociologia,2023-01-21,,Ativa,67.3,Google
M0001122,A00091,O20240147,2024,Biologia,2024-01-13,0,Concluída,33.3,Google
M0001123,A00091,O20240149,2024,GEOGRAFIA,2024-02-01,0,Concluída,32.6,Instagram
M0001124,A00091,O20240148,2024,História,2024-03-07,,Ativa,38.5,WhatsApp
M0001125,A00091,O20240152,2024,Inglês,2024-04-14,25,Concluída,58.1,
M0001126,A00091,O20240144,2024,Matemática,2024-03-07,15,Concluída,54.1,Google
M0001127,A00091,O20240150,2024,Português,2024-01-26,0,Concluída,42.6,Feira escolar
M0001128,A00091,O20240151,2024,Redação,2024-01-05,50,Trancada,75.0,Google
M0001129,A00091,O20240154,2024,Sociologia,01-19-2024,20,Ativa,72.2,Feira escolar
M0001130,A00092,O20220048,2022,Biologia,2022-04-10,25,Ativa,51.1,Google
M0001131,A00092,O20220054,2022,FILOSOFIA,2022-02-26,50,Concluída,30.4,Instagram
M0001132,A00092,O20220050,2022,Geografia,2022-04-20,50,Concluída,47.0,
M0001133,A00092,O20220049,2022,História,2022-04-28,10,Concluída,48.9,Feira escolar
M0001134,A00092,O20220045,2022,Matemática,2022-02-11,20,Concluída,65.2,
M0001135,A00092,O20220051,2022,Português,2022-04-20,15,Concluída,71.7,WhatsApp
M0001136,A00092,O20220052,2022,Redação,2022-03-14,50,Concluída,66.5,Google
M0001137,A00092,O20220055,2022,Sociologia,2022-04-13,15,Concluída,46.8,
M0001138,A00093,O20240136,2024,Biologia,2024/03/28,30,Concluída,62.1,Instagram
M0001139,A00093,O20240142,2024,Filosofia,2024-03-10,0,Cancelada,45.4,Instagram
M0001140,A00093,O20240134,2024,Física,2024-04-21,25,Ativa,68.3,
M0001141,A00093,O20240138,2024,Geografia,2024-02-28,30,Concluída,25.7,Instagram
M0001142,A00093,O20240133,2024,Matemática,2024-04-28,15,Concluída,38.8,WhatsApp
M0001143,A00093,O20240139,2024,Português,2024-02-16,25,Concluída,39.1,Indicação
M0001144,A00093,O20240135,2024,Química,2024-03-17,10,Concluída,57.8,Indicação
M0001145,A00093,O20240140,2024,REDAÇÃO,2024-03-27,20,,62.1,WhatsApp
M0001146,A00093,O20240143,2024,Sociologia,2024-01-16,0,Ativa,51.9,
M0001147,A00094,O20220059,2022,Biologia,2022-01-23,50,Ativa,64.8,Feira escolar
M0001148,A00094,O20220065,2022,Filosofia,2022-02-24,0,Concluída,62.9,Google
M0001149,A00094,O20220057,2022,Física,2022-02-28,30,Concluída,32.9,Feira escolar
M0001150,A00094,O20220061,2022,Geografia,2022-04-26,50,Cancelada,54.0,Google
M0001151,A00094,O20220060,2022,História,2022-04-03,10,Concluída,52.0,Indicação
M0001152,A00094,O20220056,2022,Matemática,2022-04-04,0,Concluída,68.2,WhatsApp
M0001153,A00094,O20220062,2022,Português,2022-02-28,0,Concluída,52.4,Instagram
M0001154,A00094,O20220058,2022,Química,2022-03-11,25,Concluída,75.8,Instagram
M0001155,A00094,O20220063,2022,Redação,2022-01-10,,Concluída,71.5,Feira escolar
M0001156,A00095,O20220048,2022,Biologia,2022-03-28,0,Concluída,72.3,WhatsApp
M0001157,A00095,O20220054,2022,Filosofia,2022-04-05,25,Concluída,62.4,Instagram
M0001158,A00095,O20220046,2022,FÍSICA,2022-04-22,20,Concluída,81.5,
M0001159,A00095,O20220049,2022,História,2022/01/05,,Concluída,75.6,Instagram
M0001160,A00095,O20220053,2022,Inglês,2022-03-03,0,Concluída,63.8,
M0001161,A00095,O20220045,2022,Matemática,2022/04/14,15,Concluída,62.6,Feira escolar
M0001162,A00095,O20220051,2022,Português,03/02/2022,15,concluida,45.3,
M0001163,A00095,O20220052,2022,Redação,2022-02-17,0,Concluída,66.5,Google
M0001164,A00095,O20220055,2022,Sociologia,2022-04-19,0,Concluída,78.7,WhatsApp
M0001165,A00095,O20230092,2023,Biologia,2023-03-14,25,Ativa,43.5,Instagram
M0001166,A00095,O20230098,2023,Filosofia,2023-04-22,10,concluida,50.2,Indicação
M0001167,A00095,O20230090,2023,Fisica,2023-02-24,25,Concluída,47.0,Instagram
M0001168,A00095,O20230094,2023,Geografia,21/01/2023,0,Concluída,50.9,WhatsApp
M0001169,A00095,O20230093,2023,História,2023/01/16,10,Concluída,63.0,WhatsApp
M0001170,A00095,O20230097,2023,Inglês,2023-03-24,15,concluida,61.3,WhatsApp
M0001171,A00095,O20230089,2023,Matemática,2023-02-08,10,Concluída,50.9,Feira escolar
M0001172,A00095,O20230095,2023,Português,2023-01-04,,Concluída,73.8,WhatsApp
M0001173,A00095,O20230091,2023,Química,2023-02-13,0,Concluída,55.4,WhatsApp
M0001174,A00095,O20230096,2023,Redação,2023-02-07,0,Cancelada,58.6,Instagram
M0001175,A00096,O20250213,2025,Biologia,2025-01-14,30,Concluída,78.7,Google
M0001176,A00096,O20250219,2025,FILOSOFIA,2025-01-14,0,Cancelada,76.9,Instagram
M0001177,A00096,O20250215,2025,Geografia,2025-03-14,20,concluida,56.2,Google
M0001178,A00096,O20250214,2025,História,2025-02-16,,Concluída,61.6,Indicação
M0001179,A00096,O20250210,2025,Matemática,08/01/2025,15,Concluída,47.9,Feira escolar
M0001180,A00096,O20250216,2025,Português,2025-03-03,0,Concluída,71.8,Instagram
M0001181,A00096,O20250217,2025,Redação,2025-03-20,,Concluída,45.7,Google
M0001182,A00096,O20250220,2025,Sociologia,2025-01-27,15,Concluída,65.9,Google
M0001183,A00097,O20230125,2023,Biologia,10/04/2023,,Concluída,57.2,Feira escolar
M0001184,A00097,O20230131,2023,Filosofia,2023/03/04,30,Concluída,49.7,Google
M0001185,A00097,O20230123,2023,Física,2023-03-16,0,Concluída,68.1,Instagram
M0001186,A00097,O20230127,2023,Geografia,2023-01-13,50,Concluída,63.6,WhatsApp
M0001187,A00097,O20230126,2023,História,2023-02-15,10,Concluída,38.1,
M0001188,A00097,O20230130,2023,Inglês,2023-01-13,20,Concluída,65.7,Instagram
M0001189,A00097,O20230122,2023,Matemática,2023-04-13,0,Concluída,49.3,Feira escolar
M0001190,A00097,O20230128,2023,Português,01-18-2023,50,Concluída,81.6,Google
M0001191,A00097,O20230124,2023,Quimica,2023-02-27,15,Concluída,63.1,Google
M0001192,A00097,O20230129,2023,Redação,2023-03-24,10,Trancada,72.0,
M0001193,A00097,O20230132,2023,Sociologia,2023-02-18,0,,53.4,Indicação
M0001194,A00098,O20220070,2022,Biologia,2022-04-06,50,Trancada,45.9,Indicação
M0001195,A00098,O20220076,2022,Filosofia,2022-04-20,,Ativa,47.1,Indicação
M0001196,A00098,O20220071,2022,História,26/04/2022,0,Concluída,59.3,Indicação
M0001197,A00098,O20220067,2022,Matemática,2022-03-19,30,Concluída,88.9,
M0001198,A00098,O20220073,2022,Portugues,2022-02-19,25,,71.0,Indicação
M0001199,A00098,O20220074,2022,Redação,2022-02-09,25,Concluída,57.3,WhatsApp
M0001200,A00099,O20220065,2022,Filosofia,2022-04-02,25,Concluída,56.2,WhatsApp
M0001201,A00099,O20220057,2022,Física,2022-01-05,,Concluída,39.3,Indicação
M0001202,A00099,O20220061,2022,Geografia,2022-03-14,0,Concluída,66.4,WhatsApp
M0001203,A00099,O20220060,2022,História,2022-02-16,10,Concluída,58.5,Instagram
M0001204,A00099,O20220064,2022,Inglês,2022-04-05,0,Concluída,54.1,Google
M0001205,A00099,O20220056,2022,Matemática,2022-04-07,0,Ativa,44.2,Indicação
M0001206,A00099,O20220062,2022,Português,2022-04-01,10,Concluída,68.4,Google
M0001207,A00099,O20220058,2022,Química,2022-02-06,25,,50.8,Feira escolar
M0001208,A00099,O20220063,2022,Redação,2022-01-05,15,Concluída,42.2,WhatsApp
M0001209,A00100,O20250219,2025,Filosofia,2025-01-18,0,Concluída,57.3,Instagram
M0001210,A00100,O20250215,2025,Geografia,2025-03-20,50,Concluída,57.1,Google
M0001211,A00100,O20250210,2025,Matemática,2025-02-15,0,Ativa,71.6,WhatsApp
M0001212,A00100,O20250216,2025,Português,2025-04-17,0,Ativa,45.0,Instagram
M0001213,A00100,O20250212,2025,QUÍMICA,2025-03-13,0,,36.4,Feira escolar
M0001214,A00100,O20250217,2025,Redação,2025/01/10,50,Concluída,48.1,WhatsApp
M0001215,A00100,O20250220,2025,Sociologia,2025-04-02,30,Concluída,79.1,Feira escolar
M0001216,A00101,O20230120,2023,Filosofia,2023-01-24,0,Ativa,74.5,WhatsApp
M0001217,A00101,O20230112,2023,Física,2023-03-25,50,Concluída,60.9,Instagram
M0001218,A00101,O20230116,2023,Geografia,2023-04-22,25,Concluída,73.2,Indicação
M0001219,A00101,O20230115,2023,Historia,2023-01-23,20,concluida,82.8,Instagram
M0001220,A00101,O20230119,2023,Inglês,2023-01-05,20,Concluída,45.4,Indicação
M0001221,A00101,O20230111,2023,Matemática,2023-03-02,0,Concluída,42.4,Google
M0001222,A00101,O20230117,2023,Português,2023-04-12,0,Concluída,60.6,Instagram
M0001223,A00101,O20230113,2023,Química,2023-02-03,25,Concluída,25.5,Feira escolar
M0001224,A00101,O20230118,2023,Redação,2023-02-14,30,Concluída,58.1,WhatsApp
M0001225,A00101,O20230121,2023,Sociologia,2023-03-12,10,Concluída,58.7,Indicação
M0001226,A00102,O20210004,2021,Biologia,2021-04-26,50,Concluída,45.0,
M0001227,A00102,O20210010,2021,Filosofia,2021-02-09,15,Concluída,82.9,Feira escolar
M0001228,A00102,O20210002,2021,Física,2021-02-23,20,Ativa,56.4,WhatsApp
M0001229,A00102,O20210006,2021,Geografia,2021-02-05,0,Concluída,66.2,WhatsApp
M0001230,A00102,O20210005,2021,História,2021-02-11,25,Concluída,68.9,Feira escolar
M0001231,A00102,O20210009,2021,Ingles,2021-01-15,,Ativa,86.7,Google
M0001232,A00102,O20210001,2021,Matemática,2021-04-02,0,Concluída,63.3,WhatsApp
M0001233,A00102,O20210007,2021,Português,2021-03-01,15,Ativa,27.0,Google
M0001234,A00102,O20210003,2021,Química,01-12-2021,10,Concluída,63.0,Google
M0001235,A00102,O20210008,2021,Redação,2021-03-19,15,Concluída,40.1,
M0001236,A00102,O20210011,2021,Sociologia,2021-01-25,10,Concluída,33.2,Google
M0001237,A00102,O20220070,2022,Biologia,2022-04-26,20,Concluída,58.4,Indicação
M0001238,A00102,O20220076,2022,Filosofia,2022-04-23,30,Ativa,57.8,Instagram
M0001239,A00102,O20220068,2022,Física,03-03-2022,30,Concluída,45.3,
M0001240,A00102,O20220072,2022,Geografia,2022-04-15,20,Ativa,37.3,
M0001241,A00102,O20220071,2022,História,2022-03-06,25,Concluída,58.7,Indicação
M0001242,A00102,O20220075,2022,Inglês,09/02/2022,15,Concluída,50.7,Instagram
M0001243,A00102,O20220067,2022,MATEMÁTICA,2022-03-02,10,Concluída,68.0,Instagram
M0001244,A00102,O20220073,2022,Português,2022-02-26,,Ativa,64.1,
M0001245,A00102,O20220069,2022,Química,2022-01-16,25,Concluída,57.2,Google
M0001246,A00102,O20220074,2022,Redação,2022-04-07,50,Ativa,78.3,WhatsApp
M0001247,A00102,O20220077,2022,Sociologia,2022-01-17,,Concluída,67.1,WhatsApp
M0001248,A00102,O20230092,2023,Biologia,2023-01-11,20,,74.9,Feira escolar
M0001249,A00102,O20230090,2023,Física,2023-01-21,,Concluída,59.5,Indicação
M0001250,A00102,O20230093,2023,História,2023-02-09,0,concluida,71.4,Instagram
M0001251,A00102,O20230097,2023,Ingles,2023-03-24,10,Concluída,49.0,Google
M0001252,A00102,O20230089,2023,Matemática,2023-04-09,,Concluída,94.3,
M0001253,A00102,O20230095,2023,Português,2023-01-20,50,Concluída,49.6,WhatsApp
M0001254,A00102,O20230096,2023,Redação,2023-01-24,30,Ativa,62.6,Google
M0001255,A00103,O20210004,2021,Biologia,2021-02-17,10,Concluída,53.1,Indicação
M0001256,A00103,O20210010,2021,Filosofia,2021-01-18,15,Concluída,61.7,Feira escolar
M0001257,A00103,O20210002,2021,Física,2021-02-13,15,concluida,39.2,WhatsApp
M0001258,A00103,O20210009,2021,Inglês,2021-03-28,50,Concluída,68.5,
M0001259,A00103,O20210001,2021,Matemática,2021-01-02,15,Cancelada,49.5,
M0001260,A00103,O20210007,2021,Português,2021-04-13,30,concluida,76.0,Google
M0001261,A00103,O20210008,2021,Redação,2021-04-04,10,Trancada,56.4,Google
M0001262,A00103,O20210011,2021,Sociologia,2021-03-25,20,Concluída,63.9,
M0001263,A00104,O20220070,2022,Biologia,2022-03-23,0,Concluída,56.5,WhatsApp
M0001264,A00104,O20220076,2022,Filosofia,2022-03-03,10,Ativa,49.9,Feira escolar
M0001265,A00104,O20220068,2022,Física,2022-03-21,,Concluída,75.0,
M0001266,A00104,O20220072,2022,Geografia,20/02/2022,15,Concluída,76.6,Feira escolar
M0001267,A00104,O20220071,2022,História,2022-03-22,,Cancelada,60.3,Instagram
M0001268,A00104,O20220075,2022,Inglês,2022-03-23,30,Concluída,78.6,
M0001269,A00104,O20220067,2022,Matemática,2022-03-28,0,Concluída,52.2,WhatsApp
M0001270,A00104,O20220073,2022,Português,2022-04-04,25,Ativa,61.5,Indicação
M0001271,A00104,O20220074,2022,Redação,04-11-2022,25,Concluída,63.3,Instagram
M0001272,A00104,O20230114,2023,Biologia,2023-03-09,,Concluída,52.0,
M0001273,A00104,O20230112,2023,Física,18/01/2023,0,Concluída,56.9,Google
M0001274,A00104,O20230116,2023,GEOGRAFIA,2023-03-15,25,Concluída,70.0,
M0001275,A00104,O20230115,2023,História,2023-03-22,25,Concluída,52.6,
M0001276,A00104,O20230119,2023,Inglês,2023-01-08,10,Concluída,58.9,Google
M0001277,A00104,O20230111,2023,Matemática,2023-04-24,0,Concluída,33.8,Instagram
M0001278,A00104,O20230117,2023,Português,2023-01-21,10,,61.1,Instagram
M0001279,A00104,O20230118,2023,Redação,2023-01-27,0,Concluída,55.9,WhatsApp
M0001280,A00104,O20230121,2023,Sociologia,2023-02-09,20,Concluída,45.7,Google
M0001281,A00104,O20240147,2024,Biologia,02-25-2024,10,Ativa,68.5,Google
M0001282,A00104,O20240153,2024,Filosofia,2024-03-15,25,Concluída,64.5,Indicação
M0001283,A00104,O20240149,2024,Geografia,2024-04-14,50,Concluída,43.5,Feira escolar
M0001284,A00104,O20240148,2024,História,2024-04-26,20,Concluída,46.5,
M0001285,A00104,O20240152,2024,Inglês,2024-04-10,0,Ativa,53.2,WhatsApp
M0001286,A00104,O20240144,2024,Matemática,2024-02-26,25,Concluída,63.4,Instagram
M0001287,A00104,O20240150,2024,Português,2024-04-07,15,Concluída,63.6,Indicação
M0001288,A00104,O20240146,2024,Química,2024-02-19,0,Concluída,58.6,Google
M0001289,A00104,O20240151,2024,Redação,2024-01-15,0,Concluída,61.1,Indicação
M0001290,A00104,O20240154,2024,Sociologia,2024-02-17,30,Trancada,54.8,WhatsApp
M0001291,A00105,O20230103,2023,Biologia,2023-01-06,0,Concluída,73.3,WhatsApp
M0001292,A00105,O20230101,2023,Fisica,2023-04-28,,Concluída,51.6,Instagram
M0001293,A00105,O20230105,2023,Geografia,2023-01-02,25,Concluída,56.7,Indicação
M0001294,A00105,O20230104,2023,História,2023-03-08,30,Ativa,59.5,Feira escolar
M0001295,A00105,O20230108,2023,Inglês,04-18-2023,50,Concluída,69.2,Feira escolar
M0001296,A00105,O20230100,2023,Matemática,2023-04-08,10,Concluída,78.0,
M0001297,A00105,O20230106,2023,Português,2023-03-01,0,Concluída,43.1,Instagram
M0001298,A00105,O20230102,2023,Quimica,2023-02-01,,Concluída,67.5,Feira escolar
M0001299,A00105,O20230107,2023,Redação,2023-04-26,0,Concluída,75.4,WhatsApp
M0001300,A00106,O20230092,2023,Biologia,2023-01-06,20,Concluída,52.2,Feira escolar
M0001301,A00106,O20230090,2023,Física,2023-04-14,50,Concluída,37.3,Instagram
M0001302,A00106,O20230093,2023,História,2023-03-16,25,Concluída,61.4,Google
M0001303,A00106,O20230097,2023,Inglês,2023-02-22,15,Cancelada,68.0,Feira escolar
M0001304,A00106,O20230089,2023,Matemática,2023-02-13,50,Concluída,80.2,WhatsApp
M0001305,A00106,O20230095,2023,Português,2023-01-21,50,Concluída,66.6,Indicação
M0001306,A00106,O20230091,2023,Quimica,2023-03-25,0,Cancelada,74.1,Google
M0001307,A00106,O20230096,2023,Redação,2023-02-01,50,Concluída,53.1,
M0001308,A00106,O20230099,2023,Sociologia,2023-03-02,15,Concluída,50.1,Feira escolar
M0001309,A00107,O20240158,2024,Biologia,2024-03-02,50,Concluída,63.5,WhatsApp
M0001310,A00107,O20240164,2024,Filosofia,2024-04-04,10,Ativa,67.4,Indicação
M0001311,A00107,O20240156,2024,Física,2024-01-09,0,,63.4,
M0001312,A00107,O20240163,2024,Inglês,2024-02-27,10,Concluída,45.0,
M0001313,A00107,O20240155,2024,Matemática,2024-01-11,0,Ativa,74.7,
M0001314,A00107,O20240161,2024,Portugues,02-12-2024,20,Concluída,48.4,
M0001315,A00107,O20240157,2024,Química,2024-04-06,15,Concluída,45.6,Google
M0001316,A00107,O20240162,2024,Redação,2024-03-21,15,Ativa,54.8,WhatsApp
M0001317,A00107,O20240165,2024,Sociologia,2024-03-04,0,Concluída,32.4,
M0001318,A00107,O20250197,2025,Filosofia,2025-01-02,0,Concluída,37.9,WhatsApp
M0001319,A00107,O20250193,2025,Geografia,2025-02-08,20,Ativa,49.9,WhatsApp
M0001320,A00107,O20250192,2025,História,2025-03-02,0,Ativa,59.1,
M0001321,A00107,O20250188,2025,Matemática,2025-04-27,50,Concluída,87.5,
M0001322,A00107,O20250194,2025,Português,2025-04-05,15,Concluída,69.0,Instagram
M0001323,A00107,O20250190,2025,Química,2025-02-06,0,Concluída,54.5,Feira escolar
M0001324,A00107,O20250195,2025,Redação,2025-03-05,0,Concluída,37.4,Instagram
M0001325,A00107,O20250198,2025,Sociologia,2025-02-20,30,Concluída,71.3,Instagram
M0001326,A00108,O20210015,2021,Biologia,2021-01-13,30,concluida,46.0,
M0001327,A00108,O20210013,2021,Física,2021-02-05,25,Ativa,49.1,Google
M0001328,A00108,O20210017,2021,Geografia,2021-01-15,10,Concluída,50.8,Google
M0001329,A00108,O20210020,2021,Inglês,19/01/2021,15,Ativa,52.6,Instagram
M0001330,A00108,O20210012,2021,Matemática,2021/03/06,0,Concluída,70.1,Indicação
M0001331,A00108,O20210018,2021,Português,2021-03-24,25,Concluída,68.4,Instagram
M0001332,A00108,O20210014,2021,Química,2021-01-23,25,Concluída,63.3,Indicação
M0001333,A00108,O20210019,2021,Redação,2021-02-14,30,Concluída,70.4,Indicação
M0001334,A00108,O20210022,2021,SOCIOLOGIA,2021-01-08,0,Concluída,58.7,WhatsApp
M0001335,A00109,O20240147,2024,Biologia,2024-03-01,50,Cancelada,73.8,Instagram
M0001336,A00109,O20240145,2024,Física,03-17-2024,15,Concluída,57.3,WhatsApp
M0001337,A00109,O20240144,2024,Matemática,2024-04-06,0,Ativa,49.6,WhatsApp
M0001338,A00109,O20240150,2024,Português,2024-04-02,0,Concluída,52.9,WhatsApp
M0001339,A00109,O20240151,2024,Redação,2024-03-23,30,Concluída,67.8,Google
M0001340,A00109,O20240154,2024,Sociologia,2024-02-22,30,Ativa,71.5,Feira escolar
M0001341,A00109,O20250191,2025,BIOLOGIA,2025-02-27,20,Concluída,46.2,Instagram
M0001342,A00109,O20250197,2025,Filosofia,2025/03/25,30,Ativa,71.5,Indicação
M0001343,A00109,O20250189,2025,Física,2025-03-01,0,Concluída,65.5,Feira escolar
M0001344,A00109,O20250193,2025,Geografia,2025-02-14,25,,51.3,Instagram
M0001345,A00109,O20250192,2025,Historia,04-03-2025,30,Concluída,45.5,Instagram
M0001346,A00109,O20250196,2025,Inglês,2025-04-06,,Ativa,52.0,Feira escolar
M0001347,A00109,O20250188,2025,Matemática,2025-04-15,20,Concluída,54.2,Indicação
M0001348,A00109,O20250194,2025,Português,2025-02-20,50,Concluída,56.2,
M0001349,A00109,O20250190,2025,Química,2025-02-09,10,Concluída,68.4,Indicação
M0001350,A00109,O20250195,2025,Redação,01-17-2025,0,Concluída,38.2,Feira escolar
M0001351,A00109,O20250198,2025,Sociologia,2025-02-16,10,Ativa,48.4,Google
M0001352,A00110,O20220059,2022,Biologia,2022-01-25,0,Concluída,71.0,
M0001353,A00110,O20220057,2022,Física,2022-01-14,0,Concluída,69.8,Instagram
M0001354,A00110,O20220056,2022,Matemática,2022-02-04,0,Ativa,78.7,WhatsApp
M0001355,A00110,O20220062,2022,Português,2022-04-08,20,Ativa,81.1,WhatsApp
M0001356,A00110,O20220063,2022,Redação,2022-01-13,50,Concluída,74.5,Instagram
M0001357,A00110,O20220066,2022,Sociologia,03-26-2022,0,Ativa,43.5,
M0001358,A00111,O20240169,2024,Biologia,2024-03-20,25,Trancada,39.0,Feira escolar
M0001359,A00111,O20240175,2024,Filosofia,2024-01-18,0,Concluída,60.8,
M0001360,A00111,O20240167,2024,Física,2024-01-17,0,Concluída,45.5,Feira escolar
M0001361,A00111,O20240171,2024,Geografia,2024-03-09,15,Concluída,66.0,Indicação
M0001362,A00111,O20240170,2024,História,2024-04-18,,Concluída,57.3,Google
M0001363,A00111,O20240174,2024,Inglês,2024-03-06,20,Concluída,42.4,Google
M0001364,A00111,O20240166,2024,Matemática,2024-01-21,0,Concluída,41.5,WhatsApp
M0001365,A00111,O20240172,2024,Português,2024-01-16,,Trancada,56.0,Instagram
M0001366,A00111,O20240168,2024,Química,2024-02-26,0,Concluída,63.7,Instagram
M0001367,A00111,O20240173,2024,Redacao,2024-02-25,10,concluida,69.1,Indicação
M0001368,A00111,O20240176,2024,SOCIOLOGIA,2024-04-19,0,Ativa,69.9,WhatsApp
M0001369,A00111,O20250186,2025,Filosofia,2025-04-25,,Concluída,98.6,Indicação
M0001370,A00111,O20250178,2025,Física,2025-02-11,25,Concluída,47.4,
M0001371,A00111,O20250181,2025,História,2025-02-14,30,Ativa,43.2,
M0001372,A00111,O20250185,2025,Inglês,2025-02-08,20,Concluída,47.8,
M0001373,A00111,O20250177,2025,Matemática,2025-04-08,20,Ativa,44.8,Instagram
M0001374,A00111,O20250183,2025,Português,2025-02-18,10,Cancelada,41.8,Indicação
M0001375,A00111,O20250184,2025,Redação,2025-03-22,25,Concluída,45.4,Google
M0001376,A00112,O20210004,2021,Biologia,2021-04-20,15,Ativa,71.1,Google
M0001377,A00112,O20210010,2021,Filosofia,2021-03-07,0,Concluída,48.3,Indicação
M0001378,A00112,O20210002,2021,Fisica,2021-04-19,0,Concluída,69.9,Feira escolar
M0001379,A00112,O20210006,2021,Geografia,2021-04-27,30,Concluída,51.1,Instagram
M0001380,A00112,O20210005,2021,História,2021-02-10,0,Ativa,68.4,
M0001381,A00112,O20210009,2021,Inglês,2021-04-07,,Concluída,71.9,WhatsApp
M0001382,A00112,O20210001,2021,Matemática,2021-02-02,0,Cancelada,53.2,Indicação
M0001383,A00112,O20210007,2021,Português,2021-03-10,0,Ativa,65.5,Google
M0001384,A00112,O20210003,2021,Química,2021-04-07,,Ativa,42.3,Feira escolar
M0001385,A00112,O20210008,2021,Redação,04-15-2021,10,Cancelada,44.3,
M0001386,A00112,O20210011,2021,Sociologia,2021-04-05,10,Ativa,57.7,WhatsApp
M0001387,A00113,O20240142,2024,Filosofia,2024-04-26,30,Concluída,50.3,Indicação
M0001388,A00113,O20240134,2024,Física,2024-03-08,0,Ativa,62.5,
M0001389,A00113,O20240138,2024,Geografia,2024-03-20,50,Concluída,46.8,WhatsApp
M0001390,A00113,O20240133,2024,Matemática,2024-03-07,10,Concluída,60.2,Indicação
M0001391,A00113,O20240139,2024,Portugues,2024/02/12,0,Concluída,66.7,WhatsApp
M0001392,A00113,O20240135,2024,Quimica,15/03/2024,10,Concluída,65.9,Indicação
M0001393,A00113,O20240140,2024,Redação,2024/02/19,50,Trancada,69.1,Indicação
M0001394,A00113,O20240143,2024,Sociologia,2024-01-10,0,Ativa,47.1,Google
M0001395,A00113,O20250191,2025,Biologia,2025-02-05,,Concluída,54.3,WhatsApp
M0001396,A00113,O20250189,2025,Física,2025-01-22,0,Ativa,61.1,Feira escolar
M0001397,A00113,O20250196,2025,Inglês,2025-04-23,50,Concluída,81.8,Indicação
M0001398,A00113,O20250188,2025,Matemática,2025-01-10,,concluida,75.6,Indicação
M0001399,A00113,O20250194,2025,Português,2025-04-05,0,Ativa,32.7,
M0001400,A00113,O20250195,2025,Redação,2025-04-07,25,Ativa,57.9,Google
M0001401,A00113,O20250198,2025,Sociologia,2025-03-19,0,Concluída,53.5,
M0001402,A00114,O20220076,2022,Filosofia,2022-04-27,15,Concluída,61.3,Instagram
M0001403,A00114,O20220068,2022,Física,2022-02-26,0,Concluída,45.9,Google
M0001404,A00114,O20220072,2022,Geografia,2022-03-13,25,Trancada,63.5,Feira escolar
M0001405,A00114,O20220067,2022,MATEMÁTICA,2022-03-20,0,,70.9,Instagram
M0001406,A00114,O20220073,2022,Português,2022-01-13,10,Concluída,52.5,Instagram
M0001407,A00114,O20220069,2022,Química,2022-01-27,15,Concluída,72.4,Feira escolar
M0001408,A00114,O20220074,2022,Redação,2022-03-23,0,Ativa,53.8,Feira escolar
M0001409,A00114,O20220077,2022,Sociologia,2022/03/19,50,Ativa,46.7,
M0001410,A00114,O20230090,2023,Física,2023-03-12,20,Concluída,76.9,Indicação
M0001411,A00114,O20230093,2023,História,2023-01-18,10,Concluída,46.4,Feira escolar
M0001412,A00114,O20230089,2023,Matemática,2023-03-01,25,Ativa,24.5,WhatsApp
M0001413,A00114,O20230095,2023,Português,2023-03-09,,Concluída,56.6,WhatsApp
M0001414,A00114,O20230091,2023,Química,01/04/2023,0,Concluída,46.3,
M0001415,A00114,O20230096,2023,Redação,2023-03-21,25,Cancelada,85.0,WhatsApp
M0001416,A00114,O20230099,2023,Sociologia,2023-02-09,10,Concluída,75.0,Google
M0001417,A00115,O20210004,2021,Biologia,2021-03-21,30,Concluída,61.1,
M0001418,A00115,O20210010,2021,Filosofia,2021-04-15,0,concluida,44.2,Feira escolar
M0001419,A00115,O20210002,2021,Fisica,2021-01-07,0,Ativa,33.2,Indicação
M0001420,A00115,O20210009,2021,Inglês,2021-03-18,50,concluida,28.3,Instagram
M0001421,A00115,O20210001,2021,Matemática,2021-02-20,25,Concluída,64.6,Google
M0001422,A00115,O20210007,2021,Português,2021-02-15,10,Concluída,61.6,WhatsApp
M0001423,A00115,O20210003,2021,Química,2021-03-09,25,Trancada,51.7,Indicação
M0001424,A00115,O20210008,2021,Redação,2021-04-22,50,Concluída,47.4,Indicação
M0001425,A00115,O20210011,2021,Sociologia,2021-02-10,0,Concluída,39.8,Instagram
M0001426,A00115,O20220070,2022,Biologia,2022-01-08,10,Ativa,42.5,Google
M0001427,A00115,O20220072,2022,Geografia,2022-04-26,0,Concluída,79.1,Google
M0001428,A00115,O20220071,2022,História,2022-02-08,15,Ativa,70.4,Google
M0001429,A00115,O20220075,2022,Ingles,2022-04-22,0,Ativa,76.6,Instagram
M0001430,A00115,O20220067,2022,Matemática,2022-01-14,,Concluída,26.6,Instagram
M0001431,A00115,O20220073,2022,Português,2022-03-02,50,,30.7,
M0001432,A00115,O20220069,2022,Química,2022-04-06,10,Concluída,60.7,
M0001433,A00115,O20220074,2022,Redação,2022/04/25,0,Concluída,62.6,Instagram
M0001434,A00116,O20250202,2025,Biologia,2025-04-09,15,Ativa,65.2,Indicação
M0001435,A00116,O20250207,2025,Inglês,2025-04-22,0,Concluída,37.7,
M0001436,A00116,O20250199,2025,Matemática,2025-02-12,0,Cancelada,51.8,Indicação
M0001437,A00116,O20250205,2025,Português,2025-02-16,25,Cancelada,75.7,Instagram
M0001438,A00116,O20250201,2025,Química,2025-01-10,25,Concluída,69.0,WhatsApp
M0001439,A00116,O20250206,2025,Redação,2025-02-13,25,Concluída,55.3,
M0001440,A00116,O20250209,2025,Sociologia,03-05-2025,,Concluída,92.9,Indicação
M0001441,A00117,O20240169,2024,Biologia,2024-03-21,30,Ativa,57.1,WhatsApp
M0001442,A00117,O20240175,2024,Filosofia,2024-03-01,20,Concluída,45.9,
M0001443,A00117,O20240167,2024,Física,2024/04/27,25,Concluída,45.8,Indicação
M0001444,A00117,O20240170,2024,História,2024-04-01,0,Ativa,34.0,Indicação
M0001445,A00117,O20240174,2024,Inglês,2024-01-27,,Ativa,81.8,Instagram
M0001446,A00117,O20240166,2024,Matematica,2024-04-08,0,,68.2,WhatsApp
M0001447,A00117,O20240172,2024,Português,2024-04-24,15,Ativa,58.8,Google
M0001448,A00117,O20240168,2024,Química,2024-04-25,0,Cancelada,47.0,Feira escolar
M0001449,A00117,O20240173,2024,Redação,2024-01-25,25,Concluída,52.9,Instagram
M0001450,A00117,O20240176,2024,Sociologia,2024-04-21,15,Concluída,67.0,Instagram
M0001451,A00118,O20240158,2024,Biologia,2024-03-16,25,Ativa,56.5,Google
M0001452,A00118,O20240164,2024,Filosofia,2024-04-06,20,Concluída,63.8,Feira escolar
M0001453,A00118,O20240156,2024,Física,2024-02-10,0,Concluída,68.8,
M0001454,A00118,O20240159,2024,História,2024-03-24,15,Cancelada,41.0,
M0001455,A00118,O20240155,2024,Matemática,2024-02-22,20,Concluída,65.5,Feira escolar
M0001456,A00118,O20240161,2024,Português,2024-04-28,0,concluida,31.5,Indicação
M0001457,A00118,O20240162,2024,Redação,2024-02-12,10,Concluída,80.5,Instagram
M0001458,A00118,O20240165,2024,SOCIOLOGIA,2024-02-03,0,Cancelada,40.9,Indicação
M0001459,A00119,O20230092,2023,Biologia,2023-03-15,10,Ativa,56.4,Google
M0001460,A00119,O20230098,2023,Filosofia,2023-04-19,,Trancada,53.5,WhatsApp
M0001461,A00119,O20230093,2023,História,2023-04-08,0,Trancada,54.7,
M0001462,A00119,O20230097,2023,Inglês,2023-02-16,30,Concluída,50.2,Google
M0001463,A00119,O20230089,2023,Matemática,2023-03-12,25,Concluída,54.0,Google
M0001464,A00119,O20230095,2023,Português,2023/04/05,30,Concluída,58.7,Feira escolar
M0001465,A00119,O20230091,2023,QUÍMICA,2023-01-21,0,Concluída,24.9,
M0001466,A00119,O20230096,2023,Redação,2023-01-12,,concluida,39.0,Google
M0001467,A00119,O20230099,2023,Sociologia,2023-04-08,20,Concluída,64.3,Google
M0001468,A00120,O20210043,2021,Filosofia,2021-04-24,0,Ativa,62.7,WhatsApp
M0001469,A00120,O20210035,2021,Física,2021-02-21,15,Trancada,77.4,
M0001470,A00120,O20210039,2021,Geografia,2021-04-03,0,Concluída,64.4,Google
M0001471,A00120,O20210042,2021,Inglês,2021-01-16,0,Ativa,73.5,Indicação
M0001472,A00120,O20210034,2021,Matemática,2021-03-08,0,Concluída,68.8,Indicação
M0001473,A00120,O20210040,2021,Português,2021-01-01,0,concluida,67.7,Indicação
M0001474,A00120,O20210041,2021,Redação,2021-04-06,50,Concluída,57.5,Feira escolar
M0001475,A00120,O20210044,2021,Sociologia,2021-04-20,50,Ativa,60.1,
M0001476,A00120,O20220070,2022,Biologia,2022-03-10,,Concluída,38.4,
M0001477,A00120,O20220076,2022,Filosofia,2022-02-17,30,Concluída,57.1,WhatsApp
M0001478,A00120,O20220072,2022,Geografia,2022-02-21,0,Concluída,53.3,Feira escolar
M0001479,A00120,O20220071,2022,História,2022-01-25,0,Concluída,62.3,
M0001480,A00120,O20220067,2022,Matemática,2022-03-03,0,Concluída,44.8,Instagram
M0001481,A00120,O20220073,2022,Português,2022-02-02,50,Ativa,60.6,Google
M0001482,A00120,O20220074,2022,Redação,2022-01-04,20,Concluída,69.3,Feira escolar
M0001483,A00120,O20220077,2022,Sociologia,2022/04/24,30,Concluída,62.1,Feira escolar
M0001484,A00120,O20230114,2023,Biologia,2023-03-01,30,Concluída,74.3,Google
M0001485,A00120,O20230112,2023,Física,2023-03-18,50,Concluída,53.7,Feira escolar
M0001486,A00120,O20230116,2023,Geografia,2023-03-05,,Concluída,29.4,WhatsApp
M0001487,A00120,O20230119,2023,Inglês,2023-04-06,0,Concluída,59.9,Feira escolar
M0001488,A00120,O20230111,2023,Matemática,2023-04-18,25,Concluída,71.2,Google
M0001489,A00120,O20230117,2023,Português,2023-02-15,0,Trancada,57.3,Feira escolar
M0001490,A00120,O20230113,2023,Química,2023/01/13,0,Cancelada,84.4,WhatsApp
M0001491,A00120,O20230118,2023,Redação,2023-04-01,10,Concluída,53.4,Google
M0001492,A00120,O20230121,2023,Sociologia,2023-01-10,,Concluída,63.2,WhatsApp
M0001493,A00121,O20230125,2023,Biologia,2023-04-06,20,Concluída,39.6,Feira escolar
M0001494,A00121,O20230131,2023,Filosofia,2023-02-02,0,Concluída,49.1,Instagram
M0001495,A00121,O20230123,2023,FÍSICA,2023-03-06,0,Concluída,52.5,WhatsApp
M0001496,A00121,O20230127,2023,Geografia,2023-03-05,0,concluida,84.9,
M0001497,A00121,O20230126,2023,História,2023-03-12,50,concluida,66.9,WhatsApp
M0001498,A00121,O20230130,2023,Inglês,2023-03-14,15,Concluída,65.2,Instagram
M0001499,A00121,O20230122,2023,Matemática,2023-01-26,10,Ativa,43.3,Feira escolar
M0001500,A00121,O20230128,2023,Português,2023-02-07,,Concluída,58.1,Feira escolar
M0001501,A00121,O20230124,2023,Química,2023-01-20,25,Concluída,49.3,Google
M0001502,A00121,O20230129,2023,Redação,2023-04-22,10,Concluída,52.4,
M0001503,A00121,O20230132,2023,Sociologia,2023-02-02,0,Concluída,26.6,Instagram
M0001504,A00122,O20240136,2024,Biologia,2024-03-22,15,Concluída,94.5,Google
M0001505,A00122,O20240142,2024,FILOSOFIA,2024-04-05,20,Concluída,67.6,Google
M0001506,A00122,O20240134,2024,Física,2024-01-04,0,Concluída,59.9,Feira escolar
M0001507,A00122,O20240138,2024,Geografia,2024-02-21,0,Concluída,60.8,Indicação
M0001508,A00122,O20240137,2024,História,2024-01-02,20,Concluída,67.7,Indicação
M0001509,A00122,O20240141,2024,Inglês,2024-02-04,25,Ativa,55.1,Indicação
M0001510,A00122,O20240133,2024,Matemática,2024-01-23,0,Concluída,60.4,Google
M0001511,A00122,O20240139,2024,Português,2024-02-18,0,concluida,37.9,
M0001512,A00122,O20240140,2024,Redação,2024-03-11,25,Concluída,57.1,Feira escolar
M0001513,A00122,O20240143,2024,Sociologia,2024-01-11,30,Cancelada,45.4,Feira escolar
M0001514,A00123,O20240169,2024,Biologia,2024-03-17,25,Concluída,34.0,
M0001515,A00123,O20240167,2024,Física,2024-01-28,10,Ativa,45.4,
M0001516,A00123,O20240171,2024,Geografia,2024-01-24,15,Concluída,72.5,WhatsApp
M0001517,A00123,O20240170,2024,História,2024-04-15,0,Ativa,66.5,Google
M0001518,A00123,O20240174,2024,Inglês,2024-01-13,0,Concluída,71.2,Indicação
M0001519,A00123,O20240166,2024,Matemática,2024-02-20,25,Ativa,43.4,
M0001520,A00123,O20240172,2024,Português,2024-03-16,25,Concluída,66.8,Feira escolar
M0001521,A00123,O20240168,2024,Química,2024-01-22,0,Concluída,42.4,
M0001522,A00123,O20240173,2024,Redação,2024-04-01,30,Concluída,47.6,Feira escolar
M0001523,A00123,O20240176,2024,Sociologia,2024-03-18,10,Concluída,72.8,WhatsApp
M0001524,A00124,O20240158,2024,BIOLOGIA,03-05-2024,10,Concluída,54.3,
M0001525,A00124,O20240164,2024,Filosofia,2024-04-12,30,concluida,56.3,Indicação
M0001526,A00124,O20240156,2024,FÍSICA,01-18-2024,0,Concluída,64.8,Instagram
M0001527,A00124,O20240160,2024,Geografia,2024-03-26,50,Concluída,77.1,WhatsApp
M0001528,A00124,O20240163,2024,Inglês,2024-02-01,30,Concluída,32.9,WhatsApp
M0001529,A00124,O20240155,2024,Matemática,2024-01-07,0,Concluída,67.6,WhatsApp
M0001530,A00124,O20240161,2024,Português,2024-04-07,20,concluida,44.2,Instagram
M0001531,A00124,O20240162,2024,Redação,2024/02/07,10,Ativa,56.2,Indicação
M0001532,A00125,O20230114,2023,Biologia,2023-04-24,0,Concluída,50.5,
M0001533,A00125,O20230120,2023,Filosofia,2023-01-23,0,Concluída,73.8,WhatsApp
M0001534,A00125,O20230112,2023,Física,2023-02-16,,Ativa,73.5,Instagram
M0001535,A00125,O20230115,2023,História,2023-01-16,0,Cancelada,57.8,
M0001536,A00125,O20230111,2023,Matemática,2023-01-16,50,Cancelada,40.7,Feira escolar
M0001537,A00125,O20230117,2023,Português,2023-03-04,15,Ativa,63.5,Instagram
M0001538,A00125,O20230118,2023,Redação,01-03-2023,25,Concluída,65.2,Instagram
M0001539,A00125,O20230121,2023,Sociologia,2023-02-08,20,Concluída,75.1,Instagram
M0001540,A00125,O20240134,2024,Física,2024-01-05,0,Concluída,41.0,
M0001541,A00125,O20240138,2024,GEOGRAFIA,2024-01-26,20,Concluída,58.0,WhatsApp
M0001542,A00125,O20240137,2024,História,2024-02-08,50,Ativa,38.5,
M0001543,A00125,O20240141,2024,Inglês,17/01/2024,25,concluida,59.2,
M0001544,A00125,O20240133,2024,Matemática,2024-01-24,10,Cancelada,100.7,Feira escolar
M0001545,A00125,O20240139,2024,Português,2024-02-10,20,Concluída,86.5,Feira escolar
M0001546,A00125,O20240135,2024,Química,2024-01-09,0,Concluída,71.0,WhatsApp
M0001547,A00125,O20240140,2024,Redação,2024-01-16,30,Concluída,78.3,Instagram
M0001548,A00126,O20230114,2023,Biologia,2023-02-21,10,Concluída,35.4,Feira escolar
M0001549,A00126,O20230120,2023,Filosofia,2023-04-01,30,Ativa,71.3,Instagram
M0001550,A00126,O20230112,2023,Física,2023-03-21,0,Ativa,47.2,Feira escolar
M0001551,A00126,O20230116,2023,Geografia,2023-03-22,0,Concluída,72.2,Feira escolar
M0001552,A00126,O20230115,2023,História,2023-03-14,0,Concluída,61.4,
M0001553,A00126,O20230119,2023,Inglês,2023-01-09,0,Concluída,55.5,Indicação
M0001554,A00126,O20230111,2023,Matemática,2023-04-07,0,Concluída,47.8,Google
M0001555,A00126,O20230117,2023,Português,2023-02-09,20,Concluída,73.7,Feira escolar
M0001556,A00126,O20230113,2023,Química,2023-01-15,20,Cancelada,68.2,Google
M0001557,A00126,O20230118,2023,Redação,2023-03-24,25,Concluída,72.4,
M0001558,A00127,O20250202,2025,Biologia,2025-02-27,20,Concluída,60.2,WhatsApp
M0001559,A00127,O20250208,2025,Filosofia,2025-04-26,15,Ativa,34.3,
M0001560,A00127,O20250200,2025,Fisica,2025-03-01,10,Concluída,54.7,Indicação
M0001561,A00127,O20250204,2025,Geografia,2025-04-24,30,Concluída,74.2,Instagram
M0001562,A00127,O20250203,2025,História,04-15-2025,,Concluída,53.3,Google
M0001563,A00127,O20250207,2025,Inglês,04-04-2025,25,Concluída,54.2,
M0001564,A00127,O20250199,2025,Matemática,2025-01-05,0,Ativa,71.5,Google
M0001565,A00127,O20250205,2025,Português,2025-01-24,10,Concluída,54.9,Feira escolar
M0001566,A00127,O20250201,2025,Quimica,2025-02-06,10,Concluída,41.1,Instagram
M0001567,A00127,O20250206,2025,Redação,2025-01-21,50,Concluída,49.5,Indicação
M0001568,A00127,O20250209,2025,Sociologia,24/02/2025,30,Concluída,54.3,Google
M0001569,A00128,O20220048,2022,Biologia,2022-04-19,0,Concluída,55.2,Instagram
M0001570,A00128,O20220046,2022,Física,2022-03-14,0,Cancelada,50.0,Google
M0001571,A00128,O20220050,2022,Geografia,2022-03-06,0,Ativa,57.7,Google
M0001572,A00128,O20220053,2022,Inglês,2022-04-06,,Concluída,68.5,WhatsApp
M0001573,A00128,O20220045,2022,Matemática,2022-01-24,30,Concluída,39.7,Feira escolar
M0001574,A00128,O20220051,2022,Português,2022-02-05,0,Concluída,60.8,Instagram
M0001575,A00128,O20220047,2022,Química,2022-01-22,30,Concluída,77.5,WhatsApp
M0001576,A00128,O20220052,2022,Redação,2022-01-22,,Concluída,56.3,WhatsApp
M0001577,A00128,O20220055,2022,Sociologia,2022-04-27,25,Concluída,64.5,Feira escolar
M0001578,A00129,O20230114,2023,Biologia,2023-03-10,0,Trancada,55.4,Instagram
M0001579,A00129,O20230120,2023,FILOSOFIA,2023-01-20,25,Concluída,59.5,Feira escolar
M0001580,A00129,O20230115,2023,História,2023-01-25,25,Concluída,51.5,
M0001581,A00129,O20230111,2023,Matemática,2023-01-18,20,Concluída,74.5,Indicação
M0001582,A00129,O20230117,2023,Português,2023-02-26,0,Concluída,71.2,Instagram
M0001583,A00129,O20230113,2023,Química,2023-03-09,0,concluida,72.0,
M0001584,A00129,O20230118,2023,Redação,2023-01-19,,Concluída,80.3,Google
M0001585,A00129,O20230121,2023,Sociologia,2023-03-11,0,Concluída,63.4,Google
M0001586,A00129,O20240136,2024,Biologia,2024-01-18,20,Concluída,47.2,Google
M0001587,A00129,O20240138,2024,Geografia,2024-03-12,10,Concluída,67.0,
M0001588,A00129,O20240137,2024,Historia,2024-02-12,15,Concluída,45.7,
M0001589,A00129,O20240141,2024,Inglês,2024-03-21,50,concluida,59.2,Feira escolar
M0001590,A00129,O20240133,2024,Matemática,2024-02-09,0,Cancelada,37.2,Indicação
M0001591,A00129,O20240139,2024,Português,2024-04-06,50,Concluída,50.4,Indicação
M0001592,A00129,O20240135,2024,Química,2024/02/06,0,Concluída,49.7,
M0001593,A00129,O20240140,2024,Redação,2024-01-21,0,Concluída,61.6,WhatsApp
M0001594,A00129,O20240143,2024,Sociologia,2024-01-18,0,Concluída,32.6,WhatsApp
M0001595,A00129,O20250180,2025,Biologia,2025-03-05,25,Concluída,57.1,Indicação
M0001596,A00129,O20250186,2025,Filosofia,2025-01-12,,Concluída,66.3,
M0001597,A00129,O20250178,2025,Física,2025-04-10,20,Ativa,61.2,Instagram
M0001598,A00129,O20250182,2025,Geografia,2025-03-18,25,Concluída,30.0,
M0001599,A00129,O20250181,2025,Historia,2025-03-28,30,Concluída,58.9,Feira escolar
M0001600,A00129,O20250185,2025,Inglês,2025-04-06,25,Ativa,43.0,Feira escolar
M0001601,A00129,O20250177,2025,Mat.,2025-01-22,10,Ativa,60.6,Indicação
M0001602,A00129,O20250183,2025,Português,2025-02-28,,Concluída,59.6,Instagram
M0001603,A00129,O20250184,2025,Redação,2025-01-17,0,Concluída,67.3,Instagram
M0001604,A00129,O20250187,2025,Sociologia,2025-04-15,20,Concluída,68.6,WhatsApp
M0001605,A00130,O20250202,2025,BIOLOGIA,2025-02-04,50,Concluída,21.7,
M0001606,A00130,O20250200,2025,Fisica,2025-01-04,10,Concluída,31.5,Feira escolar
M0001607,A00130,O20250203,2025,História,2025-04-01,10,Concluída,39.3,
M0001608,A00130,O20250207,2025,Inglês,2025-03-05,15,Concluída,55.7,WhatsApp
M0001609,A00130,O20250199,2025,MATEMÁTICA,2025-04-16,0,Ativa,46.3,Indicação
M0001610,A00130,O20250205,2025,Português,2025-03-07,0,Concluída,62.7,
M0001611,A00130,O20250201,2025,Química,2025-01-04,0,Ativa,68.0,Google
M0001612,A00130,O20250206,2025,Redação,2025-01-27,15,Concluída,61.9,
M0001613,A00130,O20250209,2025,Sociologia,2025-03-07,0,Concluída,45.3,Feira escolar
M0001614,A00131,O20250180,2025,Biologia,2025-01-01,0,Concluída,58.9,Google
M0001615,A00131,O20250178,2025,Fisica,2025-03-03,0,Ativa,25.6,WhatsApp
M0001616,A00131,O20250182,2025,Geografia,2025-03-15,20,Concluída,84.6,Feira escolar
M0001617,A00131,O20250185,2025,Inglês,2025-04-04,25,Concluída,50.6,Instagram
M0001618,A00131,O20250177,2025,Matemática,2025-04-10,50,Concluída,70.3,Feira escolar
M0001619,A00131,O20250183,2025,Português,2025-04-04,50,Cancelada,50.2,Feira escolar
M0001620,A00131,O20250179,2025,Quimica,2025-04-10,25,Concluída,46.9,
M0001621,A00131,O20250184,2025,Redação,2025-01-17,20,Concluída,75.1,
M0001622,A00131,O20250187,2025,Sociologia,2025/01/22,25,Concluída,35.1,WhatsApp
M0001623,A00132,O20210004,2021,Biologia,2021-03-09,0,Concluída,63.5,Indicação
M0001624,A00132,O20210010,2021,Filosofia,21/01/2021,0,Concluída,61.2,Feira escolar
M0001625,A00132,O20210006,2021,Geografia,2021/04/28,50,Concluída,56.4,
M0001626,A00132,O20210005,2021,História,2021-04-08,30,Concluída,61.4,Indicação
M0001627,A00132,O20210009,2021,Inglês,2021-02-27,0,Ativa,49.4,Instagram
M0001628,A00132,O20210001,2021,Matemática,2021-02-24,50,Cancelada,68.3,WhatsApp
M0001629,A00132,O20210007,2021,PORTUGUÊS,2021-04-18,0,Ativa,74.2,Feira escolar
M0001630,A00132,O20210003,2021,Quimica,2021-02-11,20,,41.6,Google
M0001631,A00132,O20210008,2021,Redação,2021-01-27,30,Ativa,55.3,Feira escolar
M0001632,A00132,O20210011,2021,Sociologia,2021-02-06,25,Concluída,47.7,
M0001633,A00133,O20240164,2024,Filosofia,03/04/2024,25,Concluída,74.8,Google
M0001634,A00133,O20240156,2024,Física,2024-03-20,0,Concluída,59.6,
M0001635,A00133,O20240155,2024,Matemática,2024-03-18,30,Ativa,73.0,Feira escolar
M0001636,A00133,O20240161,2024,Português,2024-01-14,25,Concluída,31.4,
M0001637,A00133,O20240157,2024,Química,2024-03-22,15,Concluída,27.2,Google
M0001638,A00133,O20240162,2024,Redação,2024-03-02,50,Ativa,40.4,Instagram
M0001639,A00133,O20240165,2024,Sociologia,2024-03-14,20,Concluída,52.3,
M0001640,A00133,O20250208,2025,FILOSOFIA,2025-04-20,0,Concluída,72.1,Instagram
M0001641,A00133,O20250200,2025,Física,2025-01-19,0,Concluída,53.8,Feira escolar
M0001642,A00133,O20250204,2025,Geografia,2025-02-15,20,concluida,58.1,Feira escolar
M0001643,A00133,O20250203,2025,História,2025-04-19,25,Ativa,73.8,WhatsApp
M0001644,A00133,O20250207,2025,Inglês,2025-01-01,30,Concluída,54.2,WhatsApp
M0001645,A00133,O20250199,2025,Matemática,14/04/2025,50,Concluída,57.0,Instagram
M0001646,A00133,O20250205,2025,Português,2025-03-17,0,Concluída,55.2,Instagram
M0001647,A00133,O20250201,2025,Química,2025-02-16,0,Ativa,59.0,Instagram
M0001648,A00133,O20250206,2025,Redação,2025-01-11,25,Ativa,72.3,Feira escolar
M0001649,A00133,O20250209,2025,Sociologia,2025-03-11,30,Concluída,63.1,Google
M0001650,A00134,O20240147,2024,Biologia,2024-02-16,20,Cancelada,73.6,WhatsApp
M0001651,A00134,O20240153,2024,Filosofia,2024-04-03,20,Concluída,60.3,Feira escolar
M0001652,A00134,O20240145,2024,Física,03-12-2024,0,Ativa,71.9,
M0001653,A00134,O20240149,2024,Geografia,2024-04-05,20,Concluída,46.1,WhatsApp
M0001654,A00134,O20240152,2024,Inglês,2024-01-02,0,Concluída,64.4,
M0001655,A00134,O20240144,2024,Matemática,2024-04-26,0,Concluída,57.0,Indicação
M0001656,A00134,O20240150,2024,Português,2024-02-28,25,Concluída,57.0,
M0001657,A00134,O20240151,2024,Redação,2024-01-15,15,Ativa,73.1,WhatsApp
M0001658,A00134,O20240154,2024,Sociologia,2024-02-18,15,Ativa,62.4,Instagram
M0001659,A00134,O20250202,2025,BIOLOGIA,2025-02-17,0,Concluída,70.6,WhatsApp
M0001660,A00134,O20250208,2025,Filosofia,2025-02-04,0,Concluída,63.5,Indicação
M0001661,A00134,O20250204,2025,GEOGRAFIA,2025-02-17,10,Concluída,62.2,Google
M0001662,A00134,O20250199,2025,Matemática,2025-01-08,0,Cancelada,62.5,Indicação
M0001663,A00134,O20250205,2025,Português,2025-03-10,0,Ativa,44.2,Google
M0001664,A00134,O20250201,2025,Química,2025-04-28,0,Concluída,67.6,WhatsApp
M0001665,A00134,O20250206,2025,Redacao,27/01/2025,15,Concluída,75.7,
M0001666,A00135,O20220070,2022,Biologia,2022-03-17,10,Concluída,37.1,Instagram
M0001667,A00135,O20220071,2022,História,2022-02-08,50,Concluída,67.4,
M0001668,A00135,O20220075,2022,Inglês,2022-02-28,15,Concluída,60.5,Instagram
M0001669,A00135,O20220067,2022,Matemática,2022-02-10,,Concluída,71.8,Instagram
M0001670,A00135,O20220073,2022,Português,04-03-2022,0,Concluída,64.8,Indicação
M0001671,A00135,O20220069,2022,Química,2022-04-02,0,Concluída,34.2,Feira escolar
M0001672,A00135,O20220074,2022,Redação,2022-01-13,25,Concluída,30.1,Feira escolar
M0001673,A00135,O20220077,2022,SOCIOLOGIA,2022-04-13,30,Ativa,66.3,Google
M0001674,A00136,O20250219,2025,Filosofia,05/02/2025,20,Ativa,36.7,WhatsApp
M0001675,A00136,O20250211,2025,Física,2025-04-03,25,Cancelada,69.3,WhatsApp
M0001676,A00136,O20250214,2025,História,2025-01-17,15,Concluída,61.2,
M0001677,A00136,O20250218,2025,Inglês,2025-04-02,30,Concluída,51.7,
M0001678,A00136,O20250210,2025,Matemática,2025-03-06,15,Ativa,47.8,Feira escolar
M0001679,A00136,O20250216,2025,Português,2025-02-26,0,Trancada,57.0,
M0001680,A00136,O20250217,2025,Redação,2025-01-24,50,Concluída,38.7,Instagram
M0001681,A00137,O20210037,2021,Biologia,2021-04-01,20,,60.8,Instagram
M0001682,A00137,O20210043,2021,Filosofia,2021-03-10,20,Concluída,70.8,Indicação
M0001683,A00137,O20210035,2021,Física,2021-03-14,,Cancelada,59.8,Indicação
M0001684,A00137,O20210039,2021,Geografia,2021-04-25,50,,62.1,Google
M0001685,A00137,O20210042,2021,Inglês,2021-04-03,0,Concluída,26.4,Indicação
M0001686,A00137,O20210034,2021,Matemática,2021-02-24,25,Cancelada,51.7,Indicação
M0001687,A00137,O20210040,2021,Português,2021-03-05,20,Concluída,57.7,
M0001688,A00137,O20210036,2021,Química,03-22-2021,,Ativa,32.7,WhatsApp
M0001689,A00137,O20210041,2021,Redação,2021-03-07,0,Concluída,51.0,WhatsApp
M0001690,A00137,O20210044,2021,Sociologia,2021-03-11,20,Ativa,29.3,Indicação
M0001691,A00138,O20240142,2024,Filosofia,2024-01-07,0,Concluída,73.1,Google
M0001692,A00138,O20240134,2024,Física,2024-03-03,30,Ativa,72.4,Feira escolar
M0001693,A00138,O20240138,2024,Geografia,2024-02-03,10,Concluída,41.5,Feira escolar
M0001694,A00138,O20240141,2024,Inglês,2024-03-26,10,Ativa,63.3,WhatsApp
M0001695,A00138,O20240133,2024,Matemática,2024-03-16,20,Ativa,48.3,Google
M0001696,A00138,O20240139,2024,Português,2024-01-09,50,Concluída,51.0,Google
M0001697,A00138,O20240135,2024,Química,2024-03-24,15,Concluída,65.0,
M0001698,A00138,O20240140,2024,Redacao,2024-01-27,,Concluída,48.1,Indicação
M0001699,A00138,O20240143,2024,Sociologia,2024-02-23,50,Concluída,48.5,Indicação
M0001700,A00138,O20250202,2025,Biologia,2025-04-04,50,Concluída,63.0,
M0001701,A00138,O20250208,2025,Filosofia,2025-03-19,25,Concluída,86.6,
M0001702,A00138,O20250200,2025,Física,2025-01-15,15,concluida,41.8,
M0001703,A00138,O20250204,2025,Geografia,2025-04-26,0,Concluída,46.1,Instagram
M0001704,A00138,O20250207,2025,Inglês,2025-02-26,25,Concluída,59.5,Google
M0001705,A00138,O20250199,2025,Matemática,2025-03-04,10,Ativa,64.4,Google
M0001706,A00138,O20250205,2025,PORTUGUÊS,2025-01-10,15,Concluída,71.3,WhatsApp
M0001707,A00138,O20250201,2025,Química,2025-03-02,20,Ativa,37.7,Feira escolar
M0001708,A00138,O20250206,2025,Redação,2025-02-18,30,Ativa,58.2,
M0001709,A00138,O20250209,2025,Sociologia,2025-04-28,10,Ativa,54.6,
M0001710,A00139,O20240158,2024,Biologia,2024-02-22,20,Concluída,62.1,Instagram
M0001711,A00139,O20240164,2024,FILOSOFIA,2024-03-23,0,Ativa,53.4,WhatsApp
M0001712,A00139,O20240156,2024,Física,2024-02-10,0,,58.0,Indicação
M0001713,A00139,O20240160,2024,Geografia,2024-03-20,10,Concluída,44.0,Instagram
M0001714,A00139,O20240159,2024,História,02-15-2024,0,Concluída,56.3,Feira escolar
M0001715,A00139,O20240163,2024,Inglês,2024-01-13,0,Concluída,39.4,WhatsApp
M0001716,A00139,O20240155,2024,Matemática,2024/02/11,50,Concluída,55.3,Indicação
M0001717,A00139,O20240161,2024,Português,2024-04-08,0,Concluída,64.7,
M0001718,A00139,O20240157,2024,Química,2024-03-13,50,Concluída,80.3,Google
M0001719,A00139,O20240162,2024,Redação,2024-02-26,25,Cancelada,55.8,
M0001720,A00139,O20250180,2025,Biologia,2025-02-15,10,concluida,66.2,Feira escolar
M0001721,A00139,O20250186,2025,Filosofia,2025-04-09,,Concluída,59.3,Instagram
M0001722,A00139,O20250182,2025,Geografia,2025-04-10,50,Concluída,73.6,Instagram
M0001723,A00139,O20250181,2025,História,07/02/2025,30,Concluída,65.4,Google
M0001724,A00139,O20250185,2025,Inglês,2025-01-25,,Concluída,44.0,Instagram
M0001725,A00139,O20250177,2025,Matemática,2025-04-20,50,Trancada,60.0,
M0001726,A00139,O20250183,2025,Português,2025-03-06,,Concluída,68.1,Indicação
M0001727,A00139,O20250179,2025,Química,2025-03-21,25,Ativa,51.2,Feira escolar
M0001728,A00139,O20250184,2025,Redação,2025-01-17,30,Cancelada,62.8,Google
M0001729,A00139,O20250187,2025,Sociologia,2025-01-03,15,Ativa,62.5,Indicação
M0001730,A00140,O20210026,2021,Biologia,2021-03-26,25,Cancelada,47.1,Google
M0001731,A00140,O20210032,2021,Filosofia,2021-03-13,15,Trancada,50.6,Indicação
M0001732,A00140,O20210024,2021,Física,2021-04-08,,,64.2,
M0001733,A00140,O20210028,2021,GEOGRAFIA,09/03/2021,,Concluída,46.8,Feira escolar
M0001734,A00140,O20210027,2021,História,2021-01-26,15,Concluída,40.3,Feira escolar
M0001735,A00140,O20210031,2021,Ingles,2021-04-24,0,Cancelada,52.4,
M0001736,A00140,O20210023,2021,Matemática,2021-03-21,0,Concluída,44.6,Indicação
M0001737,A00140,O20210029,2021,Português,2021-03-25,50,concluida,55.9,Indicação
M0001738,A00140,O20210030,2021,REDAÇÃO,2021-04-25,0,concluida,51.2,Feira escolar
M0001739,A00140,O20210033,2021,Sociologia,2021-01-01,50,Concluída,91.7,Indicação
M0001740,A00140,O20220070,2022,Biologia,2022-02-10,,Trancada,50.1,
M0001741,A00140,O20220076,2022,Filosofia,2022-04-09,30,Trancada,31.7,
M0001742,A00140,O20220068,2022,Física,2022-04-13,,concluida,53.4,Instagram
M0001743,A00140,O20220072,2022,Geografia,2022-04-07,0,Concluída,30.0,
M0001744,A00140,O20220071,2022,História,28/04/2022,25,Concluída,70.8,WhatsApp
M0001745,A00140,O20220067,2022,Matemática,2022-03-23,25,Concluída,57.4,Instagram
M0001746,A00140,O20220073,2022,Português,2022-03-02,25,Concluída,49.0,Google
M0001747,A00140,O20220069,2022,Química,2022-03-13,25,Ativa,70.2,Instagram
M0001748,A00140,O20220074,2022,Redação,2022-01-18,15,Ativa,44.8,
M0001749,A00141,O20210043,2021,Filosofia,2021-04-10,0,Ativa,47.5,Google
M0001750,A00141,O20210035,2021,Física,2021-04-14,0,Ativa,50.6,Google
M0001751,A00141,O20210039,2021,Geografia,2021-04-07,50,Ativa,70.2,Feira escolar
M0001752,A00141,O20210038,2021,História,2021-03-15,0,Concluída,73.0,Feira escolar
M0001753,A00141,O20210034,2021,Matemática,2021-01-22,10,Concluída,41.9,Indicação
M0001754,A00141,O20210040,2021,Português,2021-04-12,0,Concluída,63.6,Instagram
M0001755,A00141,O20210036,2021,Química,2021-01-05,,Concluída,30.6,WhatsApp
M0001756,A00141,O20210041,2021,Redação,2021-01-27,50,Concluída,69.8,Instagram
M0001757,A00142,O20230103,2023,Biologia,2023-04-08,30,Concluída,92.0,Google
M0001758,A00142,O20230105,2023,GEOGRAFIA,2023-03-12,0,Concluída,52.7,
M0001759,A00142,O20230104,2023,História,2023-01-20,0,Ativa,43.4,Feira escolar
M0001760,A00142,O20230108,2023,Inglês,2023-02-17,,Concluída,55.7,Instagram
M0001761,A00142,O20230100,2023,Matemática,2023-04-12,,Concluída,47.4,WhatsApp
M0001762,A00142,O20230106,2023,Português,2023-03-11,50,Concluída,64.4,
M0001763,A00142,O20230107,2023,Redação,2023-01-05,25,Concluída,70.0,Indicação
M0001764,A00143,O20230103,2023,Biologia,19/02/2023,50,Concluída,50.4,WhatsApp
M0001765,A00143,O20230109,2023,Filosofia,2023/04/12,0,Ativa,42.1,Instagram
M0001766,A00143,O20230108,2023,Inglês,2023-04-11,50,Cancelada,79.1,
M0001767,A00143,O20230100,2023,Matemática,2023-02-21,15,Cancelada,43.8,Instagram
M0001768,A00143,O20230106,2023,Português,2023-02-18,,concluida,67.1,Instagram
M0001769,A00143,O20230102,2023,Química,2023-03-25,20,Concluída,48.1,Feira escolar
M0001770,A00143,O20230107,2023,Redação,2023-04-01,0,Ativa,68.3,Feira escolar
M0001771,A00143,O20230110,2023,Sociologia,2023-03-21,10,Concluída,54.4,Feira escolar
M0001772,A00143,O20240158,2024,Biologia,2024-01-16,30,Concluída,55.7,WhatsApp
M0001773,A00143,O20240164,2024,Filosofia,2024-03-19,0,Concluída,54.9,
M0001774,A00143,O20240156,2024,Física,2024-02-07,20,,45.0,Google
M0001775,A00143,O20240160,2024,Geografia,2024-02-15,50,Concluída,49.4,WhatsApp
M0001776,A00143,O20240163,2024,Inglês,2024-04-22,25,Concluída,52.4,Google
M0001777,A00143,O20240155,2024,Matemática,2024-03-07,10,Cancelada,61.5,WhatsApp
M0001778,A00143,O20240161,2024,Português,2024-03-12,25,Ativa,62.4,WhatsApp
M0001779,A00143,O20240162,2024,Redação,2024-02-26,15,Concluída,75.7,Indicação
M0001780,A00143,O20240165,2024,Sociologia,2024/01/03,15,Concluída,56.9,Feira escolar
M0001781,A00144,O20210010,2021,Filosofia,2021-02-16,0,Concluída,34.9,Google
M0001782,A00144,O20210002,2021,Física,2021-02-03,20,Ativa,56.2,Feira escolar
M0001783,A00144,O20210005,2021,História,2021-04-09,,Concluída,65.7,Instagram
M0001784,A00144,O20210009,2021,Ingles,2021-01-16,50,Concluída,54.0,Indicação
M0001785,A00144,O20210001,2021,Matemática,2021-01-05,0,Concluída,71.9,Google
M0001786,A00144,O20210007,2021,Português,2021-02-14,30,Concluída,68.6,Instagram
M0001787,A00144,O20210003,2021,Química,2021-04-10,0,Concluída,64.6,WhatsApp
M0001788,A00144,O20210008,2021,Redação,21/03/2021,50,Concluída,69.6,Google
M0001789,A00144,O20210011,2021,Sociologia,2021-02-15,30,Ativa,86.7,Instagram
M0001790,A00144,O20220059,2022,Biologia,2022-02-15,10,Concluída,37.4,
M0001791,A00144,O20220065,2022,Filosofia,2022-04-13,15,Ativa,46.6,WhatsApp
M0001792,A00144,O20220057,2022,Física,2022-03-07,0,Concluída,80.8,WhatsApp
M0001793,A00144,O20220061,2022,Geografia,2022-03-01,0,Concluída,36.2,Indicação
M0001794,A00144,O20220060,2022,História,2022-03-12,25,Concluída,48.9,Indicação
M0001795,A00144,O20220064,2022,Inglês,2022-04-14,0,Concluída,55.4,
M0001796,A00144,O20220056,2022,Matemática,2022-04-04,0,Concluída,54.9,WhatsApp
M0001797,A00144,O20220062,2022,Português,2022/03/22,20,Concluída,63.6,Google
M0001798,A00144,O20220058,2022,Química,2022-01-08,15,Concluída,35.7,
M0001799,A00144,O20220063,2022,Redação,2022-03-20,20,Ativa,75.9,
M0001800,A00144,O20220066,2022,Sociologia,2022-04-14,50,Ativa,71.0,Google
M0001801,A00144,O20230109,2023,Filosofia,2023-02-24,0,Concluída,63.1,Google
M0001802,A00144,O20230101,2023,Física,2023/03/01,30,Concluída,59.7,Google
M0001803,A00144,O20230104,2023,História,2023-03-18,0,Concluída,67.2,Instagram
M0001804,A00144,O20230108,2023,Inglês,2023-02-14,10,Concluída,45.9,Google
M0001805,A00144,O20230100,2023,Matematica,2023-02-08,0,,61.9,Feira escolar
M0001806,A00144,O20230106,2023,Português,2023-03-14,25,Concluída,49.9,Feira escolar
M0001807,A00144,O20230102,2023,Química,2023-01-05,,Concluída,65.4,Google
M0001808,A00144,O20230107,2023,Redação,2023-04-22,25,Concluída,52.2,Indicação
M0001809,A00145,O20230103,2023,Biologia,2023-04-18,30,Concluída,52.3,Google
M0001810,A00145,O20230101,2023,Física,2023-01-27,30,Concluída,62.8,
M0001811,A00145,O20230105,2023,Geografia,2023-04-07,10,Ativa,39.3,Indicação
M0001812,A00145,O20230108,2023,Inglês,2023-02-28,30,Concluída,74.9,Instagram
M0001813,A00145,O20230100,2023,Matemática,2023-03-13,,Ativa,46.7,Indicação
M0001814,A00145,O20230106,2023,Português,2023-04-22,0,Trancada,41.3,WhatsApp
M0001815,A00145,O20230102,2023,Química,2023-02-17,15,Ativa,56.4,WhatsApp
M0001816,A00145,O20230107,2023,Redação,2023-02-03,10,Concluída,58.5,WhatsApp
M0001817,A00145,O20240136,2024,Biologia,2024-03-23,30,Concluída,60.0,
M0001818,A00145,O20240142,2024,Filosofia,2024-03-10,25,Ativa,78.5,Feira escolar
M0001819,A00145,O20240134,2024,Física,2024-03-24,20,concluida,68.2,Instagram
M0001820,A00145,O20240133,2024,Matemática,2024-01-26,0,Ativa,64.4,Google
M0001821,A00145,O20240139,2024,Português,2024-03-02,20,Concluída,73.8,Google
M0001822,A00145,O20240135,2024,Química,2024-01-24,15,Concluída,38.9,WhatsApp
M0001823,A00145,O20240140,2024,Redação,2024-03-27,0,Concluída,63.9,WhatsApp
M0001824,A00145,O20240143,2024,Sociologia,2024-01-23,15,Concluída,56.5,Instagram
M0001825,A00146,O20250191,2025,Biologia,2025-03-21,0,Ativa,75.4,Google
M0001826,A00146,O20250197,2025,Filosofia,2025-04-05,0,Concluída,59.5,Feira escolar
M0001827,A00146,O20250189,2025,Física,2025-01-12,50,concluida,78.4,Instagram
M0001828,A00146,O20250193,2025,Geografia,2025-04-07,25,Concluída,66.0,Google
M0001829,A00146,O20250196,2025,Inglês,2025-01-23,15,Ativa,77.6,Feira escolar
M0001830,A00146,O20250188,2025,Matemática,2025-01-06,0,Ativa,63.4,Google
M0001831,A00146,O20250194,2025,Português,2025-04-01,0,Concluída,56.2,Indicação
M0001832,A00146,O20250190,2025,Química,2025-02-12,50,Concluída,68.5,Indicação
M0001833,A00146,O20250195,2025,Redação,2025-04-09,15,Concluída,56.3,WhatsApp
M0001834,A00146,O20250198,2025,Sociologia,2025-01-14,50,Cancelada,68.3,Google
M0001835,A00147,O20230093,2023,História,2023-03-12,10,Ativa,76.8,Google
M0001836,A00147,O20230097,2023,Inglês,2023-04-16,10,Ativa,68.6,
M0001837,A00147,O20230089,2023,Matemática,2023/03/25,10,Concluída,63.6,Indicação
M0001838,A00147,O20230095,2023,Português,2023-01-19,10,Concluída,54.6,
M0001839,A00147,O20230091,2023,Química,2023-04-07,0,Ativa,43.9,Google
M0001840,A00147,O20230096,2023,Redação,2023-02-15,0,Cancelada,84.0,Google
M0001841,A00147,O20230099,2023,Sociologia,2023-02-25,15,Ativa,57.7,Indicação
M0001842,A00148,O20220076,2022,Filosofia,2022-04-11,0,Concluída,62.1,Indicação
M0001843,A00148,O20220068,2022,Física,2022-02-08,50,Concluída,57.4,Instagram
M0001844,A00148,O20220072,2022,Geografia,2022-04-03,25,Concluída,67.0,Feira escolar
M0001845,A00148,O20220071,2022,História,2022-02-06,30,Ativa,69.9,WhatsApp
M0001846,A00148,O20220075,2022,Inglês,2022-04-08,15,Concluída,66.4,WhatsApp
M0001847,A00148,O20220067,2022,Matemática,2022-01-24,,Concluída,71.0,Feira escolar
M0001848,A00148,O20220073,2022,Português,2022-04-20,0,Concluída,35.9,Feira escolar
M0001849,A00148,O20220074,2022,Redação,2022-03-23,,Concluída,46.9,
M0001850,A00148,O20220077,2022,Sociologia,2022-02-18,15,Concluída,60.2,Feira escolar
M0001851,A00149,O20250180,2025,Biologia,2025-03-22,20,Concluída,55.3,Indicação
M0001852,A00149,O20250186,2025,Filosofia,2025-01-13,50,Ativa,56.5,Indicação
M0001853,A00149,O20250178,2025,Física,2025-04-22,10,Concluída,73.3,WhatsApp
M0001854,A00149,O20250182,2025,Geografia,2025-03-08,0,Ativa,67.8,Feira escolar
M0001855,A00149,O20250181,2025,História,2025/04/17,,Concluída,67.2,
M0001856,A00149,O20250185,2025,Inglês,2025-04-21,10,Concluída,54.2,WhatsApp
M0001857,A00149,O20250177,2025,Matemática,2025-04-21,10,Ativa,71.2,Indicação
M0001858,A00149,O20250183,2025,Português,2025-04-24,0,Ativa,71.4,
M0001859,A00149,O20250179,2025,Química,2025-01-09,50,Concluída,62.6,Instagram
M0001860,A00149,O20250184,2025,Redação,2025-03-26,0,Ativa,58.3,Instagram
M0001861,A00150,O20210002,2021,Física,2021-03-15,0,Concluída,23.5,Feira escolar
M0001862,A00150,O20210006,2021,Geografia,2021-01-25,15,Concluída,56.3,Google
M0001863,A00150,O20210005,2021,História,2021-01-15,10,Cancelada,54.7,Feira escolar
M0001864,A00150,O20210009,2021,Inglês,18/03/2021,0,Concluída,40.9,Instagram
M0001865,A00150,O20210001,2021,Matemática,2021-03-11,20,Concluída,62.6,Google
M0001866,A00150,O20210007,2021,Português,2021-01-06,25,Concluída,77.7,Google
M0001867,A00150,O20210003,2021,Química,2021-04-09,20,Trancada,45.5,
M0001868,A00150,O20210008,2021,Redação,2021-02-22,,Concluída,57.2,Feira escolar
M0001869,A00150,O20210011,2021,Sociologia,2021-04-07,20,concluida,67.4,WhatsApp
M0001870,A00151,O20240175,2024,Filosofia,2024-04-03,,concluida,60.2,Google
M0001871,A00151,O20240167,2024,Física,2024-03-11,0,Concluída,44.0,Feira escolar
M0001872,A00151,O20240171,2024,Geografia,2024-03-13,,Ativa,45.1,Feira escolar
M0001873,A00151,O20240174,2024,Inglês,2024-01-23,50,Ativa,43.5,Feira escolar
M0001874,A00151,O20240166,2024,Matemática,2024-04-08,20,Concluída,49.3,
M0001875,A00151,O20240172,2024,Português,2024-04-06,0,Ativa,66.8,Indicação
M0001876,A00151,O20240173,2024,Redação,2024-03-11,30,Concluída,64.1,Indicação
M0001877,A00152,O20240136,2024,Biologia,2024-02-19,50,Concluída,56.6,
M0001878,A00152,O20240142,2024,Filosofia,2024-02-25,0,Concluída,63.5,
M0001879,A00152,O20240134,2024,Física,2024-04-06,50,Concluída,28.1,Google
M0001880,A00152,O20240138,2024,Geografia,2024-02-27,50,Concluída,55.1,Indicação
M0001881,A00152,O20240137,2024,História,2024-03-17,0,Concluída,69.9,WhatsApp
M0001882,A00152,O20240141,2024,Inglês,2024-04-27,20,Ativa,79.4,Indicação
M0001883,A00152,O20240133,2024,Matemática,2024-04-13,0,Concluída,55.0,WhatsApp
M0001884,A00152,O20240139,2024,Português,2024-02-20,30,Ativa,35.8,Indicação
M0001885,A00152,O20240135,2024,Química,2024-01-11,50,concluida,76.7,
M0001886,A00152,O20240140,2024,Redação,2024/04/20,25,Concluída,59.7,
M0001887,A00152,O20240143,2024,Sociologia,2024-02-01,15,Concluída,71.9,Indicação
M0001888,A00152,O20250186,2025,Filosofia,2025-02-02,0,concluida,60.3,Google
M0001889,A00152,O20250178,2025,Física,2025-04-28,10,Concluída,54.8,Indicação
M0001890,A00152,O20250182,2025,Geografia,2025-01-17,10,Concluída,66.8,Feira escolar
M0001891,A00152,O20250181,2025,História,2025-04-20,30,Concluída,67.4,
M0001892,A00152,O20250185,2025,Inglês,2025-03-26,,Concluída,64.8,WhatsApp
M0001893,A00152,O20250177,2025,Matemática,2025-02-23,0,Concluída,49.8,Feira escolar
M0001894,A00152,O20250183,2025,Português,2025-02-21,0,Concluída,63.0,Indicação
M0001895,A00152,O20250179,2025,Química,2025-04-15,50,Concluída,47.9,
M0001896,A00152,O20250184,2025,Redação,2025-02-01,0,Concluída,63.0,Indicação
M0001897,A00152,O20250187,2025,Sociologia,2025-02-24,15,Ativa,42.6,Feira escolar
M0001898,A00153,O20230103,2023,Biologia,2023-02-04,0,Concluída,70.3,Indicação
M0001899,A00153,O20230109,2023,Filosofia,2023-03-18,10,,42.1,Instagram
M0001900,A00153,O20230105,2023,Geografia,2023-01-17,0,Ativa,63.4,WhatsApp
M0001901,A00153,O20230100,2023,MATEMÁTICA,2023-03-02,0,Concluída,43.6,
M0001902,A00153,O20230106,2023,Português,2023-03-07,30,Trancada,65.6,Feira escolar
M0001903,A00153,O20230102,2023,Química,2023-04-22,30,Concluída,51.4,Indicação
M0001904,A00153,O20230107,2023,Redação,2023-04-20,0,Trancada,62.4,WhatsApp
M0001905,A00153,O20230110,2023,Sociologia,2023-03-06,,Ativa,51.8,WhatsApp
M0001906,A00154,O20230125,2023,Biologia,2023-04-12,50,Ativa,46.5,Indicação
M0001907,A00154,O20230131,2023,Filosofia,13/04/2023,20,Concluída,61.2,WhatsApp
M0001908,A00154,O20230123,2023,Física,03-18-2023,10,Concluída,65.4,Instagram
M0001909,A00154,O20230127,2023,Geografia,2023-03-26,0,Concluída,52.9,Indicação
M0001910,A00154,O20230122,2023,Matemática,2023-01-18,20,Concluída,54.7,Indicação
M0001911,A00154,O20230128,2023,Português,2023-04-08,20,Concluída,57.5,Indicação
M0001912,A00154,O20230129,2023,Redação,2023-04-21,,Concluída,29.2,Feira escolar
M0001913,A00155,O20220054,2022,FILOSOFIA,2022-03-17,20,Ativa,43.5,
M0001914,A00155,O20220050,2022,Geografia,2022-04-14,20,Ativa,57.7,Google
M0001915,A00155,O20220053,2022,Inglês,2022-04-11,10,Concluída,62.7,Feira escolar
M0001916,A00155,O20220045,2022,Matemática,2022-04-23,0,Concluída,65.0,WhatsApp
M0001917,A00155,O20220051,2022,Português,2022-01-06,0,Concluída,54.0,Instagram
M0001918,A00155,O20220047,2022,Química,2022-03-14,,Concluída,58.0,WhatsApp
M0001919,A00155,O20220052,2022,REDAÇÃO,2022-04-07,10,Concluída,28.6,
M0001920,A00155,O20220055,2022,Sociologia,2022-04-14,20,Concluída,46.2,Google
M0001921,A00156,O20230092,2023,Biologia,2023-02-02,0,Concluída,77.7,Indicação
M0001922,A00156,O20230098,2023,Filosofia,2023-01-09,50,Concluída,69.4,Instagram
M0001923,A00156,O20230093,2023,História,2023-03-23,15,Trancada,81.4,Feira escolar
M0001924,A00156,O20230097,2023,Inglês,2023-02-06,0,Trancada,62.2,WhatsApp
M0001925,A00156,O20230089,2023,Matemática,2023-02-22,25,Concluída,63.6,
M0001926,A00156,O20230095,2023,Português,2023-04-28,0,Concluída,49.7,Feira escolar
M0001927,A00156,O20230096,2023,Redação,2023-02-05,0,Concluída,53.3,Indicação
M0001928,A00157,O20240147,2024,Biologia,2024-03-24,0,Concluída,70.4,Google
M0001929,A00157,O20240145,2024,Física,2024-04-18,0,Trancada,49.8,
M0001930,A00157,O20240149,2024,Geografia,2024-03-19,,Ativa,75.2,Google
M0001931,A00157,O20240144,2024,Matemática,2024-01-02,15,Concluída,38.2,
M0001932,A00157,O20240150,2024,Português,2024-01-26,0,Ativa,45.9,
M0001933,A00157,O20240146,2024,Química,2024-01-23,50,Concluída,52.9,Instagram
M0001934,A00157,O20240151,2024,Redação,2024-01-09,,,60.2,WhatsApp
M0001935,A00158,O20230092,2023,Biologia,2023-04-01,10,concluida,65.6,Google
M0001936,A00158,O20230098,2023,Filosofia,2023-01-06,10,Concluída,39.0,Google
M0001937,A00158,O20230090,2023,Fisica,2023-02-16,0,Concluída,46.3,WhatsApp
M0001938,A00158,O20230094,2023,GEOGRAFIA,2023-03-13,,Ativa,62.8,Feira escolar
M0001939,A00158,O20230093,2023,História,2023-02-05,0,Ativa,67.2,Indicação
M0001940,A00158,O20230097,2023,Inglês,2023-04-04,10,Concluída,60.5,Instagram
M0001941,A00158,O20230089,2023,Matemática,07/01/2023,50,concluida,57.6,
M0001942,A00158,O20230095,2023,PORTUGUÊS,2023-02-14,50,Concluída,62.1,WhatsApp
M0001943,A00158,O20230091,2023,Química,2023-01-26,0,Concluída,61.7,WhatsApp
M0001944,A00158,O20230096,2023,Redação,2023-04-26,,Concluída,60.2,Instagram
M0001945,A00158,O20230099,2023,Sociologia,2023-02-09,0,Concluída,65.3,Indicação
M0001946,A00159,O20240134,2024,Física,2024-03-03,30,Ativa,40.4,
M0001947,A00159,O20240137,2024,História,2024-03-23,10,Concluída,65.9,Indicação
M0001948,A00159,O20240141,2024,Inglês,2024-04-24,10,Cancelada,30.1,Google
M0001949,A00159,O20240133,2024,Matemática,2024-01-13,0,Concluída,43.9,
M0001950,A00159,O20240139,2024,Português,2024-04-03,,concluida,77.4,WhatsApp
M0001951,A00159,O20240135,2024,Química,2024-04-17,,Ativa,47.2,
M0001952,A00159,O20240140,2024,Redação,2024-01-14,50,Ativa,32.5,
M0001953,A00159,O20240143,2024,Sociologia,2024-01-09,0,Concluída,38.0,WhatsApp
M0001954,A00159,O20250197,2025,Filosofia,2025-02-23,10,Trancada,49.5,WhatsApp
M0001955,A00159,O20250189,2025,Física,2025-02-23,30,Concluída,65.9,Feira escolar
M0001956,A00159,O20250193,2025,Geografia,2025-02-07,0,Concluída,65.6,WhatsApp
M0001957,A00159,O20250196,2025,Inglês,2025-04-11,15,Concluída,29.7,Instagram
M0001958,A00159,O20250188,2025,Matemática,01-21-2025,25,Concluída,77.5,
M0001959,A00159,O20250194,2025,Português,2025-03-08,50,Concluída,61.0,Feira escolar
M0001960,A00159,O20250190,2025,Quimica,2025-03-01,0,Concluída,43.5,
M0001961,A00159,O20250195,2025,Redação,2025-03-18,30,Ativa,65.1,Feira escolar
M0001962,A00159,O20250198,2025,Sociologia,2025-01-23,0,Ativa,66.3,WhatsApp
M0001963,A00160,O20250180,2025,Biologia,2025-02-09,15,Ativa,59.9,Google
M0001964,A00160,O20250182,2025,GEOGRAFIA,2025/04/09,10,Cancelada,46.9,
M0001965,A00160,O20250181,2025,História,2025-04-10,0,Concluída,64.5,Instagram
M0001966,A00160,O20250177,2025,Matemática,2025-04-06,15,Ativa,56.0,Feira escolar
M0001967,A00160,O20250183,2025,Português,2025-02-01,15,Concluída,67.8,Indicação
M0001968,A00160,O20250179,2025,Química,2025-03-10,0,Ativa,55.4,Feira escolar
M0001969,A00160,O20250184,2025,Redação,28/02/2025,0,Concluída,44.5,Instagram
M0001970,A00160,O20250187,2025,Sociologia,2025-04-20,20,Concluída,79.1,
M0001971,A00161,O20250180,2025,Biologia,2025-04-06,30,Concluída,47.4,Indicação
M0001972,A00161,O20250178,2025,Física,2025-03-27,0,Concluída,62.7,WhatsApp
M0001973,A00161,O20250181,2025,História,2025-03-06,0,Concluída,63.7,Indicação
M0001974,A00161,O20250185,2025,Inglês,2025-04-12,0,Concluída,68.6,WhatsApp
M0001975,A00161,O20250177,2025,Matemática,2025-04-02,0,Concluída,68.8,Indicação
M0001976,A00161,O20250183,2025,Português,2025-03-06,10,Concluída,71.4,Indicação
M0001977,A00161,O20250184,2025,Redação,2025-02-23,0,Ativa,39.8,Feira escolar
M0001978,A00161,O20250187,2025,Sociologia,2025-01-19,0,Concluída,28.3,
M0001979,A00162,O20220076,2022,FILOSOFIA,2022/03/22,20,Concluída,83.6,WhatsApp
M0001980,A00162,O20220068,2022,Física,2022-01-27,30,,42.6,WhatsApp
M0001981,A00162,O20220072,2022,Geografia,2022-01-24,0,Concluída,46.6,Instagram
M0001982,A00162,O20220075,2022,Inglês,2022-01-17,,Concluída,77.9,WhatsApp
M0001983,A00162,O20220067,2022,Matemática,2022-03-07,50,Concluída,43.6,Instagram
M0001984,A00162,O20220073,2022,Português,2022-03-04,20,concluida,52.4,Google
M0001985,A00162,O20220069,2022,Química,2022-04-05,15,Cancelada,56.0,
M0001986,A00162,O20220074,2022,Redação,2022-02-20,0,Concluída,61.0,Google
M0001987,A00162,O20220077,2022,Sociologia,2022-02-18,20,Concluída,56.3,Indicação
M0001988,A00162,O20230092,2023,Biologia,2023-04-21,0,Concluída,27.2,Instagram
M0001989,A00162,O20230098,2023,Filosofia,2023-01-16,50,Concluída,51.5,
M0001990,A00162,O20230094,2023,Geografia,17/04/2023,,Concluída,42.8,Instagram
M0001991,A00162,O20230093,2023,História,2023-01-13,0,Concluída,56.9,Feira escolar
M0001992,A00162,O20230097,2023,Inglês,2023-03-09,0,Ativa,53.2,Google
M0001993,A00162,O20230089,2023,Matemática,2023-03-03,0,Concluída,52.3,Instagram
M0001994,A00162,O20230095,2023,Português,2023-02-22,50,Concluída,36.7,Feira escolar
M0001995,A00162,O20230091,2023,Química,2023-01-27,15,Ativa,75.1,Feira escolar
M0001996,A00162,O20230096,2023,Redação,2023-04-21,,Concluída,57.4,Google
M0001997,A00162,O20230099,2023,Sociologia,2023-02-05,30,Concluída,71.1,Google
M0001998,A00163,O20250191,2025,Biologia,2025/04/22,20,Concluída,63.1,
M0001999,A00163,O20250197,2025,Filosofia,2025-04-02,15,Concluída,50.3,Instagram
M0002000,A00163,O20250189,2025,Física,2025-04-24,10,Trancada,57.1,Google
M0002001,A00163,O20250192,2025,História,2025-04-10,,Concluída,40.7,Indicação
M0002002,A00163,O20250196,2025,Inglês,2025-02-07,25,Concluída,48.9,Instagram
M0002003,A00163,O20250188,2025,Matemática,2025-01-14,50,Concluída,49.4,WhatsApp
M0002004,A00163,O20250194,2025,Português,2025-04-19,20,Ativa,52.2,Instagram
M0002005,A00163,O20250190,2025,Química,2025-02-15,20,Concluída,94.9,WhatsApp
M0002006,A00163,O20250195,2025,Redação,2025-02-07,,Concluída,43.8,Instagram
M0002007,A00163,O20250198,2025,Sociologia,2025-03-03,15,Concluída,20.4,Indicação
M0002008,A00164,O20250186,2025,Filosofia,2025-01-16,50,Trancada,63.3,
M0002009,A00164,O20250178,2025,Física,2025-02-10,15,Concluída,54.8,Instagram
M0002010,A00164,O20250185,2025,Inglês,2025-01-21,0,Concluída,41.1,Feira escolar
M0002011,A00164,O20250177,2025,Matemática,2025-02-04,0,Concluída,39.5,Feira escolar
M0002012,A00164,O20250183,2025,Português,2025-01-28,15,Concluída,62.0,Instagram
M0002013,A00164,O20250184,2025,Redação,2025-03-19,0,Concluída,58.1,Indicação
M0002014,A00164,O20250187,2025,Sociologia,2025-02-14,0,Concluída,65.0,
M0002015,A00165,O20250213,2025,Biologia,2025-04-14,50,Concluída,98.9,WhatsApp
M0002016,A00165,O20250219,2025,Filosofia,2025-03-14,20,Concluída,62.5,Google
M0002017,A00165,O20250211,2025,Física,2025-04-19,30,Concluída,66.7,Feira escolar
M0002018,A00165,O20250215,2025,Geografia,2025-01-16,0,Concluída,57.6,Instagram
M0002019,A00165,O20250214,2025,História,2025-04-26,0,Concluída,80.2,WhatsApp
M0002020,A00165,O20250210,2025,Matemática,2025-02-02,25,Concluída,32.9,Instagram
M0002021,A00165,O20250216,2025,Português,2025-02-22,10,Concluída,82.9,Google
M0002022,A00165,O20250212,2025,Química,2025-02-06,10,Concluída,66.4,Instagram
M0002023,A00165,O20250217,2025,Redação,2025-03-06,10,Ativa,57.2,
M0002024,A00166,O20250180,2025,Biologia,2025-02-16,30,Concluída,42.4,Feira escolar
M0002025,A00166,O20250178,2025,Física,01-20-2025,30,Concluída,67.8,WhatsApp
M0002026,A00166,O20250182,2025,Geografia,2025-03-09,50,Concluída,78.4,Feira escolar
M0002027,A00166,O20250181,2025,Historia,02-04-2025,0,Concluída,63.7,
M0002028,A00166,O20250185,2025,Inglês,2025-01-08,0,Cancelada,88.2,Instagram
M0002029,A00166,O20250177,2025,Matemática,2025-01-25,0,Concluída,54.4,Google
M0002030,A00166,O20250183,2025,Português,2025-01-05,20,Concluída,57.3,Indicação
M0002031,A00166,O20250184,2025,Redação,2025-02-04,20,Concluída,72.9,Feira escolar
M0002032,A00166,O20250187,2025,Sociologia,2025-02-16,30,Concluída,78.1,Feira escolar
M0002033,A00167,O20210026,2021,Biologia,03-22-2021,10,Concluída,56.2,Instagram
M0002034,A00167,O20210032,2021,Filosofia,2021-01-27,25,Concluída,68.3,Google
M0002035,A00167,O20210024,2021,Física,2021-01-26,0,concluida,82.2,Google
M0002036,A00167,O20210027,2021,História,2021-04-20,0,Concluída,46.4,Instagram
M0002037,A00167,O20210031,2021,Inglês,2021-03-21,15,Ativa,76.2,Google
M0002038,A00167,O20210023,2021,Matemática,2021-02-11,20,Concluída,55.6,Feira escolar
M0002039,A00167,O20210029,2021,Português,25/01/2021,15,Ativa,51.2,Feira escolar
M0002040,A00167,O20210025,2021,Química,2021-02-18,50,Concluída,43.4,
M0002041,A00167,O20210030,2021,Redação,2021-01-27,15,Concluída,50.5,WhatsApp
M0002042,A00168,O20240142,2024,Filosofia,2024-01-09,15,Trancada,45.9,Indicação
M0002043,A00168,O20240137,2024,História,2024-01-06,10,Ativa,53.3,
M0002044,A00168,O20240141,2024,Inglês,2024-01-07,20,Concluída,72.4,Instagram
M0002045,A00168,O20240133,2024,Matemática,2024-02-23,50,Concluída,35.6,
M0002046,A00168,O20240139,2024,Português,2024-04-26,10,Concluída,73.4,Indicação
M0002047,A00168,O20240135,2024,Química,2024-02-04,20,Concluída,79.5,WhatsApp
M0002048,A00168,O20240140,2024,Redação,2024/04/11,0,Concluída,64.0,WhatsApp
M0002049,A00168,O20240143,2024,Sociologia,2024-04-19,25,Concluída,77.8,Google
M0002050,A00168,O20250191,2025,Biologia,19/01/2025,15,Concluída,57.1,Google
M0002051,A00168,O20250197,2025,Filosofia,2025-02-14,0,concluida,64.5,
M0002052,A00168,O20250189,2025,Física,2025-01-18,0,Concluída,63.3,
M0002053,A00168,O20250193,2025,GEOGRAFIA,2025-04-16,,Ativa,74.5,
M0002054,A00168,O20250192,2025,História,2025-03-15,0,Ativa,65.5,Google
M0002055,A00168,O20250196,2025,Inglês,2025-01-11,25,Concluída,64.9,Feira escolar
M0002056,A00168,O20250188,2025,Matemática,2025-04-23,0,Concluída,57.4,Instagram
M0002057,A00168,O20250194,2025,Português,2025-02-22,0,Concluída,71.2,
M0002058,A00168,O20250190,2025,Química,2025-01-10,25,,33.8,Indicação
M0002059,A00168,O20250195,2025,Redação,2025-03-15,0,Cancelada,54.9,Google
M0002060,A00169,O20240136,2024,Biologia,2024-02-10,20,Concluída,49.5,
M0002061,A00169,O20240134,2024,Física,2024-04-12,30,Ativa,41.3,WhatsApp
M0002062,A00169,O20240138,2024,Geografia,01-19-2024,30,Concluída,75.4,Feira escolar
M0002063,A00169,O20240137,2024,História,2024-04-20,0,Cancelada,71.9,Feira escolar
M0002064,A00169,O20240141,2024,Inglês,2024-02-03,10,Concluída,50.8,Google
M0002065,A00169,O20240133,2024,Matemática,2024-02-08,50,Ativa,45.9,Google
M0002066,A00169,O20240139,2024,Português,2024-03-06,20,Concluída,50.4,Google
M0002067,A00169,O20240135,2024,Química,2024-02-11,10,Concluída,66.1,Indicação
M0002068,A00169,O20240140,2024,Redação,2024-02-16,0,Concluída,66.0,Google
M0002069,A00169,O20240143,2024,Sociologia,2024-03-10,,Concluída,55.5,
M0002070,A00170,O20250178,2025,FÍSICA,2025-04-14,0,Concluída,83.7,Instagram
M0002071,A00170,O20250182,2025,Geografia,2025-01-08,15,Concluída,66.2,
M0002072,A00170,O20250181,2025,História,2025-01-06,30,Concluída,33.7,Indicação
M0002073,A00170,O20250177,2025,Matemática,2025-01-27,20,Concluída,68.0,WhatsApp
M0002074,A00170,O20250183,2025,Português,2025-03-24,10,Trancada,56.4,Instagram
M0002075,A00170,O20250184,2025,Redação,2025-03-08,10,Ativa,51.3,Instagram
M0002076,A00170,O20250187,2025,Sociologia,2025-03-18,25,Ativa,59.1,Instagram
M0002077,A00171,O20230112,2023,Física,2023-04-19,10,Concluída,65.6,
M0002078,A00171,O20230115,2023,História,2023-02-28,50,Concluída,63.6,Google
M0002079,A00171,O20230119,2023,Inglês,03-08-2023,0,Concluída,90.6,Feira escolar
M0002080,A00171,O20230111,2023,Matemática,2023-04-26,15,Concluída,45.4,Feira escolar
M0002081,A00171,O20230117,2023,Português,2023-04-02,20,Trancada,58.0,
M0002082,A00171,O20230118,2023,Redação,2023-03-16,15,Cancelada,89.2,Instagram
M0002083,A00171,O20230121,2023,Sociologia,2023-02-04,0,Trancada,45.7,Indicação
M0002084,A00172,O20240158,2024,Biologia,2024-04-02,15,concluida,60.2,Feira escolar
M0002085,A00172,O20240164,2024,Filosofia,2024-02-04,15,Ativa,49.1,Google
M0002086,A00172,O20240156,2024,Fisica,2024-02-09,15,Concluída,44.8,WhatsApp
M0002087,A00172,O20240160,2024,Geografia,2024-03-26,10,Concluída,71.1,Feira escolar
M0002088,A00172,O20240159,2024,História,2024-01-15,25,Concluída,53.1,Feira escolar
M0002089,A00172,O20240163,2024,Inglês,2024-01-18,30,Ativa,54.6,Feira escolar
M0002090,A00172,O20240155,2024,Matemática,2024-02-16,20,Ativa,45.2,Indicação
M0002091,A00172,O20240161,2024,Português,2024-03-24,10,Concluída,64.7,
M0002092,A00172,O20240157,2024,Química,2024-02-21,0,Ativa,37.6,WhatsApp
M0002093,A00172,O20240162,2024,Redação,2024-03-16,10,Ativa,46.5,Instagram
M0002094,A00172,O20240165,2024,Sociologia,2024-01-03,0,Concluída,53.0,
M0002095,A00173,O20250202,2025,Biologia,2025-03-17,20,Concluída,50.1,Google
M0002096,A00173,O20250208,2025,Filosofia,13/01/2025,15,,45.6,WhatsApp
M0002097,A00173,O20250200,2025,Física,2025-04-08,25,Concluída,64.4,WhatsApp
M0002098,A00173,O20250204,2025,Geografia,2025-02-27,10,Concluída,50.2,
M0002099,A00173,O20250203,2025,História,2025-01-22,30,Concluída,78.3,WhatsApp
M0002100,A00173,O20250199,2025,Matemática,2025-03-28,0,Concluída,43.5,Feira escolar
M0002101,A00173,O20250205,2025,Português,2025-01-12,0,Ativa,32.5,Feira escolar
M0002102,A00173,O20250206,2025,Redação,2025-01-07,0,Concluída,56.1,
M0002103,A00174,O20210004,2021,Biologia,2021-01-01,0,Concluída,78.7,WhatsApp
M0002104,A00174,O20210010,2021,Filosofia,2021-03-21,,Ativa,50.9,WhatsApp
M0002105,A00174,O20210002,2021,Física,2021-03-24,25,Concluída,44.0,Instagram
M0002106,A00174,O20210006,2021,Geografia,2021-01-10,30,Ativa,58.3,WhatsApp
M0002107,A00174,O20210005,2021,História,2021-01-19,20,Concluída,62.4,Indicação
M0002108,A00174,O20210009,2021,Inglês,2021-03-18,10,Trancada,91.8,Google
M0002109,A00174,O20210001,2021,Matemática,2021-04-05,30,Ativa,45.1,Feira escolar
M0002110,A00174,O20210007,2021,Português,2021-04-02,20,Concluída,49.6,Feira escolar
M0002111,A00174,O20210003,2021,Química,2021/03/14,15,Concluída,53.1,
M0002112,A00174,O20210008,2021,Redação,2021-01-02,15,Concluída,77.8,Feira escolar
M0002113,A00174,O20210011,2021,Sociologia,2021-04-01,25,Ativa,44.9,Google
M0002114,A00175,O20230094,2023,Geografia,27/03/2023,,Concluída,71.8,Feira escolar
M0002115,A00175,O20230093,2023,História,2023-02-12,30,Ativa,52.4,Instagram
M0002116,A00175,O20230097,2023,Inglês,2023-03-15,20,Cancelada,70.4,Google
M0002117,A00175,O20230089,2023,Matemática,2023-04-15,0,Concluída,44.2,Indicação
M0002118,A00175,O20230095,2023,Português,2023-03-04,25,Concluída,71.1,Indicação
M0002119,A00175,O20230091,2023,Quimica,2023-02-08,15,Cancelada,89.4,
M0002120,A00175,O20230096,2023,Redação,2023-03-23,0,Ativa,75.6,Google
M0002121,A00175,O20230099,2023,Sociologia,2023-02-20,10,Concluída,32.3,WhatsApp
M0002122,A00175,O20240136,2024,BIOLOGIA,2024-01-18,30,Ativa,73.6,Feira escolar
M0002123,A00175,O20240142,2024,Filosofia,2024-03-25,10,Concluída,44.0,Feira escolar
M0002124,A00175,O20240134,2024,Física,02-03-2024,30,Concluída,74.7,WhatsApp
M0002125,A00175,O20240137,2024,História,2024-03-15,15,Concluída,68.9,Feira escolar
M0002126,A00175,O20240141,2024,Inglês,18/04/2024,30,Concluída,67.5,
M0002127,A00175,O20240133,2024,Matemática,2024-04-18,,Concluída,46.5,Google
M0002128,A00175,O20240139,2024,Português,2024-01-17,15,Concluída,39.6,Indicação
M0002129,A00175,O20240140,2024,Redação,2024-01-21,50,Concluída,66.5,Instagram
M0002130,A00176,O20210004,2021,Biologia,2021-03-23,20,Concluída,63.2,
M0002131,A00176,O20210010,2021,Filosofia,2021-04-08,0,Concluída,50.2,Feira escolar
M0002132,A00176,O20210002,2021,FÍSICA,2021-04-19,0,Concluída,58.3,Instagram
M0002133,A00176,O20210005,2021,História,2021-04-23,30,Ativa,56.5,Google
M0002134,A00176,O20210001,2021,Matemática,2021-01-18,0,Concluída,49.1,Instagram
M0002135,A00176,O20210007,2021,Português,2021-04-02,0,concluida,54.0,Instagram
M0002136,A00176,O20210008,2021,Redação,2021-02-04,0,Concluída,50.0,Instagram
M0002137,A00177,O20230098,2023,Filosofia,2023-03-03,0,Ativa,75.9,Google
M0002138,A00177,O20230094,2023,Geografia,2023-01-25,0,concluida,41.7,Instagram
M0002139,A00177,O20230093,2023,História,2023-04-21,0,Concluída,60.5,WhatsApp
M0002140,A00177,O20230097,2023,Inglês,2023-02-23,50,Concluída,34.8,Instagram
M0002141,A00177,O20230089,2023,Matemática,2023-02-22,0,Concluída,42.7,Feira escolar
M0002142,A00177,O20230095,2023,Português,2023/01/04,15,Concluída,71.0,Instagram
M0002143,A00177,O20230091,2023,Química,2023-04-22,30,Concluída,60.3,Google
M0002144,A00177,O20230096,2023,REDAÇÃO,2023-02-25,50,Ativa,34.0,Google
M0002145,A00177,O20230099,2023,Sociologia,2023-01-13,20,Cancelada,35.3,Indicação
M0002146,A00177,O20240138,2024,Geografia,04/03/2024,0,Cancelada,57.5,Instagram
M0002147,A00177,O20240137,2024,História,2024-01-19,15,Concluída,88.1,WhatsApp
M0002148,A00177,O20240141,2024,Inglês,2024-02-15,0,Concluída,52.9,Feira escolar
M0002149,A00177,O20240133,2024,Matemática,2024-04-14,0,Concluída,75.6,Google
M0002150,A00177,O20240139,2024,Português,2024-04-22,10,Concluída,57.3,
M0002151,A00177,O20240135,2024,Química,2024-01-02,50,Concluída,46.6,Google
M0002152,A00177,O20240140,2024,Redação,2024-01-14,0,Concluída,36.7,Feira escolar
M0002153,A00177,O20240143,2024,Sociologia,2024-01-01,0,Concluída,27.7,Feira escolar
M0002154,A00178,O20240136,2024,Biologia,2024-03-13,10,Concluída,51.3,
M0002155,A00178,O20240142,2024,Filosofia,2024-02-06,0,Concluída,44.0,
M0002156,A00178,O20240134,2024,Física,2024-03-23,0,Ativa,25.1,Indicação
M0002157,A00178,O20240138,2024,Geografia,2024-02-03,,Concluída,47.3,Indicação
M0002158,A00178,O20240137,2024,História,2024-01-17,25,Concluída,81.8,Instagram
M0002159,A00178,O20240133,2024,Matematica,2024-02-23,,Concluída,59.7,Google
M0002160,A00178,O20240139,2024,Português,22/02/2024,0,Concluída,33.4,WhatsApp
M0002161,A00178,O20240135,2024,Química,2024-03-03,20,Concluída,75.5,Google
M0002162,A00178,O20240140,2024,Redação,2024-01-08,25,Concluída,31.2,Feira escolar
M0002163,A00178,O20240143,2024,Sociologia,2024-04-10,20,Concluída,35.1,Feira escolar
M0002164,A00179,O20220054,2022,Filosofia,2022-04-17,50,Concluída,50.9,Indicação
M0002165,A00179,O20220046,2022,Física,2022-03-17,0,concluida,93.4,Feira escolar
M0002166,A00179,O20220053,2022,Inglês,2022-03-03,20,Concluída,36.9,Indicação
M0002167,A00179,O20220045,2022,Matemática,2022-01-07,50,Concluída,61.5,Indicação
M0002168,A00179,O20220051,2022,Português,2022-02-23,30,Concluída,29.5,
M0002169,A00179,O20220047,2022,Química,2022-02-16,0,Trancada,63.6,Google
M0002170,A00179,O20220052,2022,Redação,2022-01-27,20,Concluída,52.7,Indicação
M0002171,A00179,O20220055,2022,Sociologia,01-21-2022,,Ativa,64.4,WhatsApp
M0002172,A00180,O20230103,2023,Biologia,2023-03-23,10,Cancelada,65.5,WhatsApp
M0002173,A00180,O20230109,2023,Filosofia,2023-02-05,0,Concluída,24.9,Indicação
M0002174,A00180,O20230101,2023,Física,2023-03-10,,Trancada,62.3,Instagram
M0002175,A00180,O20230105,2023,GEOGRAFIA,2023-01-22,15,concluida,74.6,Indicação
M0002176,A00180,O20230104,2023,História,2023-02-08,,Concluída,48.2,
M0002177,A00180,O20230108,2023,Inglês,2023-03-20,50,Concluída,52.0,WhatsApp
M0002178,A00180,O20230100,2023,Matemática,2023-03-08,15,Concluída,53.8,Instagram
M0002179,A00180,O20230106,2023,Português,2023-02-03,25,Concluída,46.5,Indicação
M0002180,A00180,O20230102,2023,Química,2023-01-25,25,Ativa,69.6,Instagram
M0002181,A00180,O20230107,2023,Redação,2023-04-26,,Concluída,47.2,Indicação
M0002182,A00180,O20230110,2023,Sociologia,2023-03-10,0,Concluída,38.1,
M0002183,A00181,O20220059,2022,Biologia,12/03/2022,10,Concluída,44.5,Indicação
M0002184,A00181,O20220065,2022,Filosofia,2022-03-05,,Ativa,53.2,Feira escolar
M0002185,A00181,O20220057,2022,Física,2022-01-14,15,Ativa,47.6,WhatsApp
M0002186,A00181,O20220061,2022,GEOGRAFIA,2022-04-10,,Cancelada,47.2,Feira escolar
M0002187,A00181,O20220056,2022,Matemática,2022-04-08,25,Concluída,53.7,Indicação
M0002188,A00181,O20220062,2022,Português,2022-01-12,10,Concluída,36.0,Indicação
M0002189,A00181,O20220058,2022,Química,2022-03-07,20,Concluída,53.1,
M0002190,A00181,O20220063,2022,Redação,2022-03-28,0,Ativa,74.6,Feira escolar
M0002191,A00182,O20230114,2023,Biologia,2023-02-18,10,Concluída,81.2,Feira escolar
M0002192,A00182,O20230120,2023,Filosofia,2023-01-09,15,Concluída,61.2,WhatsApp
M0002193,A00182,O20230112,2023,Física,2023-02-20,10,Concluída,65.7,Indicação
M0002194,A00182,O20230116,2023,Geografia,2023-02-11,0,Concluída,84.9,Instagram
M0002195,A00182,O20230115,2023,História,2023-04-10,50,Concluída,59.2,Google
M0002196,A00182,O20230119,2023,Inglês,2023-04-02,50,Cancelada,70.6,Indicação
M0002197,A00182,O20230111,2023,Matemática,2023-01-10,50,Concluída,67.5,Google
M0002198,A00182,O20230117,2023,Português,2023-02-18,15,Concluída,48.2,Instagram
M0002199,A00182,O20230113,2023,Química,2023-02-03,30,Concluída,47.2,Feira escolar
M0002200,A00182,O20230118,2023,Redação,2023-01-09,0,Concluída,34.3,Feira escolar
M0002201,A00182,O20230121,2023,Sociologia,2023-03-14,20,Ativa,63.0,Google
M0002202,A00183,O20240136,2024,Biologia,2024-03-25,0,Concluída,75.7,WhatsApp
M0002203,A00183,O20240134,2024,Física,2024/04/09,30,Concluída,57.0,WhatsApp
M0002204,A00183,O20240137,2024,História,2024-02-26,0,Concluída,62.7,Feira escolar
M0002205,A00183,O20240141,2024,Inglês,02-05-2024,,Ativa,53.3,Feira escolar
M0002206,A00183,O20240133,2024,Matemática,2024-01-22,0,Concluída,50.9,WhatsApp
M0002207,A00183,O20240139,2024,Português,2024-02-07,30,Concluída,50.8,
M0002208,A00183,O20240140,2024,Redação,2024-02-28,,Ativa,68.6,WhatsApp
M0002209,A00183,O20240143,2024,Sociologia,07/02/2024,0,Concluída,29.2,Instagram
M0002210,A00184,O20220087,2022,Filosofia,2022-01-22,15,Cancelada,65.5,Google
M0002211,A00184,O20220083,2022,Geografia,2022-04-22,30,Concluída,42.9,WhatsApp
M0002212,A00184,O20220086,2022,Inglês,2022-04-17,20,Ativa,57.0,WhatsApp
M0002213,A00184,O20220078,2022,Matemática,2022-02-08,20,Ativa,42.5,
M0002214,A00184,O20220084,2022,Português,2022-03-03,0,Ativa,58.9,Feira escolar
M0002215,A00184,O20220085,2022,REDAÇÃO,2022-01-16,,concluida,45.9,Google
M0002216,A00184,O20220088,2022,SOCIOLOGIA,04-26-2022,0,Concluída,71.6,WhatsApp
M0002217,A00185,O20230114,2023,Biologia,2023-01-16,0,Concluída,49.0,Google
M0002218,A00185,O20230120,2023,Filosofia,01-14-2023,15,Concluída,52.2,
M0002219,A00185,O20230112,2023,Física,2023-03-24,0,Concluída,39.2,WhatsApp
M0002220,A00185,O20230116,2023,Geografia,2023-03-11,20,Concluída,63.1,WhatsApp
M0002221,A00185,O20230119,2023,Inglês,2023-02-14,25,Cancelada,51.1,Google
M0002222,A00185,O20230111,2023,Matemática,2023-03-01,30,Ativa,72.9,WhatsApp
M0002223,A00185,O20230117,2023,Português,2023-02-20,0,Concluída,43.2,WhatsApp
M0002224,A00185,O20230113,2023,Química,2023-02-08,0,Concluída,61.1,Feira escolar
M0002225,A00185,O20230118,2023,Redacao,2023-03-20,,Cancelada,44.1,WhatsApp
M0002226,A00185,O20230121,2023,Sociologia,2023-02-01,30,Ativa,54.0,Google
M0002227,A00185,O20240147,2024,Biologia,2024-03-10,25,Concluída,84.1,Google
M0002228,A00185,O20240145,2024,Física,2024-02-02,0,Ativa,32.7,Instagram
M0002229,A00185,O20240148,2024,História,2024-03-09,30,Concluída,67.9,WhatsApp
M0002230,A00185,O20240144,2024,Matemática,2024-03-25,25,Concluída,68.1,WhatsApp
M0002231,A00185,O20240150,2024,Português,2024-03-10,0,Concluída,32.2,Feira escolar
M0002232,A00185,O20240146,2024,Química,01-14-2024,10,Concluída,70.2,Instagram
M0002233,A00185,O20240151,2024,Redação,2024-03-15,10,Ativa,46.4,Instagram
M0002234,A00185,O20240154,2024,Sociologia,2024-04-16,0,Concluída,53.5,
M0002235,A00186,O20240136,2024,Biologia,04-10-2024,50,Concluída,60.7,Feira escolar
M0002236,A00186,O20240142,2024,FILOSOFIA,2024-03-04,,Ativa,35.3,
M0002237,A00186,O20240134,2024,Física,2024-02-16,15,Ativa,74.0,WhatsApp
M0002238,A00186,O20240138,2024,Geografia,2024-01-05,25,Concluída,63.2,Instagram
M0002239,A00186,O20240137,2024,História,2024-02-02,25,concluida,62.1,Instagram
M0002240,A00186,O20240141,2024,Ingles,2024-02-24,0,Concluída,66.2,WhatsApp
M0002241,A00186,O20240133,2024,Matemática,2024-02-05,30,Concluída,79.1,WhatsApp
M0002242,A00186,O20240139,2024,Português,2024-01-18,50,Concluída,54.3,Google
M0002243,A00186,O20240135,2024,QUÍMICA,2024-04-25,0,concluida,40.8,Indicação
M0002244,A00186,O20240140,2024,Redação,2024-03-15,15,Ativa,16.2,
M0002245,A00186,O20240143,2024,Sociologia,2024-01-27,0,Cancelada,60.3,Indicação
M0002246,A00187,O20220070,2022,Biologia,2022-03-08,,Concluída,60.5,Feira escolar
M0002247,A00187,O20220076,2022,Filosofia,2022-03-22,30,Concluída,58.1,Instagram
M0002248,A00187,O20220072,2022,Geografia,2022-02-12,0,Concluída,69.1,Instagram
M0002249,A00187,O20220071,2022,História,2022-04-03,25,Concluída,70.4,Google
M0002250,A00187,O20220075,2022,Inglês,2022-02-15,30,Ativa,64.9,Indicação
M0002251,A00187,O20220067,2022,Matemática,2022-02-17,0,Concluída,72.6,Indicação
M0002252,A00187,O20220073,2022,Português,2022-01-16,20,Concluída,92.4,Instagram
M0002253,A00187,O20220069,2022,Química,2022-03-05,,Ativa,53.0,Feira escolar
M0002254,A00187,O20220074,2022,Redação,2022-01-17,15,Concluída,42.4,Indicação
M0002255,A00187,O20220077,2022,Sociologia,2022-02-28,50,Concluída,59.7,Indicação
M0002256,A00188,O20230125,2023,BIOLOGIA,2023-03-16,25,Concluída,53.5,Google
M0002257,A00188,O20230131,2023,Filosofia,2023-01-15,25,Ativa,58.1,Instagram
M0002258,A00188,O20230127,2023,Geografia,2023-01-08,50,,77.6,Feira escolar
M0002259,A00188,O20230126,2023,Historia,2023-01-02,50,Concluída,28.1,
M0002260,A00188,O20230130,2023,Ingles,2023-03-17,20,Concluída,54.7,Indicação
M0002261,A00188,O20230122,2023,Matemática,2023-03-01,20,Concluída,66.0,Instagram
M0002262,A00188,O20230128,2023,Português,2023-03-12,0,Ativa,54.5,Google
M0002263,A00188,O20230124,2023,Química,2023-04-28,0,Concluída,71.7,WhatsApp
M0002264,A00188,O20230129,2023,Redação,2023-01-14,0,Concluída,72.1,Feira escolar
M0002265,A00188,O20230132,2023,Sociologia,2023-04-03,0,Concluída,48.7,Indicação
M0002266,A00189,O20230114,2023,Biologia,2023-02-10,30,Concluída,57.6,Feira escolar
M0002267,A00189,O20230120,2023,Filosofia,2023-03-03,20,Concluída,44.2,
M0002268,A00189,O20230112,2023,Fisica,2023-03-17,,,46.7,Feira escolar
M0002269,A00189,O20230115,2023,História,2023-01-18,25,Concluída,52.7,Feira escolar
M0002270,A00189,O20230111,2023,Matemática,2023-04-18,20,Concluída,44.7,WhatsApp
M0002271,A00189,O20230117,2023,Português,2023-03-02,30,Cancelada,52.7,Instagram
M0002272,A00189,O20230113,2023,Química,2023-03-07,20,Concluída,69.0,Instagram
M0002273,A00189,O20230118,2023,Redação,2023-02-24,0,concluida,65.8,Instagram
M0002274,A00189,O20240136,2024,Biologia,2024-01-06,,concluida,58.5,Instagram
M0002275,A00189,O20240142,2024,Filosofia,2024-04-22,25,Concluída,48.2,Indicação
M0002276,A00189,O20240138,2024,Geografia,2024-01-15,15,Concluída,81.9,WhatsApp
M0002277,A00189,O20240137,2024,História,2024-04-07,50,Concluída,61.1,WhatsApp
M0002278,A00189,O20240133,2024,Matemática,2024-04-07,0,Cancelada,54.8,Instagram
M0002279,A00189,O20240139,2024,Português,2024-04-08,30,Concluída,69.2,Google
M0002280,A00189,O20240135,2024,Química,2024-04-13,50,Ativa,58.2,Indicação
M0002281,A00189,O20240140,2024,Redação,2024-02-23,15,Concluída,69.8,
M0002282,A00189,O20240143,2024,Sociologia,2024-03-01,,Concluída,75.2,Indicação
M0002283,A00190,O20250202,2025,Biologia,2025-03-04,0,,44.7,WhatsApp
M0002284,A00190,O20250208,2025,FILOSOFIA,2025-03-14,25,Concluída,62.6,Instagram
M0002285,A00190,O20250200,2025,Física,2025-04-22,50,Concluída,74.5,Indicação
M0002286,A00190,O20250204,2025,Geografia,2025-01-11,10,Concluída,66.1,Instagram
M0002287,A00190,O20250203,2025,Historia,2025-01-03,30,Concluída,34.7,Google
M0002288,A00190,O20250207,2025,Inglês,2025-03-16,50,Cancelada,87.3,Indicação
M0002289,A00190,O20250199,2025,Matemática,2025-04-23,,Concluída,51.3,Feira escolar
M0002290,A00190,O20250205,2025,PORTUGUÊS,2025-02-28,0,Concluída,64.3,Google
M0002291,A00190,O20250201,2025,Química,2025-04-25,,,44.8,Instagram
M0002292,A00190,O20250206,2025,Redação,2025-01-13,25,Ativa,60.4,
M0002293,A00190,O20250209,2025,Sociologia,2025-04-22,50,Concluída,67.7,Feira escolar
M0002294,A00191,O20210015,2021,Biologia,2021-02-11,10,Ativa,70.0,WhatsApp
M0002295,A00191,O20210021,2021,Filosofia,2021-04-06,50,Concluída,57.0,Feira escolar
M0002296,A00191,O20210013,2021,Física,2021-02-17,0,Concluída,68.5,Feira escolar
M0002297,A00191,O20210017,2021,Geografia,2021-04-02,0,Cancelada,48.7,Feira escolar
M0002298,A00191,O20210020,2021,Inglês,2021-03-21,15,Concluída,33.6,Instagram
M0002299,A00191,O20210012,2021,Matemática,2021-01-16,15,Concluída,60.4,WhatsApp
M0002300,A00191,O20210018,2021,Português,2021-03-23,25,Concluída,54.4,Indicação
M0002301,A00191,O20210019,2021,Redacao,2021-04-11,15,Concluída,46.0,Indicação
M0002302,A00191,O20210022,2021,Sociologia,2021-04-19,30,Concluída,62.3,WhatsApp
M0002303,A00192,O20230103,2023,Biologia,2023-03-05,50,Ativa,70.1,Instagram
M0002304,A00192,O20230109,2023,Filosofia,2023-03-11,,Concluída,67.3,WhatsApp
M0002305,A00192,O20230101,2023,Física,2023-04-27,15,Concluída,60.5,
M0002306,A00192,O20230105,2023,Geografia,2023-02-06,,Ativa,61.0,Indicação
M0002307,A00192,O20230104,2023,História,01-15-2023,15,Concluída,56.4,Google
M0002308,A00192,O20230108,2023,Inglês,2023-04-21,0,Cancelada,62.3,
M0002309,A00192,O20230100,2023,Matemática,2023-02-18,15,Concluída,60.6,Instagram
M0002310,A00192,O20230106,2023,Português,2023-01-16,25,Concluída,43.6,Instagram
M0002311,A00192,O20230102,2023,Química,2023-01-26,0,Concluída,51.5,Feira escolar
M0002312,A00192,O20230107,2023,Redação,2023-04-13,25,Ativa,25.9,
M0002313,A00192,O20230110,2023,Sociologia,01-04-2023,0,Trancada,37.0,WhatsApp
M0002314,A00193,O20240169,2024,Biologia,2024-01-10,30,Concluída,72.4,
M0002315,A00193,O20240175,2024,Filosofia,2024-01-28,30,Concluída,35.4,Google
M0002316,A00193,O20240167,2024,Física,2024-01-01,15,Ativa,63.3,Indicação
M0002317,A00193,O20240174,2024,Inglês,2024-02-04,25,concluida,76.0,Google
M0002318,A00193,O20240166,2024,Matemática,2024-04-06,0,Cancelada,71.6,Instagram
M0002319,A00193,O20240172,2024,Português,2024-02-19,15,Ativa,49.3,Feira escolar
M0002320,A00193,O20240168,2024,Química,01-09-2024,10,Ativa,57.7,Google
M0002321,A00193,O20240173,2024,Redação,2024-04-28,,Concluída,60.8,
M0002322,A00193,O20240176,2024,Sociologia,2024-04-02,30,Trancada,53.7,Indicação
M0002323,A00194,O20240136,2024,Biologia,2024-01-01,15,Concluída,60.8,Feira escolar
M0002324,A00194,O20240142,2024,Filosofia,2024-03-09,20,Concluída,46.5,Indicação
M0002325,A00194,O20240134,2024,Física,04-21-2024,0,Concluída,46.6,
M0002326,A00194,O20240138,2024,Geografia,2024-01-01,30,Trancada,65.4,Indicação
M0002327,A00194,O20240141,2024,Inglês,2024/02/18,20,Concluída,55.8,
M0002328,A00194,O20240133,2024,Matemática,2024-04-24,10,Ativa,64.1,Indicação
M0002329,A00194,O20240139,2024,Português,2024-02-05,50,concluida,41.8,Feira escolar
M0002330,A00194,O20240135,2024,Quimica,2024-04-16,15,Concluída,67.4,Instagram
M0002331,A00194,O20240140,2024,Redação,2024-04-10,50,Concluída,63.7,WhatsApp
M0002332,A00194,O20240143,2024,Sociologia,2024-02-20,15,Ativa,53.4,Instagram
M0002333,A00194,O20250178,2025,Física,2025-01-12,25,Cancelada,73.8,Instagram
M0002334,A00194,O20250182,2025,Geografia,2025-01-03,0,Concluída,51.6,Feira escolar
M0002335,A00194,O20250181,2025,História,2025-04-09,10,Concluída,85.0,Instagram
M0002336,A00194,O20250185,2025,Inglês,2025-03-25,20,Concluída,76.6,WhatsApp
M0002337,A00194,O20250177,2025,Matemática,2025-03-12,10,Concluída,72.4,
M0002338,A00194,O20250183,2025,Português,2025-04-28,0,Ativa,51.8,Google
M0002339,A00194,O20250179,2025,Química,2025-04-13,30,Ativa,83.5,Google
M0002340,A00194,O20250184,2025,Redação,2025-02-21,30,Concluída,59.3,Feira escolar
M0002341,A00194,O20250187,2025,Sociologia,2025-03-08,30,Ativa,88.6,Feira escolar
M0002342,A00195,O20220048,2022,Biologia,2022-04-13,0,Concluída,46.8,Feira escolar
M0002343,A00195,O20220050,2022,Geografia,2022-04-14,15,Concluída,35.8,Indicação
M0002344,A00195,O20220049,2022,Historia,2022-02-21,25,Concluída,56.4,
M0002345,A00195,O20220045,2022,Matemática,2022-01-12,50,Concluída,75.9,Indicação
M0002346,A00195,O20220051,2022,Português,2022-03-04,15,Concluída,55.1,Instagram
M0002347,A00195,O20220047,2022,Química,2022-03-23,30,Concluída,46.0,Feira escolar
M0002348,A00195,O20220052,2022,Redação,2022-01-16,50,Concluída,74.6,
M0002349,A00195,O20220055,2022,Sociologia,2022-04-23,30,concluida,62.8,Feira escolar
M0002350,A00196,O20210037,2021,Biologia,2021-02-14,10,Concluída,62.1,Instagram
M0002351,A00196,O20210039,2021,Geografia,2021-02-24,10,Concluída,66.3,WhatsApp
M0002352,A00196,O20210042,2021,Inglês,2021-04-25,10,Concluída,45.9,
M0002353,A00196,O20210034,2021,Matemática,2021-03-06,0,Concluída,59.4,Instagram
M0002354,A00196,O20210040,2021,PORTUGUÊS,2021-04-20,10,Concluída,71.6,WhatsApp
M0002355,A00196,O20210036,2021,QUÍMICA,2021-04-15,25,Concluída,52.3,Instagram
M0002356,A00196,O20210041,2021,Redação,2021-02-02,15,Concluída,45.9,Indicação
M0002357,A00196,O20210044,2021,Sociologia,2021-01-06,30,Ativa,69.4,
M0002358,A00197,O20230103,2023,Biologia,2023-02-22,0,concluida,53.2,WhatsApp
M0002359,A00197,O20230109,2023,FILOSOFIA,2023-02-22,15,Concluída,78.5,Indicação
M0002360,A00197,O20230101,2023,Física,2023-04-07,15,Ativa,71.1,Google
M0002361,A00197,O20230100,2023,Matemática,09/04/2023,25,Concluída,72.2,Indicação
M0002362,A00197,O20230106,2023,Português,2023-01-01,30,Concluída,57.4,Google
M0002363,A00197,O20230102,2023,Química,2023/04/16,25,Concluída,48.5,Indicação
M0002364,A00197,O20230107,2023,Redação,2023-03-24,50,Concluída,80.3,Instagram
M0002365,A00198,O20250191,2025,Biologia,2025-04-05,15,Concluída,71.9,Instagram
M0002366,A00198,O20250197,2025,Filosofia,2025-02-05,50,Ativa,84.6,
M0002367,A00198,O20250193,2025,Geografia,2025-02-28,25,Concluída,63.8,Instagram
M0002368,A00198,O20250192,2025,Historia,2025-03-10,20,Concluída,30.1,Feira escolar
M0002369,A00198,O20250196,2025,Inglês,2025-04-22,0,concluida,87.0,Indicação
M0002370,A00198,O20250188,2025,Matemática,2025-02-08,30,Ativa,50.3,
M0002371,A00198,O20250194,2025,Português,2025-03-03,,Concluída,72.8,Google
M0002372,A00198,O20250190,2025,Química,2025-01-08,,concluida,80.6,
M0002373,A00198,O20250195,2025,Redação,2025-01-03,10,Ativa,46.9,Indicação
M0002374,A00198,O20250198,2025,Sociologia,2025-04-02,10,Concluída,41.7,Indicação
M0002375,A00199,O20210015,2021,Biologia,2021-02-20,15,Concluída,41.4,WhatsApp
M0002376,A00199,O20210021,2021,Filosofia,2021-03-05,20,Ativa,85.0,Instagram
M0002377,A00199,O20210013,2021,Física,2021-04-12,20,Concluída,55.3,Indicação
M0002378,A00199,O20210017,2021,GEOGRAFIA,2021-02-07,20,Concluída,42.5,Feira escolar
M0002379,A00199,O20210016,2021,História,2021-03-19,30,Concluída,64.3,
M0002380,A00199,O20210020,2021,Inglês,2021-01-24,20,Concluída,64.5,WhatsApp
M0002381,A00199,O20210012,2021,Matemática,2021-03-19,10,concluida,44.3,
M0002382,A00199,O20210018,2021,Português,2021-04-20,10,Concluída,84.3,
M0002383,A00199,O20210014,2021,Química,2021-03-14,30,Concluída,80.0,Feira escolar
M0002384,A00199,O20210019,2021,Redação,2021-04-16,10,Concluída,68.7,Google
M0002385,A00199,O20210022,2021,Sociologia,02-26-2021,50,Ativa,58.6,Instagram
M0002386,A00200,O20240158,2024,Biologia,2024-01-27,20,Ativa,47.8,Google
M0002387,A00200,O20240164,2024,Filosofia,2024-02-22,15,Concluída,66.6,Google
M0002388,A00200,O20240156,2024,FÍSICA,2024-01-27,,Ativa,63.7,WhatsApp
M0002389,A00200,O20240159,2024,História,2024-02-13,0,Concluída,41.6,
M0002390,A00200,O20240155,2024,Matematica,2024-01-27,30,Concluída,50.1,Feira escolar
M0002391,A00200,O20240161,2024,Português,2024-01-28,0,Trancada,45.4,Indicação
M0002392,A00200,O20240157,2024,Química,2024-04-26,10,Concluída,66.1,WhatsApp
M0002393,A00200,O20240162,2024,Redação,2024-01-25,10,Trancada,63.5,
M0002394,A00200,O20240165,2024,Sociologia,2024-03-13,,Ativa,50.9,Instagram
M0002395,A00201,O20230114,2023,Biologia,2023-01-23,25,Ativa,51.4,WhatsApp
M0002396,A00201,O20230120,2023,Filosofia,2023-01-03,0,Concluída,44.8,
M0002397,A00201,O20230112,2023,Física,2023-04-24,0,Cancelada,66.9,
M0002398,A00201,O20230116,2023,Geografia,2023-01-22,,Ativa,28.3,Instagram
M0002399,A00201,O20230115,2023,História,2023-03-13,0,Concluída,51.4,Feira escolar
M0002400,A00201,O20230119,2023,Inglês,2023-04-14,,Concluída,40.0,Feira escolar
M0002401,A00201,O20230111,2023,Matematica,2023-03-10,10,Concluída,81.9,Feira escolar
M0002402,A00201,O20230117,2023,Português,2023-03-06,0,Concluída,58.4,Instagram
M0002403,A00201,O20230113,2023,Química,2023-02-09,50,Concluída,58.5,
M0002404,A00201,O20230118,2023,Redação,2023-02-28,,Concluída,72.4,Indicação
M0002405,A00201,O20230121,2023,Sociologia,2023-01-18,30,Concluída,59.0,
M0002406,A00201,O20240136,2024,Biologia,2024-01-09,50,Concluída,52.7,Google
M0002407,A00201,O20240138,2024,Geografia,2024-01-06,10,Concluída,62.6,Indicação
M0002408,A00201,O20240137,2024,História,2024-01-07,0,Concluída,44.6,Feira escolar
M0002409,A00201,O20240133,2024,Matemática,2024-01-05,20,Concluída,78.1,Instagram
M0002410,A00201,O20240139,2024,Português,2024-03-05,,Ativa,64.3,Indicação
M0002411,A00201,O20240135,2024,Química,2024-01-09,15,Cancelada,40.9,Feira escolar
M0002412,A00201,O20240140,2024,Redação,02-11-2024,0,Concluída,78.3,Indicação
M0002413,A00201,O20240143,2024,Sociologia,2024-03-17,15,Concluída,91.7,WhatsApp
M0002414,A00201,O20250191,2025,Biologia,2025-04-16,10,Concluída,34.8,WhatsApp
M0002415,A00201,O20250197,2025,Filosofia,11/03/2025,50,Concluída,64.7,Feira escolar
M0002416,A00201,O20250189,2025,Física,2025-04-13,0,Concluída,65.9,
M0002417,A00201,O20250193,2025,Geografia,2025-02-10,30,Concluída,53.3,WhatsApp
M0002418,A00201,O20250192,2025,História,2025-04-17,,Concluída,77.4,WhatsApp
M0002419,A00201,O20250196,2025,Inglês,2025-02-25,15,Ativa,54.9,Instagram
M0002420,A00201,O20250188,2025,Matemática,2025-04-24,25,Concluída,67.4,Feira escolar
M0002421,A00201,O20250194,2025,Português,2025-02-19,20,Cancelada,72.1,Google
M0002422,A00201,O20250190,2025,QUÍMICA,2025-03-12,10,Trancada,50.7,Indicação
M0002423,A00201,O20250195,2025,Redação,2025/04/15,,Concluída,68.9,
M0002424,A00201,O20250198,2025,Sociologia,2025-02-10,,Concluída,58.5,Instagram
M0002425,A00202,O20240136,2024,Biologia,2024-03-07,10,Ativa,32.8,Instagram
M0002426,A00202,O20240142,2024,Filosofia,2024-04-07,0,Concluída,51.0,WhatsApp
M0002427,A00202,O20240134,2024,Física,2024-04-10,0,Concluída,66.8,Google
M0002428,A00202,O20240138,2024,Geografia,2024-04-05,30,Concluída,51.8,WhatsApp
M0002429,A00202,O20240137,2024,História,2024-04-19,15,concluida,43.0,WhatsApp
M0002430,A00202,O20240141,2024,Inglês,2024-02-13,15,concluida,65.5,Indicação
M0002431,A00202,O20240133,2024,Matemática,2024/03/02,20,Ativa,58.1,Indicação
M0002432,A00202,O20240139,2024,Português,2024-01-10,30,Concluída,77.2,Google
M0002433,A00202,O20240135,2024,Química,2024-03-11,20,Ativa,50.3,
M0002434,A00202,O20240140,2024,Redação,2024-04-16,10,Concluída,63.7,
M0002435,A00202,O20240143,2024,SOCIOLOGIA,2024-01-20,15,Concluída,78.2,Google
M0002436,A00202,O20250213,2025,Biologia,12/02/2025,25,Concluída,51.4,Instagram
M0002437,A00202,O20250219,2025,Filosofia,2025-02-19,0,Concluída,43.7,Indicação
M0002438,A00202,O20250211,2025,FÍSICA,2025-03-08,30,Ativa,52.1,Feira escolar
M0002439,A00202,O20250215,2025,Geografia,2025-04-11,30,Ativa,70.6,Instagram
M0002440,A00202,O20250214,2025,História,2025/01/19,10,Cancelada,55.1,Google
M0002441,A00202,O20250218,2025,Inglês,2025/03/13,50,Concluída,44.8,
M0002442,A00202,O20250210,2025,Matemática,2025-04-08,30,Concluída,49.0,WhatsApp
M0002443,A00202,O20250216,2025,Português,2025-03-04,20,Concluída,59.8,Google
M0002444,A00202,O20250212,2025,Química,2025-03-26,0,Concluída,75.4,Feira escolar
M0002445,A00202,O20250217,2025,Redação,19/03/2025,20,Ativa,62.0,Instagram
M0002446,A00202,O20250220,2025,Sociologia,2025-02-15,20,Ativa,35.0,Instagram
M0002447,A00203,O20230103,2023,Biologia,2023-02-19,25,Concluída,42.6,Instagram
M0002448,A00203,O20230109,2023,Filosofia,2023-01-24,0,Concluída,38.5,WhatsApp
M0002449,A00203,O20230101,2023,Física,14/04/2023,20,Concluída,34.3,Indicação
M0002450,A00203,O20230105,2023,Geografia,2023-02-14,25,Concluída,73.6,
M0002451,A00203,O20230104,2023,História,2023-01-19,25,concluida,73.3,Google
M0002452,A00203,O20230108,2023,Inglês,2023-01-06,10,Concluída,79.3,Google
M0002453,A00203,O20230100,2023,Matemática,2023-04-13,25,Concluída,81.2,Feira escolar
M0002454,A00203,O20230106,2023,Português,2023-04-14,,concluida,63.3,Google
M0002455,A00203,O20230102,2023,Química,2023-01-15,20,Concluída,32.7,Google
M0002456,A00203,O20230107,2023,Redação,2023/01/12,10,Concluída,39.3,Indicação
M0002457,A00203,O20230110,2023,Sociologia,2023-03-01,50,Cancelada,54.5,Feira escolar
M0002458,A00204,O20240169,2024,Biologia,16/03/2024,,Concluída,38.1,Instagram
M0002459,A00204,O20240167,2024,Física,2024-04-01,0,Concluída,66.4,Google
M0002460,A00204,O20240171,2024,Geografia,2024-03-16,0,Cancelada,59.9,Instagram
M0002461,A00204,O20240170,2024,História,2024-01-17,25,concluida,60.7,WhatsApp
M0002462,A00204,O20240174,2024,Inglês,2024-03-23,20,Concluída,48.1,
M0002463,A00204,O20240166,2024,Matemática,2024-02-10,20,Concluída,52.3,Google
M0002464,A00204,O20240172,2024,Português,2024-01-09,50,Concluída,57.3,Instagram
M0002465,A00204,O20240168,2024,Química,2024-04-26,0,Concluída,43.6,Google
M0002466,A00204,O20240173,2024,Redação,2024-03-26,10,Ativa,72.3,
M0002467,A00204,O20240176,2024,Sociologia,2024-04-23,50,Concluída,18.2,WhatsApp
M0002468,A00205,O20240169,2024,Biologia,2024-03-26,10,Concluída,13.3,Feira escolar
M0002469,A00205,O20240175,2024,Filosofia,2024-03-11,0,Concluída,62.4,WhatsApp
M0002470,A00205,O20240171,2024,Geografia,2024-03-03,0,Concluída,60.3,Google
M0002471,A00205,O20240174,2024,Inglês,2024-01-18,,Concluída,51.9,WhatsApp
M0002472,A00205,O20240166,2024,Matemática,2024-03-05,50,Concluída,80.9,
M0002473,A00205,O20240172,2024,Portugues,2024-04-18,0,concluida,54.3,
M0002474,A00205,O20240173,2024,Redação,2024-04-16,10,Concluída,43.9,Indicação
M0002475,A00205,O20240176,2024,SOCIOLOGIA,2024-01-12,50,Concluída,62.9,WhatsApp
M0002476,A00206,O20240147,2024,Biologia,2024-02-05,0,Concluída,59.4,Instagram
M0002477,A00206,O20240153,2024,Filosofia,2024-02-09,0,Concluída,54.5,Instagram
M0002478,A00206,O20240145,2024,Física,2024-01-21,15,Concluída,44.3,Indicação
M0002479,A00206,O20240144,2024,Mat.,2024-04-21,0,Concluída,55.4,Feira escolar
M0002480,A00206,O20240150,2024,Português,2024/03/28,25,Ativa,77.4,
M0002481,A00206,O20240151,2024,Redação,2024-01-02,0,Ativa,56.1,WhatsApp
M0002482,A00206,O20240154,2024,Sociologia,2024-02-24,15,Concluída,61.8,Google
M0002483,A00206,O20250213,2025,Biologia,2025/02/23,30,Ativa,60.3,Google
M0002484,A00206,O20250211,2025,Física,2025-02-19,10,Concluída,63.4,
M0002485,A00206,O20250215,2025,Geografia,2025-02-28,10,Concluída,55.5,Indicação
M0002486,A00206,O20250214,2025,História,2025-04-19,0,Concluída,52.1,Instagram
M0002487,A00206,O20250218,2025,Inglês,2025-01-20,0,Concluída,51.0,WhatsApp
M0002488,A00206,O20250210,2025,Matemática,01-08-2025,0,Ativa,70.4,WhatsApp
M0002489,A00206,O20250216,2025,Português,2025-01-13,20,Ativa,90.3,WhatsApp
M0002490,A00206,O20250212,2025,Química,2025-04-04,15,Cancelada,59.4,Feira escolar
M0002491,A00206,O20250217,2025,Redação,2025-01-25,50,Ativa,54.2,Instagram
M0002492,A00206,O20250220,2025,Sociologia,2025-04-03,10,Concluída,82.4,
M0002493,A00207,O20230092,2023,Biologia,2023-04-08,30,Concluída,64.4,
M0002494,A00207,O20230098,2023,FILOSOFIA,2023-04-07,20,Concluída,55.9,Indicação
M0002495,A00207,O20230094,2023,Geografia,11/02/2023,10,Concluída,71.7,
M0002496,A00207,O20230093,2023,História,2023-01-02,15,Concluída,32.7,Feira escolar
M0002497,A00207,O20230089,2023,Matemática,2023-03-25,30,Concluída,90.5,Feira escolar
M0002498,A00207,O20230095,2023,Português,2023-04-03,25,concluida,41.9,
M0002499,A00207,O20230096,2023,Redação,2023-02-08,,Concluída,61.0,Feira escolar
M0002500,A00207,O20230099,2023,Sociologia,2023-03-28,30,concluida,47.2,Instagram
M0002501,A00208,O20230103,2023,Biologia,2023-03-22,20,Concluída,46.5,WhatsApp
M0002502,A00208,O20230101,2023,Física,2023-04-27,25,Ativa,61.8,WhatsApp
M0002503,A00208,O20230105,2023,Geografia,2023-01-16,0,Concluída,81.6,Instagram
M0002504,A00208,O20230104,2023,História,2023-04-05,,Concluída,46.1,WhatsApp
M0002505,A00208,O20230108,2023,Ingles,2023-03-12,0,Ativa,52.6,Instagram
M0002506,A00208,O20230100,2023,Matemática,01-01-2023,0,,46.6,Feira escolar
M0002507,A00208,O20230106,2023,Português,2023-01-14,10,Ativa,36.8,WhatsApp
M0002508,A00208,O20230107,2023,Redação,2023-04-05,0,Concluída,61.2,WhatsApp
M0002509,A00208,O20230110,2023,Sociologia,2023-01-24,,Concluída,77.4,Indicação
M0002510,A00208,O20240169,2024,Biologia,16/03/2024,20,Concluída,64.9,Instagram
M0002511,A00208,O20240167,2024,Física,2024-01-10,15,Cancelada,58.2,Indicação
M0002512,A00208,O20240170,2024,História,2024-03-02,0,concluida,52.4,WhatsApp
M0002513,A00208,O20240174,2024,Inglês,2024-02-28,25,Concluída,62.2,Feira escolar
M0002514,A00208,O20240166,2024,Matemática,2024-04-16,0,concluida,72.5,
M0002515,A00208,O20240172,2024,Português,2024-03-14,0,Ativa,62.2,Indicação
M0002516,A00208,O20240168,2024,Química,2024-02-04,0,Ativa,49.8,Instagram
M0002517,A00208,O20240173,2024,Redação,2024-03-12,15,Ativa,79.6,Instagram
M0002518,A00209,O20230090,2023,Física,2023-03-07,50,Concluída,53.7,Feira escolar
M0002519,A00209,O20230094,2023,Geografia,21/02/2023,10,Cancelada,52.9,Google
M0002520,A00209,O20230093,2023,História,2023-01-18,20,Concluída,51.0,Instagram
M0002521,A00209,O20230097,2023,Inglês,2023-04-10,25,Concluída,45.9,
M0002522,A00209,O20230089,2023,Matematica,2023-03-20,,Concluída,58.0,Instagram
M0002523,A00209,O20230095,2023,Português,2023-02-19,50,Ativa,75.5,WhatsApp
M0002524,A00209,O20230091,2023,Quimica,2023-02-14,30,Concluída,52.0,WhatsApp
M0002525,A00209,O20230096,2023,Redação,2023-04-02,0,Concluída,68.2,Instagram
M0002526,A00209,O20230099,2023,Sociologia,2023-02-23,15,Concluída,55.6,Google
M0002527,A00209,O20240158,2024,Biologia,01/04/2024,30,,38.2,WhatsApp
M0002528,A00209,O20240156,2024,Física,16/03/2024,50,Concluída,71.8,Instagram
M0002529,A00209,O20240163,2024,Inglês,2024-01-18,10,Concluída,66.4,
M0002530,A00209,O20240155,2024,Matemática,2024-04-28,50,Ativa,86.5,Feira escolar
M0002531,A00209,O20240161,2024,PORTUGUÊS,2024-04-28,15,Ativa,51.4,WhatsApp
M0002532,A00209,O20240157,2024,Química,2024-01-22,20,Concluída,72.0,WhatsApp
M0002533,A00209,O20240162,2024,Redação,2024-03-12,0,Concluída,45.2,WhatsApp
M0002534,A00209,O20240165,2024,Sociologia,2024-04-16,,Concluída,67.0,
M0002535,A00209,O20250202,2025,Biologia,2025-03-14,0,Trancada,50.4,Feira escolar
M0002536,A00209,O20250208,2025,FILOSOFIA,2025-04-27,50,Cancelada,48.1,Feira escolar
M0002537,A00209,O20250200,2025,Física,2025-03-26,,Concluída,48.0,Indicação
M0002538,A00209,O20250204,2025,Geografia,2025-03-17,15,Ativa,71.5,Feira escolar
M0002539,A00209,O20250203,2025,História,2025-02-22,,Concluída,33.2,Instagram
M0002540,A00209,O20250207,2025,Ingles,2025-02-20,0,Ativa,53.2,Feira escolar
M0002541,A00209,O20250199,2025,Matemática,2025-03-08,15,Trancada,73.2,Google
M0002542,A00209,O20250205,2025,Português,2025-02-26,50,Ativa,53.4,Indicação
M0002543,A00209,O20250201,2025,Química,2025-01-24,15,Concluída,94.7,Feira escolar
M0002544,A00209,O20250206,2025,Redação,2025-04-06,0,Trancada,50.1,WhatsApp
M0002545,A00209,O20250209,2025,Sociologia,2025-02-08,10,concluida,52.5,Instagram
M0002546,A00210,O20230103,2023,Biologia,2023-03-21,20,Ativa,54.2,Feira escolar
M0002547,A00210,O20230109,2023,Filosofia,2023-04-09,0,Concluída,65.5,WhatsApp
M0002548,A00210,O20230101,2023,Física,2023-03-07,0,Concluída,54.2,Indicação
M0002549,A00210,O20230105,2023,Geografia,25/01/2023,0,concluida,82.2,Google
M0002550,A00210,O20230104,2023,História,2023-04-01,20,Concluída,72.1,
M0002551,A00210,O20230100,2023,Matemática,2023-03-20,10,Ativa,54.4,Instagram
M0002552,A00210,O20230106,2023,Português,2023-04-13,,Trancada,73.1,Instagram
M0002553,A00210,O20230102,2023,Química,2023-02-03,25,Concluída,69.7,WhatsApp
M0002554,A00210,O20230107,2023,Redação,2023-03-24,0,concluida,75.5,
M0002555,A00210,O20230110,2023,Sociologia,2023-04-27,25,Concluída,54.2,Instagram
M0002556,A00211,O20210004,2021,Biologia,2021-02-18,20,Concluída,49.2,Instagram
M0002557,A00211,O20210010,2021,Filosofia,2021-03-06,15,concluida,36.4,Feira escolar
M0002558,A00211,O20210005,2021,História,2021-01-08,0,Ativa,46.3,Google
M0002559,A00211,O20210001,2021,Matemática,2021-02-11,0,Concluída,59.9,WhatsApp
M0002560,A00211,O20210007,2021,Português,2021-01-03,0,Cancelada,51.5,WhatsApp
M0002561,A00211,O20210003,2021,Química,2021-04-10,,concluida,34.5,Feira escolar
M0002562,A00211,O20210008,2021,Redação,2021-01-19,0,Concluída,74.0,
M0002563,A00211,O20210011,2021,Sociologia,2021-01-13,0,Concluída,56.6,
M0002564,A00212,O20210026,2021,Biologia,2021-01-05,15,Cancelada,40.7,Feira escolar
M0002565,A00212,O20210032,2021,Filosofia,02-12-2021,15,Concluída,36.5,Instagram
M0002566,A00212,O20210027,2021,História,2021-02-27,30,Cancelada,43.2,
M0002567,A00212,O20210031,2021,Inglês,14/01/2021,0,Ativa,73.1,
M0002568,A00212,O20210023,2021,Matemática,2021-02-01,50,Concluída,44.0,Indicação
M0002569,A00212,O20210029,2021,Português,2021-03-04,0,Concluída,69.3,Instagram
M0002570,A00212,O20210025,2021,Química,2021-03-04,0,Concluída,84.9,Instagram
M0002571,A00212,O20210030,2021,Redação,2021-03-21,30,Concluída,87.8,Feira escolar
M0002572,A00212,O20210033,2021,Sociologia,2021-03-19,25,Concluída,41.6,Feira escolar
M0002573,A00213,O20240136,2024,Biologia,2024-02-13,20,Concluída,41.5,
M0002574,A00213,O20240142,2024,Filosofia,2024-03-23,,Concluída,82.9,Google
M0002575,A00213,O20240134,2024,FÍSICA,2024-01-16,,Concluída,58.9,Google
M0002576,A00213,O20240138,2024,Geografia,2024-04-23,0,Concluída,81.4,
M0002577,A00213,O20240137,2024,História,2024-04-03,30,Cancelada,78.1,WhatsApp
M0002578,A00213,O20240141,2024,Ingles,2024-03-09,0,Concluída,38.3,WhatsApp
M0002579,A00213,O20240133,2024,Matemática,2024-01-15,20,Concluída,61.6,
M0002580,A00213,O20240139,2024,Português,2024-03-17,30,Concluída,67.0,
M0002581,A00213,O20240135,2024,Química,2024-02-21,0,Ativa,36.0,Google
M0002582,A00213,O20240140,2024,REDAÇÃO,2024-01-12,15,Ativa,74.7,Instagram
M0002583,A00213,O20240143,2024,Sociologia,2024-04-22,30,Concluída,47.5,Feira escolar
M0002584,A00213,O20250202,2025,Biologia,2025-03-27,0,Concluída,59.6,Google
M0002585,A00213,O20250208,2025,Filosofia,2025-04-12,0,Concluída,77.4,WhatsApp
M0002586,A00213,O20250200,2025,Física,2025-04-15,15,Trancada,56.0,
M0002587,A00213,O20250204,2025,Geografia,2025-04-11,25,Concluída,53.8,Instagram
M0002588,A00213,O20250207,2025,Inglês,17/01/2025,30,Concluída,51.0,
M0002589,A00213,O20250199,2025,Matemática,2025/01/12,25,Concluída,55.2,WhatsApp
M0002590,A00213,O20250205,2025,Português,2025-04-07,0,Concluída,56.9,Instagram
M0002591,A00213,O20250201,2025,Química,2025-02-26,20,Concluída,68.6,WhatsApp
M0002592,A00213,O20250206,2025,Redação,2025-02-01,20,Concluída,61.8,Feira escolar
M0002593,A00213,O20250209,2025,Sociologia,2025-03-24,,Concluída,68.0,WhatsApp
M0002594,A00214,O20230114,2023,Biologia,2023-04-14,0,concluida,30.9,
M0002595,A00214,O20230112,2023,Física,2023-04-21,50,Concluída,45.7,
M0002596,A00214,O20230116,2023,Geografia,2023-03-21,20,concluida,50.7,WhatsApp
M0002597,A00214,O20230119,2023,Inglês,2023-01-06,,Concluída,69.9,Indicação
M0002598,A00214,O20230111,2023,Matemática,2023-01-26,20,Ativa,61.5,
M0002599,A00214,O20230117,2023,Português,2023-02-24,15,Concluída,72.3,WhatsApp
M0002600,A00214,O20230118,2023,Redação,2023-02-15,30,Concluída,70.7,Feira escolar
M0002601,A00215,O20220059,2022,Biologia,2022-04-14,50,Concluída,77.2,Google
M0002602,A00215,O20220065,2022,Filosofia,2022-02-10,10,Ativa,92.9,Feira escolar
M0002603,A00215,O20220057,2022,Física,2022-04-19,50,Concluída,67.9,Instagram
M0002604,A00215,O20220061,2022,Geografia,2022-01-01,50,Trancada,77.4,WhatsApp
M0002605,A00215,O20220060,2022,História,2022-04-14,15,Ativa,28.9,Google
M0002606,A00215,O20220064,2022,Inglês,2022-03-09,,Concluída,43.2,Instagram
M0002607,A00215,O20220056,2022,Matemática,2022-02-05,10,Concluída,35.4,Google
M0002608,A00215,O20220062,2022,Português,2022-01-11,15,Concluída,42.7,Indicação
M0002609,A00215,O20220058,2022,Química,2022-03-25,10,Concluída,46.7,Feira escolar
M0002610,A00215,O20220063,2022,Redação,2022-02-20,30,Cancelada,77.7,Instagram
M0002611,A00215,O20220066,2022,Sociologia,2022-01-24,25,Cancelada,46.1,Instagram
M0002612,A00216,O20210004,2021,Biologia,2021-04-14,25,Concluída,58.8,Instagram
M0002613,A00216,O20210010,2021,Filosofia,2021-02-23,25,Concluída,60.1,Indicação
M0002614,A00216,O20210002,2021,Física,2021-02-03,,Concluída,60.0,Indicação
M0002615,A00216,O20210006,2021,Geografia,2021-04-24,0,Concluída,51.3,Feira escolar
M0002616,A00216,O20210005,2021,História,2021-01-21,0,Concluída,49.3,Feira escolar
M0002617,A00216,O20210009,2021,Inglês,03-19-2021,0,Concluída,57.0,Instagram
M0002618,A00216,O20210001,2021,Matemática,2021-04-08,50,Concluída,62.8,Instagram
M0002619,A00216,O20210007,2021,Portugues,2021-01-19,50,Ativa,96.5,Google
M0002620,A00216,O20210008,2021,Redação,2021-02-08,30,Concluída,67.8,Instagram
M0002621,A00216,O20210011,2021,Sociologia,2021-04-14,0,Concluída,56.5,Google
M0002622,A00217,O20220059,2022,Biologia,2022-03-15,15,Cancelada,66.9,Google
M0002623,A00217,O20220061,2022,Geografia,2022-04-16,20,Cancelada,46.4,Indicação
M0002624,A00217,O20220060,2022,História,03-24-2022,0,Concluída,47.5,Feira escolar
M0002625,A00217,O20220056,2022,Matemática,2022-04-24,50,Concluída,49.6,Feira escolar
M0002626,A00217,O20220062,2022,Português,2022-03-17,20,concluida,74.6,Google
M0002627,A00217,O20220058,2022,Química,2022-03-07,0,Concluída,50.9,Google
M0002628,A00217,O20220063,2022,Redação,2022-03-15,0,Concluída,72.0,Instagram
M0002629,A00217,O20220066,2022,Sociologia,2022-02-03,15,Trancada,54.0,Google
M0002630,A00218,O20230092,2023,Biologia,2023-03-20,50,Concluída,53.0,Feira escolar
M0002631,A00218,O20230098,2023,Filosofia,2023-04-05,15,Concluída,59.6,Feira escolar
M0002632,A00218,O20230090,2023,Física,26/02/2023,50,Concluída,44.0,WhatsApp
M0002633,A00218,O20230094,2023,GEOGRAFIA,2023-03-11,,Concluída,58.4,Instagram
M0002634,A00218,O20230097,2023,Ingles,2023-04-18,30,Ativa,44.5,Instagram
M0002635,A00218,O20230089,2023,Matemática,2023-02-13,50,Concluída,71.2,Instagram
M0002636,A00218,O20230095,2023,Português,2023-03-01,0,Trancada,70.1,Instagram
M0002637,A00218,O20230091,2023,Química,2023-01-10,25,Concluída,78.7,Indicação
M0002638,A00218,O20230096,2023,Redação,02-09-2023,,Concluída,68.5,WhatsApp
M0002639,A00219,O20240136,2024,BIOLOGIA,2024-02-09,15,Ativa,70.6,WhatsApp
M0002640,A00219,O20240134,2024,Física,2024-04-27,,concluida,76.3,Google
M0002641,A00219,O20240141,2024,Inglês,2024-02-26,10,Concluída,69.4,Indicação
M0002642,A00219,O20240133,2024,Matemática,2024-02-11,30,Concluída,67.2,Indicação
M0002643,A00219,O20240139,2024,Português,2024-03-19,30,Concluída,72.2,Google
M0002644,A00219,O20240135,2024,Química,2024-01-06,20,Concluída,68.4,Indicação
M0002645,A00219,O20240140,2024,Redação,2024-03-01,20,Concluída,68.9,Indicação
M0002646,A00219,O20240143,2024,Sociologia,2024-04-05,50,Ativa,42.7,Indicação
M0002647,A00219,O20250180,2025,Biologia,2025-04-22,0,Concluída,67.4,WhatsApp
M0002648,A00219,O20250186,2025,Filosofia,2025-01-02,15,Concluída,68.6,Google
M0002649,A00219,O20250178,2025,Física,2025-01-17,10,Concluída,58.9,Google
M0002650,A00219,O20250182,2025,Geografia,2025-04-15,10,Concluída,60.5,WhatsApp
M0002651,A00219,O20250181,2025,História,2025-02-14,0,Concluída,74.0,WhatsApp
M0002652,A00219,O20250185,2025,Inglês,2025-02-18,10,concluida,52.1,WhatsApp
M0002653,A00219,O20250177,2025,Matemática,2025-02-18,0,Concluída,56.5,Feira escolar
M0002654,A00219,O20250183,2025,Português,2025-03-10,,Concluída,78.2,Feira escolar
M0002655,A00219,O20250184,2025,Redação,2025-03-05,,Cancelada,30.7,Instagram
M0002656,A00219,O20250187,2025,SOCIOLOGIA,2025-01-10,25,Ativa,87.2,Feira escolar
M0002657,A00220,O20250219,2025,Filosofia,2025-02-25,25,Concluída,45.6,Feira escolar
M0002658,A00220,O20250214,2025,História,2025-03-26,,Concluída,70.0,Feira escolar
M0002659,A00220,O20250218,2025,Inglês,2025-04-10,0,Concluída,63.5,Instagram
M0002660,A00220,O20250210,2025,Matemática,04-28-2025,50,Ativa,31.7,WhatsApp
M0002661,A00220,O20250216,2025,Português,2025-03-20,0,,72.3,Indicação
M0002662,A00220,O20250212,2025,Química,2025-01-04,10,Concluída,48.7,Google
M0002663,A00220,O20250217,2025,Redação,2025-03-23,0,Concluída,43.9,WhatsApp
M0002664,A00220,O20250220,2025,SOCIOLOGIA,2025-02-25,0,Ativa,77.2,WhatsApp
M0002665,A00221,O20240158,2024,Biologia,2024-03-27,,Concluída,41.1,WhatsApp
M0002666,A00221,O20240164,2024,FILOSOFIA,2024-03-13,0,Ativa,56.6,Instagram
M0002667,A00221,O20240159,2024,História,2024-03-28,20,Concluída,65.6,Feira escolar
M0002668,A00221,O20240163,2024,Inglês,2024-02-22,10,,44.3,Feira escolar
M0002669,A00221,O20240155,2024,Matemática,2024-02-07,0,Ativa,57.6,Instagram
M0002670,A00221,O20240161,2024,Português,2024-02-06,10,Ativa,54.9,Indicação
M0002671,A00221,O20240162,2024,Redação,2024-04-20,0,Concluída,49.4,Indicação
M0002672,A00222,O20230125,2023,Biologia,2023-03-06,15,Concluída,40.3,WhatsApp
M0002673,A00222,O20230131,2023,Filosofia,2023-01-14,,Trancada,67.6,Indicação
M0002674,A00222,O20230123,2023,Física,2023-03-16,10,Concluída,47.4,Google
M0002675,A00222,O20230127,2023,Geografia,2023-01-26,0,Ativa,68.8,Feira escolar
M0002676,A00222,O20230126,2023,História,2023-03-12,30,Concluída,50.1,WhatsApp
M0002677,A00222,O20230130,2023,Inglês,2023/01/26,0,Ativa,44.6,Instagram
M0002678,A00222,O20230122,2023,Matemática,2023-03-10,0,Concluída,68.8,Indicação
M0002679,A00222,O20230128,2023,Português,2023-01-07,0,Ativa,72.1,Instagram
M0002680,A00222,O20230124,2023,Química,2023-03-07,50,Ativa,54.3,WhatsApp
M0002681,A00222,O20230129,2023,Redação,2023-01-13,10,Ativa,55.4,Feira escolar
M0002682,A00222,O20230132,2023,Sociologia,2023-01-19,15,Cancelada,53.5,
M0002683,A00222,O20240169,2024,BIOLOGIA,2024-04-10,,Concluída,68.6,
M0002684,A00222,O20240175,2024,Filosofia,2024-03-24,10,,72.3,Feira escolar
M0002685,A00222,O20240167,2024,Física,2024-02-16,20,Cancelada,61.8,Google
M0002686,A00222,O20240170,2024,História,2024-04-08,15,Concluída,46.6,Instagram
M0002687,A00222,O20240174,2024,Inglês,2024-02-01,30,Concluída,76.2,Google
M0002688,A00222,O20240166,2024,MATEMÁTICA,2024-02-12,20,Concluída,64.5,Indicação
M0002689,A00222,O20240172,2024,Português,2024-01-08,,,32.6,WhatsApp
M0002690,A00222,O20240168,2024,Química,2024-03-25,10,Concluída,60.5,Feira escolar
M0002691,A00222,O20240173,2024,Redação,02/03/2024,0,Ativa,59.3,Google
M0002692,A00222,O20240176,2024,Sociologia,2024-01-25,30,Concluída,47.7,WhatsApp
M0002693,A00223,O20250180,2025,BIOLOGIA,2025-02-26,0,Concluída,57.4,Indicação
M0002694,A00223,O20250178,2025,Física,2025-04-24,20,Ativa,71.2,
M0002695,A00223,O20250182,2025,Geografia,2025-04-28,50,Concluída,66.6,WhatsApp
M0002696,A00223,O20250181,2025,História,2025-03-16,0,Concluída,46.6,WhatsApp
M0002697,A00223,O20250185,2025,Inglês,2025-02-05,10,Concluída,63.2,Instagram
M0002698,A00223,O20250177,2025,Matemática,2025-02-13,0,Concluída,72.6,
M0002699,A00223,O20250183,2025,Português,2025-01-27,10,Concluída,50.3,Google
M0002700,A00223,O20250179,2025,Química,2025/03/27,0,Concluída,88.0,Indicação
M0002701,A00223,O20250184,2025,Redação,2025-04-26,20,Concluída,81.4,Feira escolar
M0002702,A00223,O20250187,2025,Sociologia,2025-03-06,30,Concluída,59.8,Indicação
M0002703,A00224,O20230092,2023,Biologia,2023-04-25,15,Concluída,54.8,WhatsApp
M0002704,A00224,O20230098,2023,FILOSOFIA,2023-04-24,10,Concluída,50.0,Instagram
M0002705,A00224,O20230090,2023,Física,2023-04-16,30,Concluída,61.0,WhatsApp
M0002706,A00224,O20230094,2023,GEOGRAFIA,2023-04-08,10,Concluída,60.9,Google
M0002707,A00224,O20230097,2023,Inglês,2023-04-23,50,Concluída,47.1,Feira escolar
M0002708,A00224,O20230089,2023,Matemática,27/03/2023,25,concluida,54.2,Instagram
M0002709,A00224,O20230095,2023,Português,2023-01-28,0,Concluída,50.4,Feira escolar
M0002710,A00224,O20230091,2023,Química,2023-01-25,30,Ativa,59.7,Feira escolar
M0002711,A00224,O20230096,2023,REDAÇÃO,2023-02-22,,concluida,53.0,
M0002712,A00224,O20230099,2023,Sociologia,2023-04-07,30,Concluída,57.4,Google
M0002713,A00224,O20240136,2024,Biologia,2024-04-08,20,Concluída,53.7,
M0002714,A00224,O20240142,2024,Filosofia,2024-03-14,25,Concluída,61.1,Instagram
M0002715,A00224,O20240134,2024,Física,02-26-2024,10,Concluída,67.7,WhatsApp
M0002716,A00224,O20240138,2024,Geografia,2024-02-02,10,Concluída,66.6,Google
M0002717,A00224,O20240137,2024,História,2024-03-11,30,Concluída,53.7,Feira escolar
M0002718,A00224,O20240133,2024,Matemática,2024-03-14,25,Ativa,60.6,WhatsApp
M0002719,A00224,O20240139,2024,Português,2024-02-25,30,Concluída,76.7,
M0002720,A00224,O20240135,2024,Química,2024-03-16,10,Concluída,61.8,WhatsApp
M0002721,A00224,O20240140,2024,Redação,2024-04-22,10,Concluída,67.7,Feira escolar
M0002722,A00224,O20240143,2024,Sociologia,20/02/2024,20,Ativa,50.6,WhatsApp
M0002723,A00225,O20230103,2023,Biologia,2023-02-07,30,Concluída,49.1,Instagram
M0002724,A00225,O20230109,2023,Filosofia,2023-03-11,30,Ativa,53.4,Google
M0002725,A00225,O20230101,2023,Física,2023-02-26,25,Concluída,69.6,Feira escolar
M0002726,A00225,O20230104,2023,História,2023-04-25,0,Concluída,53.6,Instagram
M0002727,A00225,O20230108,2023,Inglês,2023-02-24,30,Concluída,41.9,Instagram
M0002728,A00225,O20230100,2023,Matemática,2023/02/08,15,Concluída,82.9,Google
M0002729,A00225,O20230106,2023,Português,2023-04-17,10,Ativa,63.1,Google
M0002730,A00225,O20230102,2023,Química,13/02/2023,25,Concluída,74.7,WhatsApp
M0002731,A00225,O20230107,2023,Redação,2023-04-15,15,Trancada,78.6,WhatsApp
M0002732,A00225,O20240142,2024,FILOSOFIA,2024-04-11,10,Concluída,59.3,Feira escolar
M0002733,A00225,O20240134,2024,Física,2024-03-12,0,Concluída,55.6,
M0002734,A00225,O20240138,2024,Geografia,2024-02-28,15,Concluída,52.9,Feira escolar
M0002735,A00225,O20240141,2024,Inglês,2024-01-20,50,Concluída,68.7,Indicação
M0002736,A00225,O20240133,2024,MATEMÁTICA,2024-02-09,25,Concluída,67.6,WhatsApp
M0002737,A00225,O20240139,2024,Português,2024/04/02,50,Concluída,37.7,
M0002738,A00225,O20240140,2024,Redação,2024-03-19,20,concluida,82.7,WhatsApp
M0002739,A00225,O20240143,2024,SOCIOLOGIA,2024-02-27,15,,45.3,Indicação
M0002740,A00226,O20230103,2023,Biologia,2023-04-03,30,Concluída,42.9,
M0002741,A00226,O20230101,2023,Física,05/01/2023,15,Concluída,47.1,Feira escolar
M0002742,A00226,O20230105,2023,Geografia,2023-04-13,25,Concluída,56.7,
M0002743,A00226,O20230104,2023,História,2023-04-28,25,Concluída,39.1,Feira escolar
M0002744,A00226,O20230100,2023,Matemática,2023-03-27,,Ativa,31.0,Google
M0002745,A00226,O20230106,2023,Português,2023-04-26,30,Concluída,58.3,Google
M0002746,A00226,O20230107,2023,Redação,2023-02-16,,Concluída,70.3,Feira escolar
M0002747,A00226,O20230110,2023,Sociologia,2023-01-13,,Concluída,54.2,Feira escolar
M0002748,A00226,O20240164,2024,Filosofia,2024-03-12,20,,69.5,WhatsApp
M0002749,A00226,O20240156,2024,Física,2024-01-16,10,Ativa,61.2,Indicação
M0002750,A00226,O20240159,2024,História,2024-04-22,20,Concluída,44.2,Instagram
M0002751,A00226,O20240163,2024,Inglês,2024-03-12,50,concluida,68.9,Instagram
M0002752,A00226,O20240155,2024,Matemática,2024-02-19,15,Concluída,76.4,Feira escolar
M0002753,A00226,O20240161,2024,Português,2024-01-07,10,Cancelada,75.4,Google
M0002754,A00226,O20240157,2024,Química,2024-03-19,,Concluída,41.6,
M0002755,A00226,O20240162,2024,Redação,2024-01-04,,Concluída,51.6,WhatsApp
M0002756,A00226,O20250180,2025,Biologia,2025-01-22,20,Concluída,71.7,Instagram
M0002757,A00226,O20250186,2025,Filosofia,2025-03-18,,Concluída,63.8,Instagram
M0002758,A00226,O20250178,2025,Física,2025/02/01,25,Concluída,47.8,WhatsApp
M0002759,A00226,O20250182,2025,Geografia,2025-03-05,20,Concluída,53.3,Instagram
M0002760,A00226,O20250181,2025,História,2025-03-12,0,Concluída,40.2,
M0002761,A00226,O20250177,2025,Matemática,2025-02-14,20,concluida,65.9,Indicação
M0002762,A00226,O20250183,2025,Português,2025-04-04,,Concluída,77.6,
M0002763,A00226,O20250179,2025,Química,2025-02-04,0,Concluída,57.3,
M0002764,A00226,O20250184,2025,Redação,2025-04-03,15,Concluída,69.8,Feira escolar
M0002765,A00226,O20250187,2025,Sociologia,2025-02-05,10,Concluída,70.6,Instagram
M0002766,A00227,O20210015,2021,Biologia,2021-03-19,0,Trancada,65.8,Google
M0002767,A00227,O20210021,2021,Filosofia,2021-01-09,30,Cancelada,41.7,WhatsApp
M0002768,A00227,O20210017,2021,Geografia,2021-04-01,0,Concluída,66.1,WhatsApp
M0002769,A00227,O20210012,2021,Matemática,2021-01-13,30,Concluída,58.6,WhatsApp
M0002770,A00227,O20210018,2021,Português,2021-01-16,0,Concluída,61.7,Google
M0002771,A00227,O20210019,2021,Redação,2021-04-25,30,Concluída,58.3,Instagram
M0002772,A00227,O20210022,2021,SOCIOLOGIA,2021-02-06,0,Ativa,66.3,
M0002773,A00228,O20220048,2022,Biologia,2022-01-28,50,Concluída,53.5,Indicação
M0002774,A00228,O20220054,2022,FILOSOFIA,2022-03-27,25,Concluída,66.9,
M0002775,A00228,O20220046,2022,FÍSICA,2022-01-17,0,Concluída,62.3,Google
M0002776,A00228,O20220050,2022,Geografia,2022-01-16,30,Concluída,42.3,Google
M0002777,A00228,O20220049,2022,História,2022-04-26,0,Concluída,68.0,WhatsApp
M0002778,A00228,O20220053,2022,Inglês,2022-03-04,0,Concluída,41.3,WhatsApp
M0002779,A00228,O20220045,2022,Matemática,2022-01-15,0,Concluída,57.8,
M0002780,A00228,O20220051,2022,Português,2022-02-08,20,,40.4,WhatsApp
M0002781,A00228,O20220047,2022,Química,04-19-2022,0,Ativa,71.5,Instagram
M0002782,A00228,O20220052,2022,Redação,2022-04-17,,Concluída,75.4,
M0002783,A00228,O20220055,2022,Sociologia,2022-03-08,0,Concluída,99.0,
M0002784,A00229,O20210043,2021,Filosofia,2021/02/03,10,Concluída,76.4,WhatsApp
M0002785,A00229,O20210038,2021,História,2021-03-26,,Concluída,39.6,Indicação
M0002786,A00229,O20210034,2021,Matemática,2021-03-08,30,Concluída,67.9,WhatsApp
M0002787,A00229,O20210040,2021,Português,2021-01-08,10,Trancada,65.3,Indicação
M0002788,A00229,O20210041,2021,Redação,2021-02-02,0,concluida,53.1,
M0002789,A00229,O20210044,2021,Sociologia,2021-02-16,15,concluida,58.9,Indicação
M0002790,A00230,O20240147,2024,Biologia,2024/01/10,,Concluída,60.7,
M0002791,A00230,O20240153,2024,Filosofia,2024-01-11,20,Concluída,76.6,Google
M0002792,A00230,O20240148,2024,História,2024-02-14,0,Concluída,58.8,WhatsApp
M0002793,A00230,O20240152,2024,Inglês,2024-02-21,50,Trancada,59.2,Instagram
M0002794,A00230,O20240144,2024,Mat.,2024-03-04,20,Trancada,80.1,Instagram
M0002795,A00230,O20240150,2024,Português,2024-01-28,0,Concluída,62.8,Feira escolar
M0002796,A00230,O20240151,2024,Redacao,2024-04-25,50,Concluída,30.2,Google
M0002797,A00230,O20240154,2024,SOCIOLOGIA,2024-04-21,10,Ativa,67.5,Feira escolar
M0002798,A00231,O20240147,2024,Biologia,2024-03-26,50,Ativa,56.5,WhatsApp
M0002799,A00231,O20240153,2024,Filosofia,2024-01-13,0,Concluída,69.4,Indicação
M0002800,A00231,O20240145,2024,Física,2024-03-17,20,Concluída,43.1,Instagram
M0002801,A00231,O20240149,2024,Geografia,2024-01-20,0,Concluída,98.3,
M0002802,A00231,O20240148,2024,História,2024-02-11,0,Concluída,59.0,
M0002803,A00231,O20240152,2024,Inglês,2024-03-14,30,Concluída,49.3,
M0002804,A00231,O20240144,2024,Matemática,2024-04-10,10,Concluída,56.4,Indicação
M0002805,A00231,O20240150,2024,Português,2024-01-08,0,Trancada,38.3,Indicação
M0002806,A00231,O20240146,2024,Química,2024-01-02,25,Ativa,60.6,
M0002807,A00231,O20240151,2024,Redação,2024-02-27,50,concluida,48.4,Google
M0002808,A00231,O20240154,2024,Sociologia,2024-01-23,30,Concluída,87.9,Google
M0002809,A00232,O20220048,2022,Biologia,2022-04-10,15,,44.2,
M0002810,A00232,O20220054,2022,Filosofia,2022-01-09,0,Concluída,79.9,
M0002811,A00232,O20220046,2022,Física,03-09-2022,0,Concluída,52.2,Indicação
M0002812,A00232,O20220050,2022,Geografia,2022-02-27,0,Concluída,52.5,Instagram
M0002813,A00232,O20220049,2022,História,2022-04-10,20,Concluída,48.2,WhatsApp
M0002814,A00232,O20220053,2022,Inglês,2022-01-26,0,Ativa,33.9,Instagram
M0002815,A00232,O20220045,2022,Matemática,2022-02-24,50,Concluída,37.5,Feira escolar
M0002816,A00232,O20220051,2022,Português,2022-04-18,30,Concluída,61.3,WhatsApp
M0002817,A00232,O20220047,2022,Química,2022-01-11,,Trancada,81.8,Instagram
M0002818,A00232,O20220052,2022,REDAÇÃO,2022-02-23,0,Concluída,53.3,Feira escolar
M0002819,A00232,O20220055,2022,SOCIOLOGIA,2022-02-02,50,Concluída,85.9,Indicação
M0002820,A00232,O20230092,2023,Biologia,2023-03-19,20,Concluída,58.3,Google
M0002821,A00232,O20230090,2023,Física,2023-01-16,0,Concluída,62.9,Indicação
M0002822,A00232,O20230094,2023,Geografia,2023-01-15,50,Concluída,58.8,Instagram
M0002823,A00232,O20230093,2023,História,2023-02-28,25,Concluída,47.0,Instagram
M0002824,A00232,O20230097,2023,Inglês,2023-03-28,0,Ativa,71.9,Instagram
M0002825,A00232,O20230089,2023,MATEMÁTICA,2023-01-16,0,Concluída,33.3,Indicação
M0002826,A00232,O20230095,2023,Português,2023-02-16,0,,83.6,WhatsApp
M0002827,A00232,O20230091,2023,Química,2023-04-28,0,Concluída,66.5,Feira escolar
M0002828,A00232,O20230096,2023,Redação,2023-03-05,25,Trancada,66.5,
M0002829,A00232,O20230099,2023,Sociologia,2023-03-02,30,Concluída,54.7,Feira escolar
M0002830,A00232,O20240136,2024,Biologia,2024-04-13,0,Concluída,30.5,Feira escolar
M0002831,A00232,O20240142,2024,Filosofia,2024-04-06,0,Concluída,72.8,Google
M0002832,A00232,O20240134,2024,Física,2024-01-13,25,Concluída,50.5,Feira escolar
M0002833,A00232,O20240138,2024,Geografia,2024-02-11,15,Concluída,63.1,Instagram
M0002834,A00232,O20240141,2024,Inglês,2024-02-25,10,Ativa,39.0,WhatsApp
M0002835,A00232,O20240133,2024,Matemática,2024-04-11,25,Concluída,78.2,Indicação
M0002836,A00232,O20240139,2024,Português,2024-02-18,15,Concluída,93.9,Feira escolar
M0002837,A00232,O20240135,2024,Química,2024-02-23,0,Ativa,79.8,WhatsApp
M0002838,A00232,O20240140,2024,Redação,2024-02-27,15,Concluída,70.0,Indicação
M0002839,A00232,O20240143,2024,SOCIOLOGIA,2024-01-23,0,Ativa,55.8,Google
M0002840,A00233,O20240169,2024,Biologia,2024-01-16,10,Concluída,72.1,Indicação
M0002841,A00233,O20240175,2024,Filosofia,2024-03-24,30,Concluída,87.8,Google
M0002842,A00233,O20240167,2024,Física,2024-04-10,,Concluída,35.3,Feira escolar
M0002843,A00233,O20240171,2024,GEOGRAFIA,2024/04/03,0,Concluída,74.6,
M0002844,A00233,O20240174,2024,Inglês,2024-01-24,50,Concluída,70.4,Indicação
M0002845,A00233,O20240166,2024,Matemática,2024-02-16,10,Concluída,50.8,Google
M0002846,A00233,O20240172,2024,Português,2024-01-06,30,Ativa,60.8,Google
M0002847,A00233,O20240168,2024,Química,2024-01-16,50,Concluída,77.9,
M0002848,A00233,O20240173,2024,Redação,2024-03-07,30,Concluída,30.0,
M0002849,A00233,O20240176,2024,Sociologia,2024-03-06,15,Ativa,56.2,
M0002850,A00234,O20220048,2022,Biologia,2022-03-07,30,Concluída,71.2,Feira escolar
M0002851,A00234,O20220054,2022,Filosofia,02-23-2022,0,Concluída,73.2,Feira escolar
M0002852,A00234,O20220046,2022,Física,2022-03-09,20,Concluída,74.8,
M0002853,A00234,O20220050,2022,Geografia,2022-04-11,50,Concluída,76.3,Instagram
M0002854,A00234,O20220049,2022,História,2022-04-08,50,Concluída,33.0,Instagram
M0002855,A00234,O20220053,2022,Inglês,2022-04-08,25,Ativa,71.8,Feira escolar
M0002856,A00234,O20220045,2022,Matemática,2022-03-04,,Concluída,69.3,Indicação
M0002857,A00234,O20220051,2022,Português,14/01/2022,0,concluida,54.1,WhatsApp
M0002858,A00234,O20220047,2022,Química,2022-04-16,0,Ativa,64.6,Instagram
M0002859,A00234,O20220052,2022,Redação,2022-03-22,15,concluida,62.8,Google
M0002860,A00234,O20220055,2022,Sociologia,2022-01-21,25,Ativa,53.2,Indicação
M0002861,A00235,O20240134,2024,Física,2024-04-17,50,Concluída,67.0,WhatsApp
M0002862,A00235,O20240138,2024,Geografia,2024-01-23,10,Concluída,94.1,Instagram
M0002863,A00235,O20240137,2024,História,2024-04-26,0,Concluída,65.8,Indicação
M0002864,A00235,O20240141,2024,Inglês,2024-03-15,30,Concluída,46.9,Feira escolar
M0002865,A00235,O20240133,2024,Matemática,2024-01-22,0,Concluída,58.1,WhatsApp
M0002866,A00235,O20240139,2024,Português,2024-04-21,,Concluída,55.0,WhatsApp
M0002867,A00235,O20240140,2024,Redação,2024-03-08,0,Cancelada,27.2,Indicação
M0002868,A00236,O20230103,2023,Biologia,2023-01-27,20,Ativa,42.4,Feira escolar
M0002869,A00236,O20230109,2023,Filosofia,2023-04-08,15,Trancada,54.2,WhatsApp
M0002870,A00236,O20230101,2023,Física,2023-01-11,0,Cancelada,52.2,WhatsApp
M0002871,A00236,O20230105,2023,Geografia,2023-02-07,0,concluida,49.2,WhatsApp
M0002872,A00236,O20230104,2023,História,2023-01-21,30,,43.4,Feira escolar
M0002873,A00236,O20230108,2023,Inglês,2023-03-09,0,Concluída,48.4,Instagram
M0002874,A00236,O20230100,2023,Matemática,2023-02-07,15,concluida,62.7,Instagram
M0002875,A00236,O20230106,2023,Português,2023-04-11,50,Concluída,62.4,Instagram
M0002876,A00236,O20230102,2023,Química,2023-04-26,30,Concluída,35.4,Google
M0002877,A00236,O20230107,2023,Redação,04-18-2023,30,Concluída,65.4,Instagram
M0002878,A00236,O20230110,2023,Sociologia,01-15-2023,25,Ativa,41.4,Indicação
M0002879,A00236,O20240136,2024,BIOLOGIA,2024-03-03,50,Concluída,46.3,Indicação
M0002880,A00236,O20240142,2024,Filosofia,2024-01-18,25,Concluída,57.0,WhatsApp
M0002881,A00236,O20240134,2024,Física,2024-04-06,20,Trancada,61.2,Google
M0002882,A00236,O20240138,2024,Geografia,2024-01-08,,,63.6,Feira escolar
M0002883,A00236,O20240137,2024,História,2024-01-20,0,Concluída,49.3,Feira escolar
M0002884,A00236,O20240141,2024,Inglês,2024-04-19,50,Cancelada,75.7,WhatsApp
M0002885,A00236,O20240133,2024,Matemática,2024-04-28,15,Concluída,39.7,
M0002886,A00236,O20240139,2024,Português,2024-01-20,10,Concluída,54.6,Instagram
M0002887,A00236,O20240135,2024,Química,2024-03-08,0,concluida,48.9,
M0002888,A00236,O20240140,2024,Redação,2024-01-10,10,Concluída,72.3,Instagram
M0002889,A00237,O20210015,2021,Biologia,2021-02-03,25,Ativa,57.7,WhatsApp
M0002890,A00237,O20210021,2021,Filosofia,2021-04-09,0,Ativa,72.8,Indicação
M0002891,A00237,O20210013,2021,Física,2021-01-08,50,concluida,53.9,
M0002892,A00237,O20210017,2021,Geografia,2021-04-19,0,Concluída,46.3,WhatsApp
M0002893,A00237,O20210016,2021,História,2021-01-21,0,Concluída,57.7,Google
M0002894,A00237,O20210020,2021,Inglês,2021-01-02,0,Ativa,45.2,Indicação
M0002895,A00237,O20210012,2021,Matemática,2021-04-07,50,Concluída,37.0,Instagram
M0002896,A00237,O20210018,2021,Português,2021-01-20,50,Concluída,46.1,Google
M0002897,A00237,O20210014,2021,Química,2021-03-25,10,Concluída,67.3,Indicação
M0002898,A00237,O20210019,2021,Redação,2021-01-12,0,Concluída,50.0,WhatsApp
M0002899,A00237,O20210022,2021,Sociologia,2021-04-19,0,Concluída,71.9,Instagram
M0002900,A00238,O20250213,2025,Biologia,2025-03-13,0,Trancada,64.7,
M0002901,A00238,O20250219,2025,Filosofia,2025-02-19,50,Concluída,59.2,Indicação
M0002902,A00238,O20250211,2025,Física,2025-03-27,,Ativa,62.9,Instagram
M0002903,A00238,O20250215,2025,Geografia,2025-04-09,0,Trancada,30.9,WhatsApp
M0002904,A00238,O20250214,2025,Historia,2025-02-09,,Cancelada,47.9,WhatsApp
M0002905,A00238,O20250218,2025,Inglês,2025-02-05,0,Ativa,61.8,
M0002906,A00238,O20250210,2025,Matemática,2025-03-04,30,Concluída,61.1,
M0002907,A00238,O20250216,2025,Português,2025-02-21,,Concluída,65.2,Google
M0002908,A00238,O20250212,2025,Química,2025-04-16,,Ativa,28.9,Google
M0002909,A00238,O20250217,2025,Redação,2025-04-11,30,Concluída,57.1,Google
M0002910,A00238,O20250220,2025,Sociologia,2025-02-18,0,Concluída,63.4,Google
M0002911,A00239,O20230103,2023,Biologia,2023-04-08,30,Ativa,66.3,Google
M0002912,A00239,O20230101,2023,Fisica,2023-04-07,,Concluída,37.7,Feira escolar
M0002913,A00239,O20230105,2023,Geografia,2023-04-15,50,Concluída,73.6,
M0002914,A00239,O20230104,2023,História,2023-01-08,0,Concluída,61.4,Feira escolar
M0002915,A00239,O20230100,2023,Matemática,2023-03-16,10,Concluída,63.6,
M0002916,A00239,O20230106,2023,Português,2023-03-24,25,Ativa,45.5,Instagram
M0002917,A00239,O20230102,2023,Química,2023-02-06,0,Concluída,41.3,WhatsApp
M0002918,A00239,O20230107,2023,REDAÇÃO,2023-03-23,10,Ativa,67.2,Instagram
M0002919,A00240,O20220076,2022,Filosofia,2022-04-15,10,Concluída,56.2,Google
M0002920,A00240,O20220068,2022,Física,2022-03-12,50,Ativa,68.1,
M0002921,A00240,O20220071,2022,História,2022-03-24,10,Trancada,42.7,
M0002922,A00240,O20220075,2022,Inglês,01-10-2022,0,Concluída,40.7,
M0002923,A00240,O20220067,2022,Matemática,2022-02-23,30,Concluída,61.2,Indicação
M0002924,A00240,O20220073,2022,Português,2022-01-28,0,concluida,62.1,WhatsApp
M0002925,A00240,O20220074,2022,Redação,01-16-2022,0,Concluída,62.8,Instagram
M0002926,A00240,O20220077,2022,Sociologia,2022-01-03,0,Cancelada,63.7,
M0002927,A00240,O20230103,2023,Biologia,2023-02-06,30,Concluída,29.7,Feira escolar
M0002928,A00240,O20230109,2023,FILOSOFIA,2023/03/15,25,Concluída,57.5,WhatsApp
M0002929,A00240,O20230101,2023,Física,2023-03-23,0,Cancelada,52.0,Feira escolar
M0002930,A00240,O20230105,2023,Geografia,2023-04-28,25,Ativa,70.3,Instagram
M0002931,A00240,O20230104,2023,História,2023-02-08,30,Ativa,58.0,Instagram
M0002932,A00240,O20230108,2023,Inglês,2023-03-18,0,Ativa,52.7,Instagram
M0002933,A00240,O20230100,2023,Mat.,2023-03-01,25,Concluída,45.8,WhatsApp
M0002934,A00240,O20230106,2023,Português,2023-03-04,0,Ativa,49.3,WhatsApp
M0002935,A00240,O20230102,2023,Química,2023-04-04,15,Concluída,43.6,WhatsApp
M0002936,A00240,O20230107,2023,Redação,2023-01-13,,Concluída,54.2,Indicação
M0002937,A00240,O20230110,2023,Sociologia,2023-01-02,25,Ativa,44.7,Instagram
M0002938,A00241,O20210004,2021,Biologia,2021-04-08,0,Ativa,71.5,Indicação
M0002939,A00241,O20210010,2021,Filosofia,2021-01-07,10,Concluída,70.2,Instagram
M0002940,A00241,O20210002,2021,Física,2021-01-11,0,Ativa,38.4,Feira escolar
M0002941,A00241,O20210006,2021,GEOGRAFIA,2021-01-04,0,Concluída,57.7,Instagram
M0002942,A00241,O20210005,2021,História,2021-01-15,0,Concluída,60.0,Instagram
M0002943,A00241,O20210009,2021,Ingles,2021-03-21,25,Cancelada,64.8,Indicação
M0002944,A00241,O20210001,2021,Matemática,2021/04/03,0,Concluída,69.5,WhatsApp
M0002945,A00241,O20210007,2021,Português,2021-02-10,15,Concluída,68.2,Google
M0002946,A00241,O20210003,2021,Química,2021-01-02,0,Concluída,55.5,Instagram
M0002947,A00241,O20210008,2021,Redação,2021-04-11,10,Concluída,52.1,Feira escolar
M0002948,A00241,O20210011,2021,Sociologia,2021-02-10,0,Ativa,24.0,Indicação
M0002949,A00242,O20220070,2022,BIOLOGIA,2022-01-09,0,Concluída,76.6,
M0002950,A00242,O20220072,2022,Geografia,2022-01-28,25,Concluída,60.1,Feira escolar
M0002951,A00242,O20220067,2022,Matemática,2022-04-07,50,Concluída,60.7,
M0002952,A00242,O20220073,2022,Português,2022-02-10,0,Concluída,39.6,Google
M0002953,A00242,O20220069,2022,Química,2022-04-18,50,Ativa,58.7,Instagram
M0002954,A00242,O20220074,2022,Redação,2022-01-10,50,Ativa,61.6,WhatsApp
M0002955,A00242,O20220077,2022,Sociologia,2022-01-08,0,Ativa,56.5,Indicação
M0002956,A00243,O20230101,2023,Física,2023-03-05,10,Ativa,69.0,
M0002957,A00243,O20230104,2023,História,2023-02-16,50,Ativa,61.4,Instagram
M0002958,A00243,O20230108,2023,Inglês,2023-02-16,0,Concluída,30.1,Google
M0002959,A00243,O20230100,2023,Matemática,2023-03-25,0,Concluída,31.3,Google
M0002960,A00243,O20230106,2023,Português,2023-04-05,0,Concluída,71.4,
M0002961,A00243,O20230102,2023,Química,2023-04-03,10,Concluída,59.6,
M0002962,A00243,O20230107,2023,Redação,2023-01-20,0,Concluída,67.7,Indicação
M0002963,A00244,O20250191,2025,Biologia,2025-01-22,50,Concluída,47.5,WhatsApp
M0002964,A00244,O20250197,2025,Filosofia,2025-02-03,30,Concluída,58.1,
M0002965,A00244,O20250193,2025,Geografia,2025-04-07,0,concluida,72.9,Instagram
M0002966,A00244,O20250196,2025,Inglês,2025-02-03,10,Concluída,59.2,Indicação
M0002967,A00244,O20250188,2025,Matemática,2025-02-20,50,Concluída,35.0,Google
M0002968,A00244,O20250194,2025,Português,02-13-2025,0,Concluída,61.9,Feira escolar
M0002969,A00244,O20250190,2025,Química,2025-01-15,0,Concluída,32.5,Instagram
M0002970,A00244,O20250195,2025,Redação,2025-01-20,30,Concluída,62.2,Google
M0002971,A00244,O20250198,2025,Sociologia,2025-03-26,20,Concluída,49.2,Instagram
M0002972,A00245,O20230092,2023,Biologia,2023-01-18,15,Concluída,56.8,Instagram
M0002973,A00245,O20230098,2023,Filosofia,2023-04-11,20,Concluída,75.6,Instagram
M0002974,A00245,O20230090,2023,Física,2023-04-11,25,Concluída,45.6,
M0002975,A00245,O20230094,2023,Geografia,2023-02-18,50,concluida,35.3,Instagram
M0002976,A00245,O20230093,2023,História,2023-03-22,20,Concluída,77.0,
M0002977,A00245,O20230097,2023,Inglês,2023-01-12,30,,31.0,WhatsApp
M0002978,A00245,O20230089,2023,Matemática,2023-04-24,20,Concluída,68.7,Indicação
M0002979,A00245,O20230095,2023,Português,2023-04-27,15,Concluída,55.2,Instagram
M0002980,A00245,O20230091,2023,Química,2023-03-24,0,Concluída,52.5,
M0002981,A00245,O20230096,2023,Redação,2023-01-15,0,Concluída,66.9,Instagram
M0002982,A00245,O20230099,2023,Sociologia,2023-04-22,20,Concluída,55.6,WhatsApp
M0002983,A00246,O20220070,2022,Biologia,2022-01-23,0,Concluída,71.9,Feira escolar
M0002984,A00246,O20220076,2022,Filosofia,2022-04-13,50,Trancada,76.5,Instagram
M0002985,A00246,O20220067,2022,Matemática,2022-04-07,15,Concluída,42.6,Indicação
M0002986,A00246,O20220073,2022,Português,2022-02-17,10,Concluída,79.7,Indicação
M0002987,A00246,O20220069,2022,Química,2022-02-13,,Concluída,49.3,
M0002988,A00246,O20220074,2022,Redação,2022-01-05,50,Concluída,79.6,
M0002989,A00246,O20220077,2022,SOCIOLOGIA,2022-03-08,0,Concluída,57.3,Google
M0002990,A00247,O20240136,2024,BIOLOGIA,2024-03-24,20,Concluída,40.4,
M0002991,A00247,O20240142,2024,Filosofia,2024-01-16,25,Concluída,47.1,Feira escolar
M0002992,A00247,O20240137,2024,História,2024-03-01,0,Concluída,68.8,Google
M0002993,A00247,O20240133,2024,Matemática,2024-04-26,0,Concluída,65.4,
M0002994,A00247,O20240139,2024,Português,2024-04-23,15,Concluída,57.4,WhatsApp
M0002995,A00247,O20240135,2024,Química,2024-03-09,15,Concluída,43.4,Indicação
M0002996,A00247,O20240140,2024,Redação,2024-04-03,0,Cancelada,56.3,Indicação
M0002997,A00247,O20250202,2025,Biologia,2025-03-04,,Concluída,14.9,WhatsApp
M0002998,A00247,O20250200,2025,Física,2025-03-28,50,Concluída,48.6,Instagram
M0002999,A00247,O20250203,2025,História,2025-03-14,25,Concluída,64.7,Instagram
M0003000,A00247,O20250207,2025,Inglês,2025/01/05,0,Concluída,75.9,WhatsApp
M0003001,A00247,O20250199,2025,Matemática,2025-04-07,25,Concluída,59.9,WhatsApp
M0003002,A00247,O20250205,2025,Português,03-08-2025,0,Ativa,45.6,
M0003003,A00247,O20250201,2025,Química,2025-03-05,30,concluida,69.9,Indicação
M0003004,A00247,O20250206,2025,Redação,2025-01-13,25,Cancelada,56.2,Indicação
M0003005,A00248,O20210026,2021,Biologia,2021-02-07,15,Concluída,69.3,Google
M0003006,A00248,O20210032,2021,Filosofia,2021-03-28,0,Concluída,56.4,
M0003007,A00248,O20210024,2021,Física,2021-04-08,15,Concluída,59.9,Indicação
M0003008,A00248,O20210027,2021,História,2021-04-28,,Concluída,84.6,Feira escolar
M0003009,A00248,O20210023,2021,Matemática,2021-04-21,0,Concluída,51.7,Indicação
M0003010,A00248,O20210029,2021,Português,2021-03-03,,Ativa,47.8,
M0003011,A00248,O20210025,2021,Química,2021-02-03,0,Concluída,44.0,WhatsApp
M0003012,A00248,O20210030,2021,Redação,2021-01-01,50,Cancelada,44.6,Feira escolar
M0003013,A00248,O20210033,2021,Sociologia,27/02/2021,50,Concluída,69.3,Feira escolar
M0003014,A00249,O20220048,2022,BIOLOGIA,2022-04-16,50,Concluída,70.1,Feira escolar
M0003015,A00249,O20220054,2022,Filosofia,2022-03-16,0,Ativa,58.6,Instagram
M0003016,A00249,O20220050,2022,Geografia,2022-04-23,25,Concluída,56.3,Instagram
M0003017,A00249,O20220053,2022,Inglês,2022-04-26,,Cancelada,47.4,
M0003018,A00249,O20220045,2022,MATEMÁTICA,2022-04-03,,Ativa,60.6,Indicação
M0003019,A00249,O20220051,2022,Português,2022-03-27,30,Concluída,58.8,Google
M0003020,A00249,O20220052,2022,Redação,2022-03-05,30,Concluída,56.3,Google
M0003021,A00249,O20220055,2022,Sociologia,2022-03-01,0,Concluída,60.4,WhatsApp
M0003022,A00249,O20230114,2023,Biologia,2023-03-14,10,Concluída,66.1,Google
M0003023,A00249,O20230120,2023,Filosofia,2023-04-01,25,Concluída,47.7,WhatsApp
M0003024,A00249,O20230112,2023,Física,2023-03-12,20,Concluída,54.0,
M0003025,A00249,O20230116,2023,Geografia,2023-04-02,25,Concluída,51.7,
M0003026,A00249,O20230115,2023,História,2023-04-14,20,Concluída,56.1,WhatsApp
M0003027,A00249,O20230119,2023,Inglês,16/03/2023,50,Ativa,44.8,Feira escolar
M0003028,A00249,O20230111,2023,Matemática,2023-04-07,20,Concluída,86.4,Feira escolar
M0003029,A00249,O20230117,2023,Português,2023-04-28,0,Concluída,50.7,Feira escolar
M0003030,A00249,O20230113,2023,Química,2023-04-09,20,Concluída,76.7,Google
M0003031,A00249,O20230118,2023,Redação,2023-01-27,25,Concluída,54.0,Instagram
M0003032,A00249,O20230121,2023,Sociologia,2023-01-11,20,concluida,55.4,Feira escolar
M0003033,A00250,O20220081,2022,Biologia,2022-01-28,0,Concluída,68.0,Instagram
M0003034,A00250,O20220087,2022,Filosofia,2022/03/11,25,Concluída,83.1,WhatsApp
M0003035,A00250,O20220079,2022,Física,2022-03-28,25,Concluída,58.8,WhatsApp
M0003036,A00250,O20220082,2022,História,2022-02-03,20,Concluída,52.9,Feira escolar
M0003037,A00250,O20220086,2022,Inglês,2022-03-15,50,Concluída,77.3,Instagram
M0003038,A00250,O20220078,2022,Matemática,2022-03-24,10,Concluída,76.4,Google
M0003039,A00250,O20220084,2022,PORTUGUÊS,2022-03-11,,Ativa,41.6,Indicação
M0003040,A00250,O20220080,2022,Química,2022-04-27,15,concluida,66.8,
M0003041,A00250,O20220085,2022,Redação,2022-04-25,20,Concluída,52.4,Feira escolar
M0003042,A00250,O20220088,2022,Sociologia,2022-03-02,0,Ativa,25.0,Feira escolar
M0003043,A00250,O20230125,2023,Biologia,2023-04-11,15,Ativa,70.0,
M0003044,A00250,O20230131,2023,Filosofia,2023-02-10,30,Concluída,59.7,Feira escolar
M0003045,A00250,O20230123,2023,Física,2023-02-09,15,Ativa,55.0,Instagram
M0003046,A00250,O20230126,2023,História,2023-04-11,25,Ativa,70.5,Instagram
M0003047,A00250,O20230130,2023,Inglês,2023-03-11,20,Ativa,41.3,Google
M0003048,A00250,O20230122,2023,Matemática,2023-03-06,0,Concluída,61.1,Google
M0003049,A00250,O20230128,2023,PORTUGUÊS,2023-04-19,25,Concluída,103.8,WhatsApp
M0003050,A00250,O20230124,2023,Química,2023-02-07,25,Concluída,52.3,Instagram
M0003051,A00250,O20230129,2023,Redação,2023-01-23,20,Concluída,59.5,Instagram
M0003052,A00250,O20240147,2024,Biologia,2024-03-28,0,Concluída,73.7,
M0003053,A00250,O20240153,2024,FILOSOFIA,2024-02-15,0,Ativa,40.9,Feira escolar
M0003054,A00250,O20240145,2024,Física,01-18-2024,0,Concluída,56.4,Indicação
M0003055,A00250,O20240149,2024,Geografia,20/03/2024,50,Concluída,42.3,WhatsApp
M0003056,A00250,O20240152,2024,Inglês,2024-04-04,30,Concluída,71.4,Instagram
M0003057,A00250,O20240144,2024,Matemática,2024-01-13,10,Concluída,60.3,Google
M0003058,A00250,O20240150,2024,Português,2024-02-02,0,Concluída,52.0,
M0003059,A00250,O20240146,2024,Química,2024-02-20,50,Concluída,63.2,Instagram
M0003060,A00250,O20240151,2024,Redação,2024-02-23,0,Ativa,55.4,Google
M0003061,A00250,O20240154,2024,Sociologia,2024-02-25,50,Concluída,36.0,Google
M0003062,A00251,O20230092,2023,Biologia,2023-04-16,15,Concluída,35.3,Feira escolar
M0003063,A00251,O20230098,2023,Filosofia,2023-03-20,0,Concluída,74.4,Google
M0003064,A00251,O20230090,2023,Física,2023-03-22,30,Concluída,41.6,Feira escolar
M0003065,A00251,O20230093,2023,Historia,03-22-2023,20,Ativa,47.3,Google
M0003066,A00251,O20230089,2023,Matemática,2023-02-08,0,Concluída,39.2,Indicação
M0003067,A00251,O20230095,2023,Português,2023-01-12,30,Concluída,53.0,
M0003068,A00251,O20230091,2023,Química,2023-04-15,,Concluída,49.2,WhatsApp
M0003069,A00251,O20230096,2023,Redação,2023-03-18,0,Ativa,69.2,WhatsApp
M0003070,A00251,O20230099,2023,Sociologia,2023-01-11,30,Cancelada,58.7,Indicação
M0003071,A00252,O20250191,2025,Biologia,2025-04-27,25,Concluída,58.2,
M0003072,A00252,O20250189,2025,Física,2025-03-14,,Concluída,60.9,
M0003073,A00252,O20250193,2025,Geografia,2025-01-21,30,Concluída,50.5,
M0003074,A00252,O20250192,2025,História,2025-01-18,20,Concluída,71.6,Instagram
M0003075,A00252,O20250188,2025,Matemática,2025-04-01,10,Concluída,42.8,
M0003076,A00252,O20250194,2025,Português,2025-03-24,0,Concluída,68.8,Indicação
M0003077,A00252,O20250190,2025,Química,2025-02-24,50,Concluída,56.5,Indicação
M0003078,A00252,O20250195,2025,Redação,2025-03-21,0,concluida,38.8,Google
M0003079,A00252,O20250198,2025,Sociologia,2025-04-24,0,Concluída,58.7,Feira escolar
M0003080,A00253,O20250204,2025,Geografia,2025-03-12,25,Concluída,64.3,Feira escolar
M0003081,A00253,O20250203,2025,História,2025-04-17,10,Concluída,48.5,WhatsApp
M0003082,A00253,O20250207,2025,Inglês,2025-03-12,0,Trancada,46.4,Google
M0003083,A00253,O20250199,2025,Matemática,2025-02-05,0,Concluída,60.3,Google
M0003084,A00253,O20250205,2025,Português,2025-03-28,0,Cancelada,47.2,Indicação
M0003085,A00253,O20250206,2025,Redacao,2025-04-22,25,Ativa,54.0,Feira escolar
M0003086,A00253,O20250209,2025,Sociologia,2025-01-02,50,Ativa,56.4,
M0003087,A00254,O20250208,2025,Filosofia,2025-01-21,50,Ativa,74.2,Feira escolar
M0003088,A00254,O20250204,2025,Geografia,2025-01-17,15,Ativa,46.3,Feira escolar
M0003089,A00254,O20250203,2025,História,2025-01-02,0,Ativa,74.0,Feira escolar
M0003090,A00254,O20250207,2025,Inglês,2025-03-09,0,Concluída,40.0,Feira escolar
M0003091,A00254,O20250199,2025,Matemática,2025-03-13,30,Concluída,44.3,Instagram
M0003092,A00254,O20250205,2025,Português,2025-02-15,20,Cancelada,65.3,WhatsApp
M0003093,A00254,O20250201,2025,Química,2025-02-28,20,Ativa,66.9,Feira escolar
M0003094,A00254,O20250206,2025,Redação,2025-03-06,0,Concluída,61.8,Instagram
M0003095,A00255,O20230109,2023,Filosofia,2023-02-13,25,Concluída,47.6,Google
M0003096,A00255,O20230104,2023,História,2023-02-10,10,Concluída,64.0,Feira escolar
M0003097,A00255,O20230108,2023,Inglês,05/04/2023,15,Concluída,58.8,Feira escolar
M0003098,A00255,O20230100,2023,Matemática,2023-03-14,0,Trancada,45.4,Instagram
M0003099,A00255,O20230106,2023,Português,2023-02-06,0,Concluída,60.9,Feira escolar
M0003100,A00255,O20230107,2023,Redação,2023-02-08,50,Concluída,31.7,Google
M0003101,A00256,O20240153,2024,FILOSOFIA,2024-01-19,0,Ativa,66.4,Feira escolar
M0003102,A00256,O20240145,2024,Física,2024-01-02,20,Concluída,45.5,Instagram
M0003103,A00256,O20240152,2024,Inglês,2024-02-23,0,Ativa,100.1,WhatsApp
M0003104,A00256,O20240144,2024,Matemática,01-11-2024,15,Concluída,63.0,Instagram
M0003105,A00256,O20240150,2024,Português,2024-04-03,15,Concluída,66.3,Feira escolar
M0003106,A00256,O20240146,2024,Química,2024-03-21,10,Concluída,67.8,Indicação
M0003107,A00256,O20240151,2024,Redação,2024-04-11,,Concluída,62.1,WhatsApp
M0003108,A00256,O20240154,2024,Sociologia,2024-04-20,25,Concluída,55.9,WhatsApp
M0003109,A00256,O20250208,2025,Filosofia,2025-02-06,0,Ativa,77.3,Google
M0003110,A00256,O20250200,2025,Física,2025-04-15,10,Ativa,65.4,
M0003111,A00256,O20250204,2025,Geografia,2025-01-14,50,Concluída,67.0,
M0003112,A00256,O20250203,2025,História,2025-01-23,25,Concluída,61.3,
M0003113,A00256,O20250207,2025,Inglês,2025-03-22,0,Ativa,46.0,
M0003114,A00256,O20250199,2025,Matemática,2025-02-21,50,Concluída,68.5,Feira escolar
M0003115,A00256,O20250205,2025,Português,2025-04-08,0,concluida,44.6,Google
M0003116,A00256,O20250201,2025,Química,2025-04-09,20,Concluída,44.4,Feira escolar
M0003117,A00256,O20250206,2025,Redação,2025-01-10,30,Ativa,53.8,WhatsApp
M0003118,A00256,O20250209,2025,Sociologia,2025/03/01,30,Concluída,62.4,
M0003119,A00257,O20240136,2024,Biologia,2024-01-12,0,Concluída,77.8,Google
M0003120,A00257,O20240134,2024,Física,2024-03-08,15,Concluída,63.0,Google
M0003121,A00257,O20240138,2024,Geografia,2024-02-03,0,Concluída,61.3,Indicação
M0003122,A00257,O20240137,2024,História,2024-02-23,0,Cancelada,54.1,Indicação
M0003123,A00257,O20240141,2024,Inglês,2024-02-04,0,Concluída,89.0,
M0003124,A00257,O20240133,2024,Matemática,2024-02-11,20,Concluída,77.0,Feira escolar
M0003125,A00257,O20240139,2024,Português,2024-01-19,0,Concluída,68.9,Instagram
M0003126,A00257,O20240135,2024,Química,2024-02-12,25,Concluída,34.9,Instagram
M0003127,A00257,O20240140,2024,Redação,2024-01-25,0,Ativa,49.6,WhatsApp
M0003128,A00257,O20240143,2024,Sociologia,2024-04-25,30,Ativa,38.9,Instagram
M0003129,A00258,O20240147,2024,Biologia,2024-01-14,0,Concluída,66.2,Indicação
M0003130,A00258,O20240153,2024,Filosofia,2024-03-04,10,,62.4,Instagram
M0003131,A00258,O20240148,2024,História,2024-03-13,50,Concluída,45.9,Indicação
M0003132,A00258,O20240152,2024,Inglês,2024-02-22,0,Concluída,46.1,WhatsApp
M0003133,A00258,O20240144,2024,Matemática,2024-02-14,,Concluída,56.2,Google
M0003134,A00258,O20240150,2024,Português,2024-01-13,0,Ativa,29.2,Instagram
M0003135,A00258,O20240146,2024,QUÍMICA,2024-03-19,10,Concluída,51.9,Feira escolar
M0003136,A00258,O20240151,2024,Redação,2024-02-07,15,Concluída,81.9,Google
M0003137,A00259,O20250189,2025,Física,2025-03-04,0,Concluída,54.3,
M0003138,A00259,O20250192,2025,História,2025-02-10,0,Concluída,72.9,Google
M0003139,A00259,O20250196,2025,Inglês,2025-03-12,10,Ativa,59.4,Google
M0003140,A00259,O20250188,2025,Matemática,2025-01-23,,Concluída,71.8,Feira escolar
M0003141,A00259,O20250194,2025,Português,2025-03-12,30,Concluída,48.2,Feira escolar
M0003142,A00259,O20250195,2025,Redação,2025-01-27,10,Concluída,53.2,Google
M0003143,A00259,O20250198,2025,Sociologia,2025-02-12,0,Concluída,62.2,
M0003144,A00260,O20240136,2024,Biologia,16/02/2024,25,Concluída,76.4,WhatsApp
M0003145,A00260,O20240142,2024,Filosofia,2024-01-28,20,Concluída,44.1,
M0003146,A00260,O20240134,2024,Física,2024-01-22,25,,70.7,Indicação
M0003147,A00260,O20240138,2024,Geografia,2024-02-14,,Concluída,60.8,Instagram
M0003148,A00260,O20240137,2024,História,2024-04-04,30,concluida,68.3,Google
M0003149,A00260,O20240133,2024,Matemática,2024-03-22,0,Concluída,53.6,Instagram
M0003150,A00260,O20240139,2024,Português,23/03/2024,25,Ativa,58.0,
M0003151,A00260,O20240135,2024,Química,2024-04-28,25,Concluída,70.1,
M0003152,A00260,O20240140,2024,Redação,2024-03-01,10,Cancelada,71.6,WhatsApp
M0003153,A00260,O20240143,2024,Sociologia,2024-03-19,25,Concluída,48.7,Indicação
M0003154,A00261,O20250197,2025,Filosofia,2025-02-08,15,Concluída,39.1,
M0003155,A00261,O20250189,2025,Física,02-24-2025,0,Cancelada,68.6,Instagram
M0003156,A00261,O20250193,2025,Geografia,2025-02-14,20,Concluída,47.9,
M0003157,A00261,O20250192,2025,Historia,2025-03-26,30,Concluída,64.5,Instagram
M0003158,A00261,O20250196,2025,Inglês,2025-01-28,10,Concluída,42.2,Google
M0003159,A00261,O20250188,2025,Matemática,2025-03-11,30,Trancada,50.3,Instagram
M0003160,A00261,O20250194,2025,Português,2025-03-28,30,Concluída,72.3,Feira escolar
M0003161,A00261,O20250195,2025,Redação,2025-03-11,0,Concluída,41.5,Indicação
M0003162,A00261,O20250198,2025,Sociologia,2025-03-08,10,concluida,41.8,Instagram
M0003163,A00262,O20210015,2021,Biologia,10/02/2021,30,Cancelada,74.5,Indicação
M0003164,A00262,O20210021,2021,Filosofia,2021-01-28,25,Concluída,57.9,Indicação
M0003165,A00262,O20210013,2021,Física,2021-01-06,,Concluída,66.6,WhatsApp
M0003166,A00262,O20210017,2021,Geografia,2021-01-04,0,Concluída,49.4,Google
M0003167,A00262,O20210012,2021,Matemática,2021-01-07,0,Concluída,66.2,
M0003168,A00262,O20210018,2021,Português,2021-04-25,0,Concluída,50.9,Indicação
M0003169,A00262,O20210019,2021,Redação,04-20-2021,0,Concluída,51.5,Google
M0003170,A00263,O20250213,2025,Biologia,2025-04-09,25,Concluída,10.8,Google
M0003171,A00263,O20250219,2025,Filosofia,2025-01-24,0,Concluída,81.1,Instagram
M0003172,A00263,O20250211,2025,Física,2025-04-15,10,Concluída,57.9,WhatsApp
M0003173,A00263,O20250215,2025,Geografia,2025-02-23,30,Trancada,54.6,Feira escolar
M0003174,A00263,O20250214,2025,História,2025-02-11,0,Cancelada,57.3,Indicação
M0003175,A00263,O20250218,2025,Inglês,2025-04-07,20,Concluída,50.1,
M0003176,A00263,O20250210,2025,Mat.,2025-02-07,50,Concluída,60.5,WhatsApp
M0003177,A00263,O20250216,2025,Português,2025-01-11,0,Concluída,79.5,Google
M0003178,A00263,O20250212,2025,Química,2025-03-12,0,Concluída,68.1,Indicação
M0003179,A00263,O20250217,2025,Redação,2025-01-11,,Concluída,64.3,Feira escolar
M0003180,A00263,O20250220,2025,Sociologia,2025-02-08,25,Cancelada,44.4,Instagram
M0003181,A00264,O20220081,2022,Biologia,2022-03-28,,Concluída,51.5,Indicação
M0003182,A00264,O20220087,2022,Filosofia,2022-03-12,,Ativa,40.1,Google
M0003183,A00264,O20220079,2022,Física,2022-02-28,30,Concluída,71.1,Indicação
M0003184,A00264,O20220083,2022,Geografia,2022-01-11,0,Concluída,50.5,Feira escolar
M0003185,A00264,O20220082,2022,História,2022-02-09,15,Concluída,53.3,
M0003186,A00264,O20220086,2022,Inglês,2022-02-19,50,Concluída,28.0,Feira escolar
M0003187,A00264,O20220078,2022,Matemática,2022-04-11,15,Concluída,66.2,Google
M0003188,A00264,O20220084,2022,Português,2022-03-09,50,Concluída,51.7,Instagram
M0003189,A00264,O20220080,2022,Química,2022-02-15,0,Concluída,40.9,Feira escolar
M0003190,A00264,O20220085,2022,Redação,2022-04-02,30,Ativa,49.6,WhatsApp
M0003191,A00264,O20220088,2022,Sociologia,2022-03-17,50,Ativa,57.4,WhatsApp
M0003192,A00265,O20240158,2024,Biologia,2024-03-11,20,Concluída,63.9,WhatsApp
M0003193,A00265,O20240164,2024,Filosofia,2024-04-08,0,Cancelada,82.2,WhatsApp
M0003194,A00265,O20240156,2024,Física,2024-04-20,25,Concluída,52.6,Indicação
M0003195,A00265,O20240160,2024,Geografia,2024-02-25,0,Ativa,62.2,Instagram
M0003196,A00265,O20240159,2024,História,2024-01-08,0,Cancelada,81.0,WhatsApp
M0003197,A00265,O20240163,2024,Inglês,2024-04-24,15,Concluída,70.9,WhatsApp
M0003198,A00265,O20240155,2024,Matemática,2024/04/14,0,Concluída,75.1,Indicação
M0003199,A00265,O20240161,2024,Português,2024-01-16,50,Ativa,39.6,Feira escolar
M0003200,A00265,O20240157,2024,Química,2024-04-02,0,Concluída,46.1,Instagram
M0003201,A00265,O20240162,2024,Redação,2024-02-04,25,Concluída,36.6,Instagram
M0003202,A00265,O20240165,2024,Sociologia,09/01/2024,20,concluida,59.7,WhatsApp
M0003203,A00265,O20250202,2025,Biologia,2025-04-14,15,Concluída,63.9,Instagram
M0003204,A00265,O20250208,2025,Filosofia,2025-01-16,10,Concluída,62.5,
M0003205,A00265,O20250200,2025,Física,2025-02-09,25,Concluída,60.6,Feira escolar
M0003206,A00265,O20250204,2025,Geografia,01-04-2025,20,Concluída,56.5,
M0003207,A00265,O20250203,2025,Historia,2025-01-08,10,Concluída,52.5,
M0003208,A00265,O20250207,2025,Ingles,2025-04-26,15,Concluída,49.4,WhatsApp
M0003209,A00265,O20250199,2025,Matemática,2025-02-04,10,Concluída,60.8,Feira escolar
M0003210,A00265,O20250205,2025,Português,2025-04-27,0,concluida,63.8,Google
M0003211,A00265,O20250201,2025,Quimica,2025-01-07,10,Cancelada,30.2,WhatsApp
M0003212,A00265,O20250206,2025,Redação,2025-04-18,,Cancelada,72.1,Google
M0003213,A00265,O20250209,2025,Sociologia,01-15-2025,,Concluída,25.5,WhatsApp
M0003214,A00266,O20250202,2025,Biologia,2025-03-21,,Ativa,59.2,Feira escolar
M0003215,A00266,O20250208,2025,Filosofia,2025-02-09,0,Ativa,49.3,Google
M0003216,A00266,O20250200,2025,Física,2025-02-25,0,Ativa,41.9,Feira escolar
M0003217,A00266,O20250204,2025,Geografia,01-25-2025,0,Cancelada,69.7,Indicação
M0003218,A00266,O20250203,2025,História,2025-02-24,,Concluída,49.9,
M0003219,A00266,O20250199,2025,Matemática,2025-03-19,0,Concluída,58.3,Indicação
M0003220,A00266,O20250205,2025,Português,2025-02-18,30,Concluída,54.7,Instagram
M0003221,A00266,O20250206,2025,Redação,2025-02-04,,Concluída,52.1,Feira escolar
M0003222,A00266,O20250209,2025,Sociologia,2025-03-15,20,Concluída,50.2,WhatsApp
M0003223,A00267,O20240136,2024,Biologia,2024-02-11,10,Concluída,30.1,
M0003224,A00267,O20240142,2024,Filosofia,2024-04-07,50,Concluída,40.2,Instagram
M0003225,A00267,O20240134,2024,Física,2024-04-28,25,Ativa,51.3,Instagram
M0003226,A00267,O20240138,2024,Geografia,2024-01-27,25,Concluída,55.3,Instagram
M0003227,A00267,O20240137,2024,História,2024-01-28,0,Concluída,62.2,Indicação
M0003228,A00267,O20240141,2024,Inglês,2024-02-06,,Concluída,67.4,Instagram
M0003229,A00267,O20240133,2024,Matemática,2024-01-23,0,Ativa,79.0,
M0003230,A00267,O20240139,2024,Português,2024-03-18,,Ativa,46.3,Instagram
M0003231,A00267,O20240135,2024,Química,2024-02-20,0,Trancada,53.7,Google
M0003232,A00267,O20240140,2024,Redação,2024-01-17,0,Trancada,45.3,Indicação
M0003233,A00267,O20240143,2024,Sociologia,2024-04-10,30,Concluída,45.5,WhatsApp
M0003234,A00267,O20250213,2025,Biologia,2025-01-17,,concluida,36.1,Indicação
M0003235,A00267,O20250215,2025,Geografia,2025-02-10,15,Concluída,50.9,Instagram
M0003236,A00267,O20250214,2025,História,2025-03-04,50,Concluída,83.9,Google
M0003237,A00267,O20250210,2025,Matemática,2025-04-27,0,,56.4,Google
M0003238,A00267,O20250216,2025,Português,2025/04/03,15,Concluída,71.2,Google
M0003239,A00267,O20250212,2025,Química,2025-02-06,20,concluida,61.7,WhatsApp
M0003240,A00267,O20250217,2025,Redação,2025/02/03,0,Ativa,53.6,WhatsApp
M0003241,A00267,O20250220,2025,Sociologia,2025-03-27,0,Ativa,58.2,WhatsApp
M0003242,A00268,O20210010,2021,Filosofia,2021-03-13,25,Concluída,41.5,Indicação
M0003243,A00268,O20210005,2021,História,2021-02-09,50,Ativa,56.0,
M0003244,A00268,O20210009,2021,Inglês,2021-03-07,,Concluída,53.0,Feira escolar
M0003245,A00268,O20210001,2021,Matemática,2021-02-22,0,Cancelada,64.1,Indicação
M0003246,A00268,O20210007,2021,Português,2021-01-23,15,Ativa,69.0,Indicação
M0003247,A00268,O20210003,2021,Química,2021-03-08,25,concluida,64.2,Indicação
M0003248,A00268,O20210008,2021,Redação,2021-02-15,30,Cancelada,59.9,Google
M0003249,A00268,O20210011,2021,Sociologia,2021-02-07,10,Concluída,65.5,Indicação
M0003250,A00269,O20230092,2023,Biologia,2023-02-15,0,Trancada,60.4,
M0003251,A00269,O20230098,2023,Filosofia,2023-01-10,50,Concluída,61.6,WhatsApp
M0003252,A00269,O20230090,2023,Fisica,2023-02-15,15,Concluída,50.5,Instagram
M0003253,A00269,O20230093,2023,História,2023-04-21,20,Concluída,75.4,WhatsApp
M0003254,A00269,O20230097,2023,Inglês,2023-01-26,20,Concluída,78.2,Indicação
M0003255,A00269,O20230089,2023,Matemática,2023-01-09,30,Concluída,59.3,Instagram
M0003256,A00269,O20230095,2023,Portugues,2023-03-13,0,Concluída,69.6,Instagram
M0003257,A00269,O20230091,2023,Química,2023-03-01,10,Concluída,42.3,WhatsApp
M0003258,A00269,O20230096,2023,Redação,2023-01-12,0,Concluída,47.3,Google
M0003259,A00269,O20230099,2023,Sociologia,2023-03-24,,,64.0,WhatsApp
M0003260,A00270,O20240147,2024,Biologia,2024-01-06,50,Concluída,16.2,Indicação
M0003261,A00270,O20240153,2024,FILOSOFIA,2024-02-26,30,Concluída,64.2,WhatsApp
M0003262,A00270,O20240145,2024,Física,2024/02/23,0,Concluída,74.6,Indicação
M0003263,A00270,O20240149,2024,Geografia,04-13-2024,25,Concluída,50.7,Instagram
M0003264,A00270,O20240148,2024,História,2024/03/28,0,Concluída,41.9,
M0003265,A00270,O20240152,2024,Inglês,2024-03-23,10,Concluída,73.8,Instagram
M0003266,A00270,O20240144,2024,Matemática,2024-03-16,,Concluída,60.6,Indicação
M0003267,A00270,O20240150,2024,Português,2024-03-14,15,Ativa,47.3,Google
M0003268,A00270,O20240146,2024,Química,2024-02-13,,Concluída,76.8,
M0003269,A00270,O20240151,2024,Redação,2024-02-02,0,Concluída,21.0,Google
M0003270,A00270,O20240154,2024,Sociologia,2024-03-14,0,Concluída,59.4,Google
M0003271,A00271,O20240169,2024,Biologia,2024-02-10,0,Concluída,40.9,Indicação
M0003272,A00271,O20240167,2024,Física,2024-04-10,,Concluída,62.8,Google
M0003273,A00271,O20240171,2024,Geografia,2024-03-21,0,Concluída,67.5,
M0003274,A00271,O20240174,2024,Inglês,2024-01-15,0,Concluída,49.2,Indicação
M0003275,A00271,O20240166,2024,Matemática,2024-03-08,15,Ativa,50.6,Google
M0003276,A00271,O20240172,2024,Português,2024-01-24,20,Concluída,42.6,
M0003277,A00271,O20240173,2024,Redação,2024-04-06,50,Concluída,70.2,WhatsApp
M0003278,A00271,O20240176,2024,Sociologia,2024-03-21,30,Ativa,43.4,Indicação
M0003279,A00271,O20250202,2025,Biologia,2025-03-06,10,Concluída,50.7,Indicação
M0003280,A00271,O20250200,2025,Física,2025-01-08,0,Ativa,24.7,Google
M0003281,A00271,O20250203,2025,História,2025-03-28,0,Concluída,52.9,Instagram
M0003282,A00271,O20250207,2025,Inglês,2025-01-21,0,Concluída,45.9,Feira escolar
M0003283,A00271,O20250199,2025,Matemática,2025-02-20,30,Concluída,76.1,Indicação
M0003284,A00271,O20250205,2025,Português,2025-01-13,0,Cancelada,66.1,Google
M0003285,A00271,O20250206,2025,Redação,2025-04-28,0,Ativa,58.3,WhatsApp
M0003286,A00271,O20250209,2025,Sociologia,2025-04-24,25,Ativa,42.3,Indicação
M0003287,A00272,O20230114,2023,Biologia,2023-04-07,10,Concluída,82.8,Feira escolar
M0003288,A00272,O20230112,2023,Física,2023-01-10,25,Concluída,61.9,
M0003289,A00272,O20230116,2023,Geografia,2023-04-06,50,Concluída,57.9,Feira escolar
M0003290,A00272,O20230115,2023,História,2023/02/12,15,concluida,42.3,Indicação
M0003291,A00272,O20230111,2023,Matemática,2023-01-22,10,Concluída,79.6,WhatsApp
M0003292,A00272,O20230117,2023,Português,2023-02-28,20,Ativa,61.3,Feira escolar
M0003293,A00272,O20230113,2023,Química,2023-02-27,50,Concluída,39.4,WhatsApp
M0003294,A00272,O20230118,2023,Redação,2023-03-19,50,Concluída,63.6,
M0003295,A00272,O20230121,2023,Sociologia,2023-03-27,,Concluída,54.0,Feira escolar
M0003296,A00273,O20230103,2023,Biologia,2023-04-22,30,Concluída,52.3,Google
M0003297,A00273,O20230104,2023,História,2023-01-05,0,Concluída,69.8,WhatsApp
M0003298,A00273,O20230108,2023,Inglês,2023-01-24,25,Concluída,60.3,Instagram
M0003299,A00273,O20230100,2023,Matemática,2023-02-22,10,Concluída,65.9,Feira escolar
M0003300,A00273,O20230106,2023,Português,2023-02-23,0,Concluída,66.7,WhatsApp
M0003301,A00273,O20230102,2023,Química,2023-03-13,0,Concluída,67.8,Instagram
M0003302,A00273,O20230107,2023,Redação,2023-01-04,30,Concluída,54.0,Indicação
M0003303,A00273,O20230110,2023,SOCIOLOGIA,2023-02-28,0,concluida,66.7,Indicação
M0003304,A00274,O20250213,2025,Biologia,2025/01/01,0,Concluída,36.8,
M0003305,A00274,O20250219,2025,Filosofia,2025-03-07,0,Concluída,33.9,Indicação
M0003306,A00274,O20250211,2025,Física,2025/04/25,30,Concluída,74.7,Feira escolar
M0003307,A00274,O20250215,2025,Geografia,2025-04-17,50,Concluída,28.5,Google
M0003308,A00274,O20250214,2025,História,2025-02-10,0,concluida,51.2,Google
M0003309,A00274,O20250218,2025,Inglês,2025-04-01,10,,60.1,WhatsApp
M0003310,A00274,O20250210,2025,Matemática,2025-01-14,25,Ativa,61.3,Indicação
M0003311,A00274,O20250216,2025,Português,2025-01-03,0,Concluída,59.6,Instagram
M0003312,A00274,O20250212,2025,Química,2025-04-06,10,Concluída,62.8,
M0003313,A00274,O20250217,2025,Redação,2025-04-10,0,Cancelada,45.9,
M0003314,A00274,O20250220,2025,SOCIOLOGIA,2025-04-06,20,Ativa,61.2,Google
M0003315,A00275,O20210015,2021,Biologia,2021-04-19,20,Trancada,80.3,Google
M0003316,A00275,O20210021,2021,Filosofia,2021-03-13,,Concluída,72.7,Indicação
M0003317,A00275,O20210013,2021,Física,2021-03-19,30,Ativa,61.6,
M0003318,A00275,O20210017,2021,GEOGRAFIA,2021-01-18,,Ativa,41.6,
M0003319,A00275,O20210016,2021,História,2021-02-10,15,Concluída,71.4,Instagram
M0003320,A00275,O20210020,2021,Inglês,2021-02-18,10,Cancelada,56.6,
M0003321,A00275,O20210012,2021,MATEMÁTICA,2021-04-18,15,,44.4,Indicação
M0003322,A00275,O20210018,2021,Português,2021-02-06,25,Concluída,60.9,Indicação
M0003323,A00275,O20210014,2021,Química,2021-01-28,30,Concluída,54.9,Google
M0003324,A00275,O20210019,2021,Redação,2021-01-01,30,Concluída,38.6,WhatsApp
M0003325,A00275,O20210022,2021,Sociologia,2021/03/25,25,Concluída,78.7,Google
M0003326,A00275,O20220046,2022,Fisica,2022-04-03,0,Concluída,78.7,Feira escolar
M0003327,A00275,O20220050,2022,Geografia,2022-03-14,20,Concluída,35.3,WhatsApp
M0003328,A00275,O20220049,2022,História,2022-01-17,30,Ativa,70.0,Feira escolar
M0003329,A00275,O20220053,2022,Inglês,2022-04-22,10,Cancelada,63.0,Indicação
M0003330,A00275,O20220045,2022,Matemática,2022-04-16,15,Concluída,63.0,WhatsApp
M0003331,A00275,O20220051,2022,Português,2022-04-02,25,Concluída,71.3,Google
M0003332,A00275,O20220052,2022,Redação,2022-04-07,20,Ativa,59.6,Feira escolar
M0003333,A00275,O20220055,2022,Sociologia,2022-01-19,20,Concluída,73.3,Google
M0003334,A00276,O20230109,2023,Filosofia,2023-03-22,10,Ativa,46.2,Indicação
M0003335,A00276,O20230101,2023,Física,2023-02-27,0,Ativa,33.0,Instagram
M0003336,A00276,O20230105,2023,Geografia,2023-03-27,0,Ativa,56.2,
M0003337,A00276,O20230104,2023,História,2023-02-03,15,Cancelada,60.7,WhatsApp
M0003338,A00276,O20230108,2023,Inglês,2023-02-04,0,concluida,52.3,Feira escolar
M0003339,A00276,O20230100,2023,Matemática,2023/04/28,0,Concluída,68.1,Instagram
M0003340,A00276,O20230106,2023,Português,2023-04-24,0,Trancada,50.8,Feira escolar
M0003341,A00276,O20230102,2023,QUÍMICA,2023-02-04,25,Concluída,54.9,Instagram
M0003342,A00276,O20230107,2023,Redação,2023-02-19,10,Concluída,68.3,Feira escolar
M0003343,A00276,O20230110,2023,Sociologia,2023-02-15,50,Concluída,82.6,Feira escolar
M0003344,A00277,O20240158,2024,Biologia,2024-03-14,30,Concluída,81.8,Instagram
M0003345,A00277,O20240164,2024,Filosofia,2024-04-17,0,Concluída,54.3,
M0003346,A00277,O20240156,2024,Física,17/04/2024,50,Concluída,31.3,Indicação
M0003347,A00277,O20240159,2024,História,2024-02-10,10,Concluída,66.2,
M0003348,A00277,O20240163,2024,Inglês,2024-02-10,50,Concluída,52.8,WhatsApp
M0003349,A00277,O20240155,2024,Matematica,01/01/2024,15,Concluída,68.8,
M0003350,A00277,O20240161,2024,Português,2024-01-17,25,Concluída,72.3,
M0003351,A00277,O20240157,2024,Química,2024-04-23,0,Concluída,31.7,Indicação
M0003352,A00277,O20240162,2024,Redação,2024-03-19,10,Concluída,56.1,Indicação
M0003353,A00277,O20240165,2024,Sociologia,2024-04-19,0,Cancelada,57.8,WhatsApp
M0003354,A00278,O20240158,2024,Biologia,2024-02-17,50,Concluída,60.2,
M0003355,A00278,O20240164,2024,Filosofia,2024-03-28,20,Concluída,72.9,Instagram
M0003356,A00278,O20240156,2024,Física,10/02/2024,0,Ativa,53.2,Feira escolar
M0003357,A00278,O20240163,2024,Inglês,2024-03-02,10,Trancada,64.0,
M0003358,A00278,O20240155,2024,Matemática,2024-03-03,,Trancada,75.8,Instagram
M0003359,A00278,O20240161,2024,Português,2024-04-17,30,Concluída,51.8,
M0003360,A00278,O20240157,2024,Química,2024-02-08,30,Concluída,61.1,Feira escolar
M0003361,A00278,O20240162,2024,Redação,07/02/2024,15,Ativa,65.0,Google
M0003362,A00278,O20240165,2024,Sociologia,2024-03-25,10,,52.6,
M0003363,A00279,O20230103,2023,Biologia,2023-03-10,,Concluída,46.1,Instagram
M0003364,A00279,O20230109,2023,Filosofia,2023-03-17,0,Concluída,44.6,WhatsApp
M0003365,A00279,O20230101,2023,Física,2023-02-12,,Concluída,62.8,Feira escolar
M0003366,A00279,O20230104,2023,História,2023-01-24,0,Concluída,72.0,Instagram
M0003367,A00279,O20230100,2023,Matemática,2023-03-01,50,Concluída,10.6,Google
M0003368,A00279,O20230106,2023,Português,2023-03-06,0,Trancada,57.1,Feira escolar
M0003369,A00279,O20230102,2023,Química,2023-04-20,0,Concluída,40.3,Indicação
M0003370,A00279,O20230107,2023,Redação,2023-04-16,20,Ativa,60.2,Indicação
M0003371,A00279,O20230110,2023,Sociologia,2023-01-05,30,Ativa,39.6,WhatsApp
M0003372,A00280,O20210037,2021,Biologia,2021/04/17,15,Concluída,63.9,Feira escolar
M0003373,A00280,O20210043,2021,Filosofia,2021-03-20,30,Concluída,54.7,
M0003374,A00280,O20210035,2021,Física,2021-02-20,25,Concluída,43.5,Indicação
M0003375,A00280,O20210039,2021,GEOGRAFIA,2021-02-18,50,Cancelada,43.2,Feira escolar
M0003376,A00280,O20210042,2021,Inglês,2021-01-19,25,Concluída,44.3,Instagram
M0003377,A00280,O20210034,2021,Matemática,2021-01-06,30,Concluída,47.5,Indicação
M0003378,A00280,O20210040,2021,Portugues,2021-02-01,30,Concluída,70.5,WhatsApp
M0003379,A00280,O20210036,2021,Química,2021-01-27,0,Ativa,69.6,Google
M0003380,A00280,O20210041,2021,Redação,2021-02-21,20,Concluída,38.6,Feira escolar
M0003381,A00280,O20210044,2021,Sociologia,2021-04-12,0,Cancelada,33.0,WhatsApp
M0003382,A00281,O20250202,2025,Biologia,2025-03-11,10,Trancada,25.7,Indicação
M0003383,A00281,O20250208,2025,Filosofia,2025-01-16,0,Cancelada,41.1,Feira escolar
M0003384,A00281,O20250200,2025,Física,2025-03-27,0,Concluída,48.2,Feira escolar
M0003385,A00281,O20250204,2025,Geografia,2025-01-16,30,Concluída,58.3,Indicação
M0003386,A00281,O20250203,2025,História,2025-03-01,20,Concluída,71.0,WhatsApp
M0003387,A00281,O20250199,2025,Matemática,2025-01-28,25,Ativa,64.1,Instagram
M0003388,A00281,O20250205,2025,Português,2025-03-19,25,Concluída,59.0,
M0003389,A00281,O20250206,2025,Redação,2025-04-18,20,Concluída,45.0,WhatsApp
M0003390,A00281,O20250209,2025,Sociologia,2025-02-27,15,Concluída,63.6,Feira escolar
M0003391,A00282,O20220070,2022,Biologia,19/04/2022,0,Concluída,47.7,
M0003392,A00282,O20220068,2022,Física,2022-03-16,0,Concluída,55.0,Feira escolar
M0003393,A00282,O20220072,2022,Geografia,2022/04/20,,Concluída,83.9,WhatsApp
M0003394,A00282,O20220071,2022,História,2022-02-27,0,Ativa,66.9,WhatsApp
M0003395,A00282,O20220075,2022,Inglês,2022-03-27,0,Concluída,45.1,Feira escolar
M0003396,A00282,O20220067,2022,Matemática,2022-01-01,10,Ativa,75.8,Google
M0003397,A00282,O20220073,2022,Português,2022-02-27,,Ativa,49.7,WhatsApp
M0003398,A00282,O20220069,2022,Química,2022-04-11,0,Concluída,50.8,Instagram
M0003399,A00282,O20220074,2022,Redação,2022-04-22,50,Concluída,41.5,Feira escolar
M0003400,A00282,O20220077,2022,Sociologia,2022-02-15,50,concluida,42.2,Feira escolar
M0003401,A00283,O20220054,2022,Filosofia,2022-04-22,50,Concluída,52.6,
M0003402,A00283,O20220046,2022,Física,2022-03-18,25,Cancelada,77.5,Instagram
M0003403,A00283,O20220050,2022,Geografia,2022-04-27,25,Concluída,47.3,Indicação
M0003404,A00283,O20220049,2022,História,01-21-2022,25,Cancelada,41.0,Feira escolar
M0003405,A00283,O20220053,2022,Inglês,2022-01-16,20,Ativa,64.7,
M0003406,A00283,O20220045,2022,Matemática,2022-04-05,0,Concluída,67.6,
M0003407,A00283,O20220051,2022,Português,2022-04-18,0,Concluída,57.4,Indicação
M0003408,A00283,O20220047,2022,Química,2022-03-23,,Trancada,47.7,WhatsApp
M0003409,A00283,O20220052,2022,Redação,2022-02-05,0,Concluída,44.4,
M0003410,A00283,O20220055,2022,Sociologia,2022-01-17,15,Concluída,62.3,Google
M0003411,A00283,O20230103,2023,Biologia,2023-04-26,50,Concluída,61.0,Indicação
M0003412,A00283,O20230109,2023,Filosofia,2023-02-01,,Concluída,55.6,WhatsApp
M0003413,A00283,O20230101,2023,Física,2023-03-12,30,Cancelada,42.4,Google
M0003414,A00283,O20230105,2023,Geografia,2023-02-15,25,Concluída,77.9,Google
M0003415,A00283,O20230104,2023,História,13/01/2023,10,Concluída,47.8,
M0003416,A00283,O20230108,2023,Inglês,2023-04-12,25,Concluída,31.3,Google
M0003417,A00283,O20230100,2023,Matemática,2023-03-15,25,concluida,55.2,Google
M0003418,A00283,O20230106,2023,Português,2023-04-08,0,,53.9,Feira escolar
M0003419,A00283,O20230102,2023,Química,2023-04-13,25,Concluída,68.4,Google
M0003420,A00283,O20230107,2023,Redação,2023-01-15,0,Trancada,67.6,
M0003421,A00283,O20230110,2023,Sociologia,2023-01-15,0,Concluída,47.4,WhatsApp
M0003422,A00283,O20240158,2024,Biologia,2024-03-13,0,concluida,69.1,
M0003423,A00283,O20240164,2024,FILOSOFIA,2024-03-03,,Ativa,44.4,Instagram
M0003424,A00283,O20240156,2024,Física,2024-04-17,20,Concluída,29.9,
M0003425,A00283,O20240160,2024,Geografia,2024-02-28,30,Cancelada,70.6,Google
M0003426,A00283,O20240163,2024,Inglês,2024-02-01,0,Concluída,54.3,Google
M0003427,A00283,O20240155,2024,Matemática,2024-03-10,25,Cancelada,34.3,WhatsApp
M0003428,A00283,O20240161,2024,Português,2024-03-28,10,Ativa,46.8,Feira escolar
M0003429,A00283,O20240162,2024,Redação,2024-01-18,15,Concluída,85.0,Indicação
M0003430,A00283,O20240165,2024,Sociologia,2024-01-16,10,Concluída,41.9,WhatsApp
M0003431,A00284,O20230109,2023,Filosofia,2023-02-18,0,Ativa,47.2,Instagram
M0003432,A00284,O20230101,2023,Física,2023-04-19,0,Concluída,70.7,Indicação
M0003433,A00284,O20230105,2023,Geografia,2023-03-12,0,Concluída,51.8,Feira escolar
M0003434,A00284,O20230104,2023,História,2023-02-27,20,Concluída,54.9,Feira escolar
M0003435,A00284,O20230108,2023,Inglês,2023-01-02,15,Concluída,59.4,
M0003436,A00284,O20230100,2023,Matemática,2023-01-22,,Concluída,50.4,WhatsApp
M0003437,A00284,O20230106,2023,Português,2023-02-26,20,Concluída,58.0,
M0003438,A00284,O20230102,2023,Quimica,2023-03-13,15,Ativa,59.0,Indicação
M0003439,A00284,O20230107,2023,Redação,01-23-2023,,Ativa,58.6,Feira escolar
M0003440,A00285,O20250208,2025,Filosofia,20/03/2025,30,Ativa,54.7,WhatsApp
M0003441,A00285,O20250204,2025,Geografia,2025-01-06,10,Concluída,61.9,Instagram
M0003442,A00285,O20250203,2025,História,2025-04-03,25,Concluída,59.0,Instagram
M0003443,A00285,O20250207,2025,Inglês,2025-02-20,30,Ativa,61.8,Feira escolar
M0003444,A00285,O20250199,2025,Matemática,2025-01-09,50,,58.3,Feira escolar
M0003445,A00285,O20250205,2025,Português,2025-03-08,20,Concluída,71.5,Indicação
M0003446,A00285,O20250201,2025,Química,2025-01-20,0,Ativa,38.5,Google
M0003447,A00285,O20250206,2025,Redação,2025-01-09,15,concluida,56.9,WhatsApp
M0003448,A00285,O20250209,2025,Sociologia,2025-02-26,,Cancelada,50.0,Google
M0003449,A00286,O20250186,2025,Filosofia,2025-03-15,0,,67.9,Indicação
M0003450,A00286,O20250182,2025,Geografia,2025-03-09,50,Ativa,29.1,Instagram
M0003451,A00286,O20250185,2025,Inglês,01-24-2025,25,Trancada,88.2,Google
M0003452,A00286,O20250177,2025,Matemática,2025-02-26,30,Concluída,52.7,Indicação
M0003453,A00286,O20250183,2025,PORTUGUÊS,2025-03-13,0,Concluída,70.9,
M0003454,A00286,O20250179,2025,Química,2025/01/12,0,Ativa,65.4,
M0003455,A00286,O20250184,2025,Redação,2025-03-28,0,Ativa,53.1,
M0003456,A00287,O20240153,2024,Filosofia,2024-04-25,0,Concluída,34.3,WhatsApp
M0003457,A00287,O20240145,2024,Física,2024-03-03,0,concluida,69.4,Indicação
M0003458,A00287,O20240149,2024,Geografia,2024-02-18,0,Concluída,45.8,Google
M0003459,A00287,O20240148,2024,História,2024-01-10,20,Ativa,38.9,Instagram
M0003460,A00287,O20240152,2024,Inglês,2024-01-15,15,Concluída,69.4,Instagram
M0003461,A00287,O20240144,2024,Mat.,2024-01-15,15,Ativa,23.0,WhatsApp
M0003462,A00287,O20240150,2024,Português,2024-01-07,0,Cancelada,55.9,WhatsApp
M0003463,A00287,O20240146,2024,Química,2024-04-27,0,Cancelada,69.7,Feira escolar
M0003464,A00287,O20240151,2024,Redação,2024-03-25,,Cancelada,77.2,Google
M0003465,A00287,O20240154,2024,Sociologia,02-08-2024,0,Concluída,43.2,Google
M0003466,A00288,O20210010,2021,Filosofia,2021-03-27,0,Concluída,73.8,Instagram
M0003467,A00288,O20210002,2021,Física,2021-04-04,30,Concluída,58.5,
M0003468,A00288,O20210005,2021,História,2021-01-10,15,Concluída,68.6,Feira escolar
M0003469,A00288,O20210009,2021,Inglês,2021-04-06,0,Concluída,55.3,WhatsApp
M0003470,A00288,O20210001,2021,Matemática,2021-04-07,50,Concluída,50.2,
M0003471,A00288,O20210007,2021,Português,02-28-2021,10,Concluída,58.1,Google
M0003472,A00288,O20210003,2021,Química,2021-01-26,0,Concluída,32.9,WhatsApp
M0003473,A00288,O20210008,2021,Redação,2021-01-09,15,Concluída,45.9,Google
M0003474,A00288,O20220081,2022,Biologia,2022-03-02,15,Concluída,51.7,Instagram
M0003475,A00288,O20220079,2022,Física,2022-04-15,10,Concluída,63.0,Instagram
M0003476,A00288,O20220083,2022,Geografia,2022-04-10,0,Concluída,49.1,Instagram
M0003477,A00288,O20220082,2022,Historia,2022-03-23,20,Concluída,77.2,Feira escolar
M0003478,A00288,O20220086,2022,Inglês,2022-03-04,,Concluída,84.2,Instagram
M0003479,A00288,O20220078,2022,Matemática,2022-04-23,0,Concluída,98.8,Google
M0003480,A00288,O20220084,2022,Português,23/01/2022,25,Concluída,47.8,Indicação
M0003481,A00288,O20220080,2022,Quimica,2022-04-14,20,Cancelada,70.7,Feira escolar
M0003482,A00288,O20220085,2022,REDAÇÃO,2022-01-24,0,Concluída,44.4,Google
M0003483,A00288,O20220088,2022,Sociologia,2022-03-08,25,Concluída,52.2,Instagram
M0003484,A00289,O20210004,2021,Biologia,2021-04-02,50,Concluída,54.5,
M0003485,A00289,O20210010,2021,Filosofia,2021-04-23,25,concluida,56.8,
M0003486,A00289,O20210002,2021,FÍSICA,2021-04-20,0,Concluída,59.8,Instagram
M0003487,A00289,O20210006,2021,Geografia,2021-03-27,25,Trancada,27.5,Instagram
M0003488,A00289,O20210009,2021,Inglês,2021-03-14,30,Concluída,57.1,
M0003489,A00289,O20210001,2021,Matemática,2021-02-13,10,Concluída,66.8,
M0003490,A00289,O20210007,2021,Português,2021-04-26,15,Concluída,64.5,Google
M0003491,A00289,O20210003,2021,Química,2021-02-15,0,Concluída,60.2,Indicação
M0003492,A00289,O20210008,2021,Redação,2021-01-25,0,Concluída,44.6,Google
M0003493,A00289,O20210011,2021,Sociologia,2021-04-27,20,Concluída,71.0,Instagram
M0003494,A00290,O20250186,2025,Filosofia,2025-02-24,10,Concluída,69.8,Google
M0003495,A00290,O20250178,2025,Física,2025-04-03,30,Concluída,48.1,WhatsApp
M0003496,A00290,O20250182,2025,Geografia,2025-04-16,15,Concluída,46.3,
M0003497,A00290,O20250181,2025,História,2025-03-05,0,Concluída,38.5,Google
M0003498,A00290,O20250185,2025,Inglês,2025-01-17,25,Ativa,52.5,Instagram
M0003499,A00290,O20250177,2025,Matemática,2025-01-02,0,Ativa,49.6,
M0003500,A00290,O20250183,2025,Português,2025-01-05,50,Concluída,78.9,Feira escolar
M0003501,A00290,O20250184,2025,Redação,2025-02-02,15,Concluída,80.6,Google
M0003502,A00290,O20250187,2025,SOCIOLOGIA,2025-03-01,0,Ativa,55.2,Indicação
M0003503,A00291,O20220057,2022,FÍSICA,2022-02-22,,Concluída,51.5,Instagram
M0003504,A00291,O20220061,2022,Geografia,2022-02-22,20,Ativa,68.8,
M0003505,A00291,O20220060,2022,História,2022-01-10,15,Ativa,48.0,Indicação
M0003506,A00291,O20220064,2022,Inglês,2022-04-13,0,Ativa,57.4,Google
M0003507,A00291,O20220056,2022,Matemática,04-26-2022,,Concluída,32.8,
M0003508,A00291,O20220062,2022,Português,2022-01-25,,Ativa,45.5,Instagram
M0003509,A00291,O20220058,2022,QUÍMICA,2022-01-20,0,concluida,52.7,Instagram
M0003510,A00291,O20220063,2022,Redação,2022/04/27,25,Concluída,81.3,Instagram
M0003511,A00292,O20230103,2023,Biologia,2023-02-07,50,Concluída,70.1,Instagram
M0003512,A00292,O20230101,2023,Física,2023-01-27,10,Concluída,56.5,Instagram
M0003513,A00292,O20230105,2023,Geografia,2023-04-04,,Concluída,86.7,
M0003514,A00292,O20230104,2023,Historia,2023-01-11,,Concluída,72.0,Instagram
M0003515,A00292,O20230100,2023,Matemática,2023-01-11,0,Cancelada,65.8,
M0003516,A00292,O20230106,2023,Português,2023-03-04,20,Concluída,64.5,Instagram
M0003517,A00292,O20230107,2023,Redação,2023-04-07,0,Concluída,67.7,WhatsApp
M0003518,A00292,O20230110,2023,Sociologia,2023-04-07,30,Concluída,61.5,Google
M0003519,A00293,O20230103,2023,Biologia,2023-03-17,20,Concluída,49.1,Indicação
M0003520,A00293,O20230109,2023,Filosofia,2023-01-02,20,Concluída,81.6,Feira escolar
M0003521,A00293,O20230101,2023,Física,2023-04-26,30,Concluída,67.6,Instagram
M0003522,A00293,O20230105,2023,Geografia,2023-01-19,15,Concluída,45.8,
M0003523,A00293,O20230104,2023,História,2023-04-04,15,Ativa,76.5,Indicação
M0003524,A00293,O20230108,2023,Inglês,2023-04-28,15,Concluída,46.7,Instagram
M0003525,A00293,O20230100,2023,Matemática,2023-03-15,,Concluída,82.1,Instagram
M0003526,A00293,O20230106,2023,Português,2023-01-24,30,Concluída,64.5,
M0003527,A00293,O20230102,2023,Química,2023-03-05,0,Trancada,61.7,Feira escolar
M0003528,A00293,O20230107,2023,Redação,2023-02-18,50,Concluída,52.9,Google
M0003529,A00294,O20210004,2021,Biologia,2021-04-24,50,Concluída,87.9,Indicação
M0003530,A00294,O20210010,2021,Filosofia,2021-04-16,15,Concluída,64.9,
M0003531,A00294,O20210002,2021,Física,2021-03-17,,Concluída,37.1,
M0003532,A00294,O20210006,2021,GEOGRAFIA,2021-04-24,,Concluída,59.0,Indicação
M0003533,A00294,O20210009,2021,Inglês,2021-04-15,50,Concluída,67.7,Google
M0003534,A00294,O20210001,2021,Matemática,2021-03-25,0,Ativa,55.0,
M0003535,A00294,O20210007,2021,Português,2021-04-13,25,Cancelada,50.1,Google
M0003536,A00294,O20210003,2021,Química,2021-01-23,,Concluída,57.7,
M0003537,A00294,O20210008,2021,Redação,2021-03-23,,Concluída,41.1,Google
M0003538,A00295,O20210002,2021,Física,2021-01-04,50,Cancelada,48.1,Feira escolar
M0003539,A00295,O20210006,2021,Geografia,2021-03-28,0,Concluída,70.6,Indicação
M0003540,A00295,O20210005,2021,História,2021-01-19,20,Concluída,45.9,Instagram
M0003541,A00295,O20210009,2021,Inglês,2021-02-10,0,Concluída,53.3,Feira escolar
M0003542,A00295,O20210001,2021,Matemática,2021-02-15,15,Concluída,43.8,WhatsApp
M0003543,A00295,O20210007,2021,Português,2021-01-25,0,Concluída,55.1,Instagram
M0003544,A00295,O20210003,2021,Química,2021-03-17,50,Concluída,51.0,Google
M0003545,A00295,O20210008,2021,Redação,2021-04-26,50,Concluída,65.3,
M0003546,A00296,O20210037,2021,Biologia,2021-04-08,0,Concluída,54.2,Instagram
M0003547,A00296,O20210043,2021,Filosofia,2021-01-20,20,Cancelada,71.6,Google
M0003548,A00296,O20210035,2021,Física,2021-02-10,10,Ativa,75.2,Indicação
M0003549,A00296,O20210039,2021,Geografia,2021-04-11,0,Concluída,53.8,Google
M0003550,A00296,O20210042,2021,Inglês,2021-01-28,10,Concluída,67.4,Google
M0003551,A00296,O20210034,2021,Matemática,2021-02-02,30,Concluída,54.6,WhatsApp
M0003552,A00296,O20210040,2021,Português,2021-04-18,0,Concluída,48.7,Indicação
M0003553,A00296,O20210041,2021,Redação,2021-03-03,20,Ativa,50.9,WhatsApp
M0003554,A00296,O20220065,2022,Filosofia,2022/02/21,15,,69.3,Instagram
M0003555,A00296,O20220057,2022,Física,2022-01-26,25,Concluída,42.1,WhatsApp
M0003556,A00296,O20220061,2022,Geografia,2022-02-02,25,Concluída,52.3,Feira escolar
M0003557,A00296,O20220060,2022,História,2022/01/10,25,Ativa,55.0,Google
M0003558,A00296,O20220064,2022,Inglês,2022-03-20,25,Trancada,60.2,
M0003559,A00296,O20220056,2022,Matemática,2022-02-10,0,Concluída,44.0,Feira escolar
M0003560,A00296,O20220062,2022,Português,2022-01-03,0,Concluída,56.9,WhatsApp
M0003561,A00296,O20220058,2022,Química,2022-02-28,30,Concluída,37.7,
M0003562,A00296,O20220063,2022,Redação,2022-01-07,15,Concluída,50.2,Google
M0003563,A00296,O20220066,2022,Sociologia,2022-01-22,15,Concluída,75.9,WhatsApp
M0003564,A00297,O20250202,2025,Biologia,2025-02-16,15,Concluída,52.4,Google
M0003565,A00297,O20250200,2025,FÍSICA,2025-02-12,25,Ativa,65.4,Instagram
M0003566,A00297,O20250204,2025,Geografia,2025-01-02,10,Concluída,36.1,Google
M0003567,A00297,O20250199,2025,Matemática,2025/03/01,30,Concluída,36.4,Google
M0003568,A00297,O20250205,2025,Português,2025-04-28,0,Concluída,40.9,WhatsApp
M0003569,A00297,O20250201,2025,Química,2025-03-01,15,concluida,49.5,Google
M0003570,A00297,O20250206,2025,Redação,2025-01-25,0,Concluída,42.0,Indicação
M0003571,A00297,O20250209,2025,Sociologia,2025-04-23,10,Concluída,33.1,Indicação
M0003572,A00298,O20230103,2023,Biologia,2023-04-12,15,Concluída,66.8,Indicação
M0003573,A00298,O20230109,2023,Filosofia,2023-03-28,25,Concluída,69.7,WhatsApp
M0003574,A00298,O20230101,2023,Física,2023-02-11,25,Trancada,64.6,WhatsApp
M0003575,A00298,O20230108,2023,Inglês,2023-02-07,30,Trancada,30.7,Indicação
M0003576,A00298,O20230100,2023,Matemática,2023-02-07,,Concluída,43.7,Indicação
M0003577,A00298,O20230106,2023,Português,28/02/2023,50,Concluída,62.2,
M0003578,A00298,O20230107,2023,Redação,2023-03-11,25,Concluída,54.6,WhatsApp
M0003579,A00298,O20230110,2023,Sociologia,2023-04-27,0,Ativa,34.1,Google
M0003580,A00299,O20220070,2022,BIOLOGIA,2022-02-09,,Concluída,63.5,
M0003581,A00299,O20220076,2022,Filosofia,2022-02-02,50,Ativa,74.8,Feira escolar
M0003582,A00299,O20220068,2022,Física,2022-02-21,50,Concluída,63.7,
M0003583,A00299,O20220072,2022,GEOGRAFIA,2022-01-19,15,concluida,59.1,Feira escolar
M0003584,A00299,O20220071,2022,História,2022-01-18,15,Concluída,53.2,
M0003585,A00299,O20220067,2022,Matemática,2022-02-28,0,Concluída,58.5,
M0003586,A00299,O20220073,2022,PORTUGUÊS,2022-03-07,20,Concluída,63.6,Instagram
M0003587,A00299,O20220069,2022,QUÍMICA,2022-02-24,30,Ativa,85.1,Indicação
M0003588,A00299,O20220074,2022,Redação,2022-02-25,20,Concluída,77.5,
M0003589,A00299,O20220077,2022,Sociologia,2022-02-10,10,Concluída,58.9,WhatsApp
M0003590,A00300,O20250180,2025,Biologia,20/02/2025,20,Concluída,71.7,Feira escolar
M0003591,A00300,O20250186,2025,Filosofia,2025-03-04,15,Trancada,43.5,Instagram
M0003592,A00300,O20250178,2025,Física,23/01/2025,,Concluída,4.0,Instagram
M0003593,A00300,O20250182,2025,Geografia,2025-04-12,30,Concluída,34.3,Indicação
M0003594,A00300,O20250181,2025,História,2025-03-07,15,Ativa,66.6,Instagram
M0003595,A00300,O20250185,2025,Inglês,2025-02-18,,Concluída,65.9,Instagram
M0003596,A00300,O20250177,2025,Matemática,2025-01-14,0,concluida,37.4,WhatsApp
M0003597,A00300,O20250183,2025,Português,2025-02-27,20,Concluída,50.1,
M0003598,A00300,O20250179,2025,Química,2025-02-17,0,Concluída,60.3,WhatsApp
M0003599,A00300,O20250184,2025,Redação,2025-02-18,50,Ativa,43.4,Instagram
M0003600,A00300,O20250187,2025,Sociologia,2025-04-07,15,Cancelada,85.8,WhatsApp
M0003601,A00301,O20220048,2022,Biologia,2022-01-09,25,concluida,74.4,Indicação
M0003602,A00301,O20220054,2022,Filosofia,2022-02-12,20,Concluída,59.3,
M0003603,A00301,O20220046,2022,Física,2022-01-03,0,Ativa,78.4,Feira escolar
M0003604,A00301,O20220050,2022,Geografia,2022-04-04,25,,57.3,Google
M0003605,A00301,O20220053,2022,Inglês,2022-04-03,25,,61.1,Google
M0003606,A00301,O20220045,2022,Matemática,2022-02-16,0,Concluída,48.9,Indicação
M0003607,A00301,O20220051,2022,Português,2022-01-21,0,Concluída,60.3,Google
M0003608,A00301,O20220052,2022,Redação,2022-01-05,30,Concluída,50.9,WhatsApp
M0003609,A00302,O20240158,2024,Biologia,2024-01-11,10,Concluída,41.2,Feira escolar
M0003610,A00302,O20240164,2024,Filosofia,2024-04-11,10,Concluída,60.9,WhatsApp
M0003611,A00302,O20240156,2024,Física,2024-02-07,10,Concluída,68.8,
M0003612,A00302,O20240159,2024,História,2024-03-01,,Ativa,52.3,Instagram
M0003613,A00302,O20240163,2024,Inglês,04-12-2024,0,Concluída,65.4,Feira escolar
M0003614,A00302,O20240155,2024,Matemática,2024-03-02,0,concluida,52.0,
M0003615,A00302,O20240161,2024,Português,2024-04-05,,Concluída,52.1,Google
M0003616,A00302,O20240162,2024,Redação,2024-03-24,30,Concluída,33.2,Instagram
M0003617,A00303,O20220070,2022,Biologia,2022-04-12,30,concluida,73.3,Google
M0003618,A00303,O20220076,2022,Filosofia,2022-01-09,10,Trancada,58.4,Google
M0003619,A00303,O20220068,2022,Física,2022-03-17,0,Cancelada,71.3,WhatsApp
M0003620,A00303,O20220067,2022,Mat.,2022-01-26,0,Concluída,74.0,Google
M0003621,A00303,O20220073,2022,Português,2022-01-25,10,Concluída,50.4,Feira escolar
M0003622,A00303,O20220069,2022,Química,2022-01-26,0,Ativa,66.2,Indicação
M0003623,A00303,O20220074,2022,Redação,2022/04/18,0,Concluída,64.6,Indicação
M0003624,A00303,O20230114,2023,Biologia,2023-04-15,15,Concluída,42.8,Instagram
M0003625,A00303,O20230112,2023,Física,2023-03-28,,Cancelada,46.4,Google
M0003626,A00303,O20230116,2023,GEOGRAFIA,2023-02-14,50,Concluída,43.5,Instagram
M0003627,A00303,O20230115,2023,História,2023-03-26,25,concluida,58.7,Google
M0003628,A00303,O20230119,2023,Inglês,03-07-2023,0,Concluída,74.5,Google
M0003629,A00303,O20230111,2023,Matemática,2023-03-03,30,Trancada,56.7,Google
M0003630,A00303,O20230117,2023,Português,2023-03-26,30,Concluída,44.5,Feira escolar
M0003631,A00303,O20230113,2023,Química,2023-04-16,20,Cancelada,76.1,Indicação
M0003632,A00303,O20230118,2023,Redação,2023/02/21,15,Concluída,65.9,
M0003633,A00303,O20230121,2023,Sociologia,2023-01-27,,,75.8,WhatsApp
M0003634,A00304,O20220048,2022,Biologia,2022-04-19,0,Ativa,41.3,WhatsApp
M0003635,A00304,O20220054,2022,FILOSOFIA,2022-04-19,0,Ativa,76.8,Google
M0003636,A00304,O20220046,2022,Física,2022-01-23,50,Concluída,61.4,Instagram
M0003637,A00304,O20220049,2022,História,2022-04-27,15,Concluída,63.3,
M0003638,A00304,O20220053,2022,Inglês,2022-02-12,0,Ativa,65.0,WhatsApp
M0003639,A00304,O20220045,2022,Matemática,2022-04-10,30,Concluída,60.1,WhatsApp
M0003640,A00304,O20220051,2022,Português,2022-01-16,30,Ativa,58.4,Google
M0003641,A00304,O20220047,2022,Química,2022-04-02,50,Ativa,61.6,Indicação
M0003642,A00304,O20220052,2022,Redação,2022-03-19,0,concluida,62.0,Instagram
M0003643,A00304,O20220055,2022,Sociologia,2022-03-27,15,Concluída,57.1,Feira escolar
M0003644,A00304,O20230125,2023,Biologia,2023-01-09,20,Concluída,63.9,Indicação
M0003645,A00304,O20230131,2023,Filosofia,2023-04-02,0,Trancada,51.6,WhatsApp
M0003646,A00304,O20230123,2023,Física,2023-04-15,0,Concluída,51.7,
M0003647,A00304,O20230127,2023,Geografia,2023-01-26,0,Concluída,64.4,WhatsApp
M0003648,A00304,O20230126,2023,História,2023-04-10,,Ativa,51.7,Instagram
M0003649,A00304,O20230130,2023,Inglês,2023-04-21,30,Concluída,65.7,Instagram
M0003650,A00304,O20230122,2023,Matemática,2023-02-23,25,Concluída,51.3,WhatsApp
M0003651,A00304,O20230128,2023,PORTUGUÊS,19/02/2023,10,Concluída,43.1,Google
M0003652,A00304,O20230124,2023,Química,2023-02-09,15,Concluída,62.3,WhatsApp
M0003653,A00304,O20230129,2023,Redação,2023-02-24,20,Ativa,34.6,
M0003654,A00304,O20230132,2023,Sociologia,2023-04-14,10,Concluída,75.7,WhatsApp
M0003655,A00305,O20250191,2025,Biologia,2025-01-23,30,Ativa,68.7,WhatsApp
M0003656,A00305,O20250197,2025,Filosofia,2025-02-26,,Ativa,61.5,Instagram
M0003657,A00305,O20250189,2025,Física,2025-04-12,30,Concluída,69.2,
M0003658,A00305,O20250193,2025,Geografia,2025-01-20,0,Ativa,80.4,
M0003659,A00305,O20250196,2025,Inglês,2025-01-27,0,Concluída,57.5,Google
M0003660,A00305,O20250188,2025,Matemática,2025-03-18,15,Concluída,50.5,Feira escolar
M0003661,A00305,O20250194,2025,Português,2025-04-10,0,Concluída,59.5,Google
M0003662,A00305,O20250190,2025,Química,04-05-2025,10,Trancada,39.6,WhatsApp
M0003663,A00305,O20250195,2025,Redação,2025-03-14,20,Ativa,51.0,Instagram
M0003664,A00305,O20250198,2025,Sociologia,2025-03-18,25,Ativa,36.2,WhatsApp
M0003665,A00306,O20210015,2021,Biologia,2021-04-09,25,Ativa,47.6,WhatsApp
M0003666,A00306,O20210021,2021,Filosofia,2021-03-06,25,Concluída,61.6,WhatsApp
M0003667,A00306,O20210017,2021,Geografia,2021-02-03,0,Concluída,78.2,WhatsApp
M0003668,A00306,O20210016,2021,História,2021-03-18,,Concluída,48.5,Indicação
M0003669,A00306,O20210012,2021,Matemática,04-20-2021,10,Concluída,42.8,WhatsApp
M0003670,A00306,O20210018,2021,Português,2021/02/21,50,Concluída,76.8,WhatsApp
M0003671,A00306,O20210014,2021,Química,2021-03-09,0,Concluída,44.0,
M0003672,A00306,O20210019,2021,Redação,2021-03-15,15,Concluída,69.8,WhatsApp
M0003673,A00307,O20210037,2021,Biologia,01-09-2021,0,Concluída,87.2,
M0003674,A00307,O20210043,2021,Filosofia,2021-04-21,25,Cancelada,78.8,Instagram
M0003675,A00307,O20210035,2021,Física,2021-01-01,20,,31.0,Google
M0003676,A00307,O20210039,2021,Geografia,2021-04-15,,Concluída,39.9,Indicação
M0003677,A00307,O20210038,2021,História,2021-04-22,,Concluída,45.9,Feira escolar
M0003678,A00307,O20210042,2021,Inglês,2021/02/19,50,Concluída,73.5,Indicação
M0003679,A00307,O20210034,2021,Matemática,2021-04-16,10,Cancelada,60.3,Google
M0003680,A00307,O20210040,2021,Português,2021-03-14,0,Concluída,60.6,Google
M0003681,A00307,O20210036,2021,Química,2021-03-26,0,Concluída,69.1,Indicação
M0003682,A00307,O20210041,2021,Redação,2021-04-16,25,Concluída,59.5,
M0003683,A00307,O20210044,2021,Sociologia,2021-01-15,50,Concluída,66.6,Google
M0003684,A00308,O20240158,2024,Biologia,2024-01-08,30,Ativa,34.3,
M0003685,A00308,O20240164,2024,Filosofia,2024-01-26,30,Cancelada,60.7,Instagram
M0003686,A00308,O20240156,2024,Física,2024-03-13,20,Concluída,61.4,Google
M0003687,A00308,O20240159,2024,História,2024-01-23,,Concluída,62.4,WhatsApp
M0003688,A00308,O20240163,2024,Inglês,2024-02-06,50,,27.0,
M0003689,A00308,O20240155,2024,Matemática,2024-01-03,20,Ativa,97.0,Feira escolar
M0003690,A00308,O20240161,2024,Português,2024/02/26,10,concluida,36.7,
M0003691,A00308,O20240162,2024,Redação,2024-01-08,20,concluida,42.4,Feira escolar
M0003692,A00308,O20240165,2024,Sociologia,10/03/2024,0,Concluída,71.9,Google
M0003693,A00309,O20230103,2023,Biologia,2023-02-15,10,Concluída,48.3,Feira escolar
M0003694,A00309,O20230101,2023,FÍSICA,2023-01-02,30,Concluída,64.6,WhatsApp
M0003695,A00309,O20230105,2023,Geografia,2023-01-28,0,Ativa,51.4,Feira escolar
M0003696,A00309,O20230104,2023,História,2023-01-26,50,Ativa,39.1,Google
M0003697,A00309,O20230100,2023,Matemática,2023-02-06,0,Ativa,62.2,WhatsApp
M0003698,A00309,O20230106,2023,Português,2023-02-20,20,Concluída,72.2,Feira escolar
M0003699,A00309,O20230102,2023,Química,03-03-2023,20,concluida,78.4,Feira escolar
M0003700,A00309,O20230107,2023,Redação,2023-02-14,15,Concluída,53.4,Feira escolar
M0003701,A00309,O20230110,2023,Sociologia,2023-04-18,0,Concluída,61.7,Instagram
M0003702,A00310,O20230092,2023,BIOLOGIA,2023-02-13,10,Concluída,70.0,WhatsApp
M0003703,A00310,O20230098,2023,Filosofia,2023-01-24,,Concluída,43.2,Feira escolar
M0003704,A00310,O20230090,2023,Física,2023-03-22,,Ativa,38.8,Instagram
M0003705,A00310,O20230093,2023,História,2023-02-28,30,Concluída,65.2,Google
M0003706,A00310,O20230097,2023,Inglês,2023-04-13,25,Concluída,36.7,Feira escolar
M0003707,A00310,O20230089,2023,Matemática,2023-02-07,,Trancada,56.7,Google
M0003708,A00310,O20230095,2023,Português,2023-04-19,10,Concluída,77.1,WhatsApp
M0003709,A00310,O20230091,2023,Química,2023-01-13,25,Concluída,47.7,
M0003710,A00310,O20230096,2023,Redação,2023-01-07,15,Concluída,65.1,Instagram
M0003711,A00310,O20230099,2023,Sociologia,2023-03-12,25,Concluída,33.5,Feira escolar
M0003712,A00311,O20230103,2023,Biologia,2023-04-15,10,Ativa,55.8,Instagram
M0003713,A00311,O20230101,2023,Física,2023-01-12,10,Cancelada,49.1,Feira escolar
M0003714,A00311,O20230105,2023,Geografia,2023/04/13,,Concluída,34.9,Indicação
M0003715,A00311,O20230104,2023,História,2023-03-06,0,Concluída,74.1,
M0003716,A00311,O20230108,2023,Inglês,2023-02-10,15,Cancelada,65.5,Indicação
M0003717,A00311,O20230100,2023,Matemática,2023-02-17,10,Concluída,68.8,
M0003718,A00311,O20230106,2023,Português,2023-04-07,25,Concluída,73.4,Google
M0003719,A00311,O20230102,2023,Química,2023-04-20,20,Cancelada,67.2,Feira escolar
M0003720,A00311,O20230107,2023,Redação,2023-01-22,30,Ativa,65.7,Google
M0003721,A00311,O20240175,2024,Filosofia,2024/03/24,0,Concluída,78.9,WhatsApp
M0003722,A00311,O20240167,2024,Física,2024-04-13,10,Ativa,55.6,Feira escolar
M0003723,A00311,O20240174,2024,Inglês,2024-01-20,25,Concluída,47.7,Feira escolar
M0003724,A00311,O20240166,2024,Matemática,2024-03-21,0,Ativa,41.3,Google
M0003725,A00311,O20240172,2024,Português,2024-04-03,25,concluida,58.2,Google
M0003726,A00311,O20240168,2024,Química,2024-03-10,30,Cancelada,46.5,Feira escolar
M0003727,A00311,O20240173,2024,Redação,2024-03-25,0,Concluída,74.1,Google
M0003728,A00312,O20250202,2025,Biologia,2025-03-16,50,Trancada,55.2,Feira escolar
M0003729,A00312,O20250208,2025,Filosofia,2025-04-07,30,Concluída,42.8,Indicação
M0003730,A00312,O20250200,2025,Física,2025-04-18,,Concluída,55.3,Feira escolar
M0003731,A00312,O20250204,2025,Geografia,2025-01-05,10,Ativa,50.1,Google
M0003732,A00312,O20250207,2025,Inglês,2025-04-03,,Cancelada,68.9,Feira escolar
M0003733,A00312,O20250199,2025,Matemática,2025-02-23,25,Concluída,60.6,WhatsApp
M0003734,A00312,O20250205,2025,Português,2025-01-06,20,Concluída,69.8,Indicação
M0003735,A00312,O20250201,2025,Química,2025-02-05,50,Ativa,68.9,Google
M0003736,A00312,O20250206,2025,Redação,2025-04-18,0,concluida,61.4,Feira escolar
M0003737,A00313,O20210015,2021,Biologia,2021-04-26,50,Concluída,41.6,Indicação
M0003738,A00313,O20210021,2021,Filosofia,2021-04-26,15,Concluída,45.7,Instagram
M0003739,A00313,O20210013,2021,Física,2021-03-06,0,Concluída,81.2,Google
M0003740,A00313,O20210017,2021,Geografia,2021-04-11,10,Concluída,50.3,Feira escolar
M0003741,A00313,O20210016,2021,História,04-11-2021,0,Concluída,65.4,Instagram
M0003742,A00313,O20210020,2021,Ingles,2021-03-15,20,Cancelada,55.8,Feira escolar
M0003743,A00313,O20210012,2021,Matemática,2021-02-27,15,,61.7,Instagram
M0003744,A00313,O20210018,2021,Português,2021/01/08,0,Concluída,42.7,
M0003745,A00313,O20210014,2021,Química,2021-02-15,0,Concluída,52.7,WhatsApp
M0003746,A00313,O20210019,2021,Redação,2021-02-21,25,concluida,58.6,Instagram
M0003747,A00313,O20210022,2021,Sociologia,02-10-2021,50,Concluída,40.7,Google
M0003748,A00313,O20220059,2022,Biologia,2022-01-24,0,Ativa,43.0,
M0003749,A00313,O20220065,2022,Filosofia,2022-04-07,0,Trancada,56.6,
M0003750,A00313,O20220057,2022,Física,2022-02-11,0,Ativa,65.0,Instagram
M0003751,A00313,O20220061,2022,Geografia,2022-04-25,,Concluída,61.7,WhatsApp
M0003752,A00313,O20220060,2022,História,2022-01-17,,Cancelada,61.4,WhatsApp
M0003753,A00313,O20220064,2022,Inglês,2022-01-13,,Concluída,29.5,WhatsApp
M0003754,A00313,O20220056,2022,Matemática,2022-04-21,25,Concluída,46.7,WhatsApp
M0003755,A00313,O20220062,2022,Português,2022-03-21,0,Ativa,84.3,Feira escolar
M0003756,A00313,O20220058,2022,Química,2022-03-19,30,Ativa,58.2,Instagram
M0003757,A00313,O20220063,2022,Redação,2022-02-16,0,Concluída,56.0,Indicação
M0003758,A00313,O20220066,2022,Sociologia,2022-01-21,,Concluída,54.5,Indicação
M0003759,A00314,O20220065,2022,Filosofia,2022-04-03,30,Ativa,56.4,Feira escolar
M0003760,A00314,O20220057,2022,Física,2022-01-10,15,Ativa,34.4,Indicação
M0003761,A00314,O20220061,2022,Geografia,2022/04/05,20,Concluída,56.4,
M0003762,A00314,O20220060,2022,História,2022-01-12,,Concluída,42.6,Indicação
M0003763,A00314,O20220064,2022,Inglês,2022-04-26,20,Ativa,50.9,Feira escolar
M0003764,A00314,O20220056,2022,Matemática,2022-01-27,25,Concluída,61.7,Feira escolar
M0003765,A00314,O20220062,2022,Português,2022-02-25,15,Concluída,63.1,Google
M0003766,A00314,O20220058,2022,Química,2022-01-05,,Concluída,68.6,Instagram
M0003767,A00314,O20220063,2022,Redação,2022-03-07,25,Concluída,51.7,Google
M0003768,A00314,O20220066,2022,Sociologia,2022/04/01,20,Concluída,68.7,Feira escolar
M0003769,A00315,O20240136,2024,Biologia,2024-04-11,15,Concluída,44.4,WhatsApp
M0003770,A00315,O20240142,2024,Filosofia,2024-03-02,0,concluida,57.3,Google
M0003771,A00315,O20240134,2024,Física,2024-02-08,0,Concluída,56.6,Instagram
M0003772,A00315,O20240141,2024,Inglês,2024-02-14,30,Concluída,69.5,Instagram
M0003773,A00315,O20240133,2024,Mat.,2024-04-05,0,Concluída,76.3,Instagram
M0003774,A00315,O20240139,2024,PORTUGUÊS,2024-04-16,,Concluída,51.5,Feira escolar
M0003775,A00315,O20240135,2024,Química,2024-03-18,,Ativa,58.5,
M0003776,A00315,O20240140,2024,Redação,2024-03-17,0,Concluída,29.9,Google
M0003777,A00315,O20250202,2025,Biologia,2025-01-16,0,Concluída,65.1,Feira escolar
M0003778,A00315,O20250200,2025,Física,2025-03-23,50,Ativa,50.2,
M0003779,A00315,O20250204,2025,Geografia,2025-03-10,20,Ativa,51.2,
M0003780,A00315,O20250203,2025,História,2025-03-01,15,Concluída,71.5,Google
M0003781,A00315,O20250207,2025,Inglês,2025-04-04,0,Concluída,45.0,Google
M0003782,A00315,O20250199,2025,Matemática,2025-01-05,15,Concluída,48.9,
M0003783,A00315,O20250205,2025,Português,2025-03-13,30,Ativa,41.4,Google
M0003784,A00315,O20250201,2025,Química,2025-01-14,,Concluída,72.6,Indicação
M0003785,A00315,O20250206,2025,Redação,2025-02-21,15,Concluída,68.2,Indicação
M0003786,A00315,O20250209,2025,Sociologia,2025-03-08,25,Concluída,75.4,
M0003787,A00316,O20230092,2023,Biologia,2023-03-17,0,Cancelada,70.0,
M0003788,A00316,O20230090,2023,Física,2023-02-04,10,Concluída,62.2,Instagram
M0003789,A00316,O20230094,2023,Geografia,2023-04-28,0,Cancelada,47.3,Google
M0003790,A00316,O20230093,2023,Historia,2023-03-01,,Concluída,54.3,
M0003791,A00316,O20230097,2023,Inglês,2023-02-18,0,Concluída,84.0,Feira escolar
M0003792,A00316,O20230089,2023,Matemática,2023-01-25,25,Concluída,43.4,WhatsApp
M0003793,A00316,O20230095,2023,Portugues,2023-02-16,10,Concluída,64.2,Indicação
M0003794,A00316,O20230091,2023,Química,2023-01-24,50,concluida,67.5,Google
M0003795,A00316,O20230096,2023,Redação,2023-03-12,0,Ativa,75.2,Feira escolar
M0003796,A00317,O20240142,2024,Filosofia,2024-02-20,0,Concluída,30.9,WhatsApp
M0003797,A00317,O20240134,2024,Física,12/02/2024,10,Concluída,60.0,Google
M0003798,A00317,O20240138,2024,Geografia,2024-03-07,0,Concluída,72.3,Instagram
M0003799,A00317,O20240137,2024,História,2024-01-06,50,Concluída,57.5,Instagram
M0003800,A00317,O20240133,2024,Matemática,2024-03-26,,concluida,57.3,
M0003801,A00317,O20240139,2024,Português,2024-01-02,15,Ativa,89.8,WhatsApp
M0003802,A00317,O20240135,2024,Química,2024-03-04,0,Concluída,81.7,
M0003803,A00317,O20240140,2024,Redação,2024-02-21,50,Ativa,75.9,
M0003804,A00317,O20240143,2024,Sociologia,2024-02-27,20,Concluída,44.0,
M0003805,A00317,O20250180,2025,Biologia,2025-01-08,0,Ativa,71.4,Google
M0003806,A00317,O20250186,2025,Filosofia,2025-03-11,0,Concluída,57.6,Instagram
M0003807,A00317,O20250178,2025,Física,2025-01-15,15,Concluída,63.6,Instagram
M0003808,A00317,O20250182,2025,Geografia,2025-04-12,0,Concluída,64.9,Instagram
M0003809,A00317,O20250181,2025,História,2025-03-23,0,Ativa,85.1,Indicação
M0003810,A00317,O20250185,2025,Inglês,2025-01-04,50,Concluída,71.5,
M0003811,A00317,O20250177,2025,Matemática,2025-02-01,15,Concluída,77.2,WhatsApp
M0003812,A00317,O20250183,2025,Português,2025-04-21,25,Concluída,58.3,Instagram
M0003813,A00317,O20250179,2025,Química,2025-02-22,,Concluída,63.8,Instagram
M0003814,A00317,O20250184,2025,Redação,2025-01-17,,Trancada,61.6,Instagram
M0003815,A00317,O20250187,2025,Sociologia,2025-01-25,15,concluida,51.5,
M0003816,A00318,O20240169,2024,Biologia,2024-03-01,15,Concluída,78.5,Instagram
M0003817,A00318,O20240175,2024,Filosofia,2024-01-20,0,Concluída,60.9,Indicação
M0003818,A00318,O20240167,2024,Física,2024-02-21,10,Ativa,45.7,WhatsApp
M0003819,A00318,O20240171,2024,Geografia,2024-02-01,50,Concluída,61.8,Google
M0003820,A00318,O20240170,2024,História,2024-01-24,0,Concluída,54.8,
M0003821,A00318,O20240174,2024,Inglês,2024-04-04,25,Concluída,26.2,Feira escolar
M0003822,A00318,O20240166,2024,Matemática,2024-01-05,0,Concluída,37.4,Feira escolar
M0003823,A00318,O20240172,2024,Português,2024-01-04,20,Concluída,40.8,Feira escolar
M0003824,A00318,O20240168,2024,Química,2024-02-28,25,Concluída,50.5,Instagram
M0003825,A00318,O20240173,2024,Redação,2024-04-26,,Concluída,43.4,Google
M0003826,A00318,O20240176,2024,Sociologia,2024/03/21,15,Concluída,73.3,Indicação
M0003827,A00319,O20230103,2023,Biologia,2023-04-25,20,Concluída,46.4,Feira escolar
M0003828,A00319,O20230109,2023,Filosofia,2023-02-23,20,Trancada,69.2,Feira escolar
M0003829,A00319,O20230108,2023,Inglês,2023-02-11,0,Concluída,62.8,Instagram
M0003830,A00319,O20230100,2023,Matematica,2023-03-28,0,Concluída,62.9,Instagram
M0003831,A00319,O20230106,2023,Português,2023-04-02,50,Concluída,40.0,Indicação
M0003832,A00319,O20230102,2023,Química,2023-01-11,20,Concluída,79.1,Instagram
M0003833,A00319,O20230107,2023,Redação,2023-01-21,50,Cancelada,53.8,Google
M0003834,A00319,O20230110,2023,Sociologia,2023-02-25,30,,53.4,Google
M0003835,A00320,O20250180,2025,Biologia,2025/03/12,25,Concluída,56.0,WhatsApp
M0003836,A00320,O20250186,2025,Filosofia,2025-03-12,20,Concluída,65.4,WhatsApp
M0003837,A00320,O20250178,2025,Física,2025-03-22,0,Concluída,49.9,WhatsApp
M0003838,A00320,O20250182,2025,Geografia,2025-02-03,25,Concluída,80.5,Google
M0003839,A00320,O20250185,2025,Inglês,2025-02-04,0,Concluída,48.1,WhatsApp
M0003840,A00320,O20250177,2025,Matemática,2025-03-11,20,Cancelada,66.7,
M0003841,A00320,O20250183,2025,Português,2025-03-26,50,Concluída,41.1,
M0003842,A00320,O20250179,2025,Química,2025-01-09,0,Concluída,65.5,
M0003843,A00320,O20250184,2025,Redação,2025-04-25,10,Cancelada,42.4,Indicação
M0003844,A00320,O20250187,2025,Sociologia,2025-01-18,20,Concluída,56.9,Google
M0003845,A00321,O20250180,2025,Biologia,03-24-2025,0,Ativa,45.8,WhatsApp
M0003846,A00321,O20250186,2025,Filosofia,2025-04-16,0,Concluída,41.2,WhatsApp
M0003847,A00321,O20250178,2025,Física,01-27-2025,25,Concluída,62.1,Indicação
M0003848,A00321,O20250182,2025,Geografia,2025/02/10,20,Concluída,45.3,Google
M0003849,A00321,O20250185,2025,Inglês,03-16-2025,,Concluída,58.4,Instagram
M0003850,A00321,O20250177,2025,Matemática,2025-04-18,20,Concluída,79.5,Indicação
M0003851,A00321,O20250183,2025,Português,2025-02-23,20,Concluída,54.0,Feira escolar
M0003852,A00321,O20250184,2025,REDAÇÃO,2025-02-26,,Ativa,61.1,Google
M0003853,A00322,O20230092,2023,Biologia,2023-01-15,15,Concluída,32.6,Google
M0003854,A00322,O20230098,2023,Filosofia,2023-03-07,25,Concluída,69.2,
M0003855,A00322,O20230090,2023,Física,2023-04-18,20,Ativa,58.9,
M0003856,A00322,O20230094,2023,Geografia,2023-02-10,10,Concluída,71.9,Feira escolar
M0003857,A00322,O20230093,2023,História,2023-01-08,10,Ativa,50.1,
M0003858,A00322,O20230097,2023,Inglês,2023/01/27,30,Ativa,60.2,Feira escolar
M0003859,A00322,O20230089,2023,Matemática,2023-02-26,0,Ativa,67.1,Feira escolar
M0003860,A00322,O20230095,2023,Português,2023-03-25,15,concluida,58.1,Indicação
M0003861,A00322,O20230091,2023,Química,2023-03-28,0,Concluída,50.8,
M0003862,A00322,O20230096,2023,Redação,2023/01/10,15,Concluída,75.8,Feira escolar
M0003863,A00323,O20210043,2021,Filosofia,2021-04-23,10,Concluída,57.5,
M0003864,A00323,O20210035,2021,Física,01/04/2021,0,Concluída,66.4,Google
M0003865,A00323,O20210039,2021,GEOGRAFIA,2021-04-04,50,Concluída,48.0,Google
M0003866,A00323,O20210042,2021,Inglês,2021-02-05,0,Concluída,65.5,WhatsApp
M0003867,A00323,O20210034,2021,Matemática,2021-01-21,0,Ativa,73.9,Google
M0003868,A00323,O20210040,2021,Português,2021-04-06,50,Concluída,59.1,WhatsApp
M0003869,A00323,O20210041,2021,Redação,2021-01-03,,Concluída,72.3,
M0003870,A00323,O20210044,2021,Sociologia,2021-04-28,25,Concluída,58.7,Google
M0003871,A00324,O20220070,2022,Biologia,2022-02-19,0,Concluída,35.7,
M0003872,A00324,O20220076,2022,FILOSOFIA,2022-04-05,0,Concluída,41.5,Feira escolar
M0003873,A00324,O20220068,2022,Física,2022-01-05,30,Concluída,57.6,Google
M0003874,A00324,O20220072,2022,Geografia,2022-03-01,0,,81.3,
M0003875,A00324,O20220071,2022,História,2022-03-10,10,Concluída,76.8,Instagram
M0003876,A00324,O20220075,2022,Inglês,2022-02-13,0,Concluída,56.3,Indicação
M0003877,A00324,O20220067,2022,Matemática,2022-02-26,50,Concluída,78.8,WhatsApp
M0003878,A00324,O20220073,2022,Português,2022-02-02,20,Ativa,60.3,Google
M0003879,A00324,O20220074,2022,Redação,2022-04-06,25,Concluída,49.8,Google
M0003880,A00324,O20220077,2022,Sociologia,2022-03-27,50,Trancada,44.6,Google
M0003881,A00324,O20230125,2023,Biologia,2023-04-14,25,Ativa,71.9,Google
M0003882,A00324,O20230131,2023,Filosofia,2023-04-18,0,concluida,54.0,Indicação
M0003883,A00324,O20230123,2023,Física,2023-01-07,0,Concluída,63.0,Instagram
M0003884,A00324,O20230127,2023,Geografia,22/03/2023,20,Ativa,69.6,WhatsApp
M0003885,A00324,O20230126,2023,História,2023-03-03,30,Cancelada,44.1,Indicação
M0003886,A00324,O20230130,2023,Inglês,2023-02-02,15,Ativa,55.5,Google
M0003887,A00324,O20230122,2023,Matemática,2023-01-19,0,concluida,50.3,Instagram
M0003888,A00324,O20230128,2023,Português,2023-04-12,30,Concluída,70.5,WhatsApp
M0003889,A00324,O20230124,2023,Química,2023-01-13,50,Concluída,59.6,Instagram
M0003890,A00324,O20230129,2023,Redação,2023-03-20,25,Concluída,70.9,Feira escolar
M0003891,A00324,O20230132,2023,Sociologia,2023-03-27,20,Cancelada,44.8,
M0003892,A00325,O20210015,2021,Biologia,2021-01-12,50,Concluída,68.5,Instagram
M0003893,A00325,O20210021,2021,FILOSOFIA,2021-01-25,0,Cancelada,61.5,Instagram
M0003894,A00325,O20210013,2021,Física,2021-01-13,0,Concluída,44.6,Instagram
M0003895,A00325,O20210017,2021,Geografia,2021-04-08,,concluida,37.8,
M0003896,A00325,O20210016,2021,História,2021-01-26,25,Concluída,45.0,Indicação
M0003897,A00325,O20210020,2021,Inglês,2021-01-01,30,Trancada,44.1,Feira escolar
M0003898,A00325,O20210012,2021,Matemática,2021-04-13,25,Concluída,61.2,Google
M0003899,A00325,O20210018,2021,Português,2021-02-06,0,Concluída,61.0,WhatsApp
M0003900,A00325,O20210014,2021,Química,2021-01-09,10,Cancelada,64.6,Instagram
M0003901,A00325,O20210019,2021,Redação,2021-02-27,0,Ativa,52.1,
M0003902,A00325,O20210022,2021,Sociologia,2021-02-02,0,Concluída,68.4,
M0003903,A00326,O20230103,2023,Biologia,2023-01-27,0,Ativa,57.6,Indicação
M0003904,A00326,O20230109,2023,FILOSOFIA,2023-02-15,,Ativa,58.9,Google
M0003905,A00326,O20230101,2023,Física,2023-02-25,20,Concluída,34.6,
M0003906,A00326,O20230105,2023,Geografia,2023-04-08,0,Concluída,47.2,Feira escolar
M0003907,A00326,O20230104,2023,História,2023-02-15,0,Concluída,47.8,Indicação
M0003908,A00326,O20230100,2023,Matemática,2023-02-26,25,Concluída,43.2,Feira escolar
M0003909,A00326,O20230106,2023,Português,2023-02-05,15,concluida,52.4,Instagram
M0003910,A00326,O20230102,2023,Química,2023-01-20,25,Ativa,61.9,Google
M0003911,A00326,O20230107,2023,Redação,2023-01-10,50,Cancelada,45.1,WhatsApp
M0003912,A00326,O20230110,2023,Sociologia,2023-01-22,15,Concluída,46.6,Feira escolar
M0003913,A00326,O20240136,2024,Biologia,2024-01-21,30,Concluída,54.8,
M0003914,A00326,O20240134,2024,Física,2024-04-14,20,Concluída,44.6,Instagram
M0003915,A00326,O20240138,2024,Geografia,2024-04-22,10,Concluída,78.9,Instagram
M0003916,A00326,O20240137,2024,História,2024-04-13,50,Concluída,61.1,WhatsApp
M0003917,A00326,O20240141,2024,Inglês,2024-02-06,10,Trancada,55.7,Instagram
M0003918,A00326,O20240133,2024,MATEMÁTICA,2024-03-14,20,Concluída,70.5,Indicação
M0003919,A00326,O20240139,2024,Português,2024-04-23,50,Concluída,70.6,WhatsApp
M0003920,A00326,O20240140,2024,Redação,2024-04-21,20,Concluída,67.2,Google
M0003921,A00326,O20240143,2024,Sociologia,2024-01-18,10,Ativa,49.3,WhatsApp
M0003922,A00327,O20250202,2025,Biologia,2025-03-01,30,Concluída,57.0,Indicação
M0003923,A00327,O20250208,2025,Filosofia,2025-02-10,,Ativa,33.7,WhatsApp
M0003924,A00327,O20250200,2025,Física,2025-04-23,15,Cancelada,35.8,Indicação
M0003925,A00327,O20250204,2025,Geografia,2025-04-05,25,Concluída,62.8,Indicação
M0003926,A00327,O20250203,2025,História,2025-01-08,25,Concluída,54.5,Instagram
M0003927,A00327,O20250207,2025,Inglês,2025-01-12,0,Cancelada,67.4,
M0003928,A00327,O20250199,2025,Matemática,2025-04-08,15,Ativa,24.9,Indicação
M0003929,A00327,O20250205,2025,Português,2025-02-11,20,Concluída,89.4,WhatsApp
M0003930,A00327,O20250201,2025,QUÍMICA,2025-04-14,30,Concluída,48.8,WhatsApp
M0003931,A00327,O20250206,2025,Redação,2025-01-05,50,Concluída,36.9,
M0003932,A00327,O20250209,2025,Sociologia,2025-02-07,25,Concluída,82.5,
M0003933,A00328,O20210010,2021,Filosofia,2021-01-21,0,Cancelada,50.6,Indicação
M0003934,A00328,O20210006,2021,Geografia,2021-02-24,0,Concluída,52.3,
M0003935,A00328,O20210005,2021,História,26/02/2021,50,Concluída,53.4,Google
M0003936,A00328,O20210009,2021,Inglês,2021-01-25,25,Concluída,43.1,Indicação
M0003937,A00328,O20210001,2021,Matemática,2021-03-23,10,Ativa,49.0,WhatsApp
M0003938,A00328,O20210007,2021,Português,2021-02-21,0,Concluída,64.1,Feira escolar
M0003939,A00328,O20210003,2021,Química,2021-01-17,30,Cancelada,40.1,Feira escolar
M0003940,A00328,O20210008,2021,Redação,2021-03-15,30,concluida,83.6,WhatsApp
M0003941,A00328,O20220048,2022,Biologia,2022-03-20,0,Ativa,36.1,Google
M0003942,A00328,O20220054,2022,Filosofia,2022-04-09,25,Concluída,65.2,Instagram
M0003943,A00328,O20220046,2022,Física,2022-01-10,0,Cancelada,62.0,
M0003944,A00328,O20220050,2022,Geografia,2022-01-23,25,Concluída,72.3,Instagram
M0003945,A00328,O20220049,2022,História,24/02/2022,25,Concluída,57.3,Instagram
M0003946,A00328,O20220053,2022,Inglês,2022-03-26,50,Concluída,53.1,WhatsApp
M0003947,A00328,O20220045,2022,Matemática,2022-04-03,20,Ativa,60.0,Feira escolar
M0003948,A00328,O20220051,2022,Português,2022-01-01,50,Cancelada,54.8,Indicação
M0003949,A00328,O20220047,2022,Quimica,2022/04/04,0,Concluída,79.2,Feira escolar
M0003950,A00328,O20220052,2022,Redação,2022-03-04,30,Concluída,75.0,WhatsApp
M0003951,A00328,O20220055,2022,Sociologia,2022/03/04,50,concluida,43.0,
M0003952,A00329,O20240142,2024,FILOSOFIA,2024-04-28,0,Concluída,59.2,Google
M0003953,A00329,O20240134,2024,Física,2024-04-22,,Concluída,61.9,
M0003954,A00329,O20240138,2024,Geografia,2024/01/24,30,Cancelada,57.7,Google
M0003955,A00329,O20240137,2024,História,2024-02-21,10,Concluída,48.2,Indicação
M0003956,A00329,O20240141,2024,Inglês,2024-03-12,10,Ativa,63.1,Instagram
M0003957,A00329,O20240133,2024,Matemática,2024-01-18,0,Ativa,61.4,Indicação
M0003958,A00329,O20240139,2024,Portugues,2024-04-10,50,Concluída,59.8,WhatsApp
M0003959,A00329,O20240135,2024,Química,2024-02-13,0,Concluída,61.1,WhatsApp
M0003960,A00329,O20240140,2024,Redação,2024/03/06,0,Concluída,35.0,Google
M0003961,A00329,O20240143,2024,Sociologia,2024-01-09,50,Trancada,57.6,WhatsApp
M0003962,A00329,O20250180,2025,Biologia,2025-04-09,25,Ativa,24.1,Google
M0003963,A00329,O20250186,2025,Filosofia,2025-02-04,30,Concluída,35.6,
M0003964,A00329,O20250178,2025,Física,2025-04-27,15,Concluída,73.4,Instagram
M0003965,A00329,O20250182,2025,Geografia,2025-04-15,0,concluida,53.2,
M0003966,A00329,O20250181,2025,História,2025-03-17,30,Concluída,67.5,Feira escolar
M0003967,A00329,O20250185,2025,Inglês,2025-02-05,15,Concluída,72.0,WhatsApp
M0003968,A00329,O20250177,2025,Matemática,2025-01-06,0,Concluída,74.6,Google
M0003969,A00329,O20250183,2025,Português,2025-04-16,30,Cancelada,45.7,Feira escolar
M0003970,A00329,O20250179,2025,Química,2025-01-06,25,Concluída,67.2,
M0003971,A00329,O20250184,2025,Redação,02-09-2025,20,Concluída,39.6,WhatsApp
M0003972,A00330,O20220070,2022,Biologia,2022-03-16,25,Ativa,46.6,Google
M0003973,A00330,O20220076,2022,FILOSOFIA,2022-03-07,10,Trancada,39.6,WhatsApp
M0003974,A00330,O20220068,2022,Física,2022-01-25,30,Cancelada,13.8,Instagram
M0003975,A00330,O20220072,2022,Geografia,2022-03-20,20,Concluída,76.5,
M0003976,A00330,O20220071,2022,História,2022-03-03,25,Concluída,74.6,Google
M0003977,A00330,O20220067,2022,Matemática,2022-01-16,15,Concluída,54.5,WhatsApp
M0003978,A00330,O20220073,2022,Português,2022-02-02,0,concluida,49.4,Instagram
M0003979,A00330,O20220074,2022,Redação,2022-02-14,25,Concluída,50.5,Google
M0003980,A00330,O20220077,2022,Sociologia,2022-02-23,0,Concluída,69.8,Instagram
M0003981,A00331,O20250191,2025,Biologia,03-25-2025,25,Concluída,71.1,Indicação
M0003982,A00331,O20250193,2025,Geografia,2025-01-11,30,Concluída,52.0,Instagram
M0003983,A00331,O20250192,2025,História,2025-02-18,0,Concluída,65.8,Feira escolar
M0003984,A00331,O20250196,2025,Inglês,03/04/2025,,,43.6,Feira escolar
M0003985,A00331,O20250188,2025,Matemática,2025-02-21,50,Concluída,72.3,Instagram
M0003986,A00331,O20250194,2025,Português,11/02/2025,25,Cancelada,75.4,Instagram
M0003987,A00331,O20250190,2025,Química,2025-04-25,25,Concluída,49.3,Google
M0003988,A00331,O20250195,2025,Redação,2025/01/02,20,Concluída,40.9,WhatsApp
M0003989,A00331,O20250198,2025,Sociologia,2025-03-01,10,Concluída,71.9,Google
M0003990,A00332,O20230092,2023,Biologia,2023-01-15,25,Cancelada,51.6,
M0003991,A00332,O20230098,2023,Filosofia,2023-04-01,25,Trancada,73.9,Feira escolar
M0003992,A00332,O20230090,2023,Física,2023-01-27,,Concluída,65.6,WhatsApp
M0003993,A00332,O20230094,2023,Geografia,2023-03-20,20,Concluída,34.7,Instagram
M0003994,A00332,O20230093,2023,História,2023-01-22,20,Ativa,60.0,Instagram
M0003995,A00332,O20230097,2023,Inglês,14/02/2023,0,Concluída,68.3,Google
M0003996,A00332,O20230089,2023,Matemática,2023-01-04,50,Concluída,69.0,Google
M0003997,A00332,O20230095,2023,Português,2023-01-09,50,Concluída,71.6,Instagram
M0003998,A00332,O20230091,2023,Química,2023-03-17,15,Ativa,44.0,WhatsApp
M0003999,A00332,O20230096,2023,Redação,2023-01-08,,Concluída,47.6,WhatsApp
M0004000,A00332,O20230099,2023,Sociologia,2023-04-13,25,Ativa,39.7,WhatsApp
M0004001,A00333,O20210026,2021,BIOLOGIA,2021-04-13,,Concluída,69.1,Google
M0004002,A00333,O20210032,2021,Filosofia,2021-04-27,15,Concluída,58.5,
M0004003,A00333,O20210028,2021,Geografia,2021-03-27,25,Cancelada,51.3,Instagram
M0004004,A00333,O20210027,2021,História,2021-04-17,50,Concluída,61.2,Instagram
M0004005,A00333,O20210031,2021,Inglês,2021-02-11,0,Ativa,94.8,Google
M0004006,A00333,O20210023,2021,Matemática,2021-03-15,15,Concluída,64.1,Instagram
M0004007,A00333,O20210029,2021,Português,2021-03-20,0,Concluída,60.9,WhatsApp
M0004008,A00333,O20210025,2021,Química,2021/02/01,0,Trancada,69.2,Google
M0004009,A00333,O20210030,2021,Redacao,2021-04-13,50,Trancada,23.9,Google
M0004010,A00333,O20210033,2021,Sociologia,2021-04-13,0,Concluída,57.2,Google
M0004011,A00334,O20240147,2024,Biologia,2024-03-03,20,Concluída,60.6,Feira escolar
M0004012,A00334,O20240153,2024,Filosofia,2024-02-23,,Concluída,40.8,Feira escolar
M0004013,A00334,O20240145,2024,Física,2024-01-15,15,Concluída,61.5,Indicação
M0004014,A00334,O20240149,2024,Geografia,2024-01-19,,,68.8,
M0004015,A00334,O20240152,2024,Inglês,2024-01-23,30,Concluída,53.0,WhatsApp
M0004016,A00334,O20240144,2024,Matemática,2024-04-06,15,Ativa,55.8,Instagram
M0004017,A00334,O20240150,2024,Português,2024-03-19,20,Ativa,65.3,Indicação
M0004018,A00334,O20240151,2024,Redação,2024-03-12,50,Concluída,44.8,Instagram
M0004019,A00334,O20240154,2024,Sociologia,2024-01-26,0,Concluída,61.6,Feira escolar
M0004020,A00335,O20250202,2025,Biologia,2025-03-18,10,Ativa,49.5,
M0004021,A00335,O20250208,2025,Filosofia,2025-04-16,25,Ativa,79.8,Indicação
M0004022,A00335,O20250204,2025,Geografia,2025-01-22,,Concluída,65.1,Indicação
M0004023,A00335,O20250203,2025,História,2025-04-01,0,Concluída,73.7,
M0004024,A00335,O20250207,2025,Inglês,2025-02-12,0,Concluída,72.5,WhatsApp
M0004025,A00335,O20250199,2025,Matemática,25/02/2025,25,Concluída,57.3,Indicação
M0004026,A00335,O20250205,2025,Português,2025-01-01,20,Concluída,36.3,WhatsApp
M0004027,A00335,O20250201,2025,Química,2025-02-08,20,Concluída,52.7,
M0004028,A00335,O20250206,2025,Redação,03-09-2025,10,Concluída,53.4,Instagram
M0004029,A00335,O20250209,2025,Sociologia,2025-01-19,10,Concluída,66.7,Indicação
M0004030,A00336,O20220048,2022,Biologia,2022-01-22,20,Concluída,61.0,WhatsApp
M0004031,A00336,O20220054,2022,Filosofia,2022-01-11,50,concluida,58.8,Google
M0004032,A00336,O20220046,2022,Física,2022-03-22,,Concluída,53.0,Instagram
M0004033,A00336,O20220050,2022,Geografia,2022-02-04,0,Trancada,44.5,WhatsApp
M0004034,A00336,O20220049,2022,História,2022-03-28,15,Concluída,14.9,Instagram
M0004035,A00336,O20220053,2022,Inglês,2022-01-06,15,Concluída,68.1,Instagram
M0004036,A00336,O20220045,2022,Matemática,2022-02-20,15,Concluída,81.5,
M0004037,A00336,O20220051,2022,Português,2022-01-17,25,Ativa,53.8,WhatsApp
M0004038,A00336,O20220047,2022,Química,2022-01-24,50,Cancelada,74.2,Google
M0004039,A00336,O20220052,2022,Redacao,2022-04-01,15,Cancelada,51.2,WhatsApp
M0004040,A00336,O20220055,2022,Sociologia,2022-04-15,,Concluída,67.5,
M0004041,A00337,O20250191,2025,Biologia,2025-04-26,50,Ativa,65.7,Google
M0004042,A00337,O20250193,2025,Geografia,2025-01-06,0,,41.9,Google
M0004043,A00337,O20250192,2025,História,15/01/2025,0,Ativa,53.2,Google
M0004044,A00337,O20250196,2025,Inglês,2025-04-04,,Concluída,56.7,WhatsApp
M0004045,A00337,O20250188,2025,Matemática,2025-03-21,30,Concluída,55.2,Instagram
M0004046,A00337,O20250194,2025,Português,2025-02-12,10,Cancelada,68.3,
M0004047,A00337,O20250195,2025,Redação,2025-01-04,30,Concluída,55.5,Feira escolar
M0004048,A00337,O20250198,2025,Sociologia,2025-04-14,30,Concluída,73.9,WhatsApp
M0004049,A00338,O20210004,2021,BIOLOGIA,2021-04-03,0,concluida,48.7,WhatsApp
M0004050,A00338,O20210002,2021,Física,04-05-2021,20,Concluída,53.4,Google
M0004051,A00338,O20210006,2021,Geografia,2021-03-09,0,concluida,60.3,Google
M0004052,A00338,O20210009,2021,Inglês,2021-02-04,30,Trancada,59.8,Google
M0004053,A00338,O20210001,2021,Matemática,2021-01-06,,Cancelada,67.8,Feira escolar
M0004054,A00338,O20210007,2021,Português,2021-03-06,,Concluída,41.7,WhatsApp
M0004055,A00338,O20210003,2021,Química,2021-04-22,10,Ativa,44.7,Instagram
M0004056,A00338,O20210008,2021,Redação,2021-02-08,25,Concluída,75.0,Instagram
M0004057,A00338,O20210011,2021,Sociologia,2021-01-10,20,Concluída,51.8,Feira escolar
M0004058,A00338,O20220065,2022,Filosofia,2022-04-19,25,Concluída,60.8,Google
M0004059,A00338,O20220064,2022,Inglês,2022-03-26,25,Concluída,60.2,Feira escolar
M0004060,A00338,O20220056,2022,Matemática,2022-02-17,25,Concluída,59.5,Indicação
M0004061,A00338,O20220062,2022,Português,2022-01-13,25,Concluída,62.1,Instagram
M0004062,A00338,O20220058,2022,Química,2022-04-16,30,Concluída,60.9,Indicação
M0004063,A00338,O20220063,2022,Redação,2022-02-09,20,Concluída,40.3,Feira escolar
M0004064,A00338,O20220066,2022,Sociologia,2022-02-25,10,Concluída,64.0,
M0004065,A00339,O20220070,2022,Biologia,2022-04-26,0,Concluída,67.8,
M0004066,A00339,O20220076,2022,Filosofia,2022-02-04,25,Concluída,76.1,
M0004067,A00339,O20220068,2022,Física,02-05-2022,,Concluída,37.3,
M0004068,A00339,O20220072,2022,Geografia,27/03/2022,50,Concluída,57.1,Indicação
M0004069,A00339,O20220071,2022,História,2022-01-25,0,Concluída,57.2,Feira escolar
M0004070,A00339,O20220075,2022,Inglês,2022-01-27,25,Ativa,45.6,
M0004071,A00339,O20220067,2022,MATEMÁTICA,2022-02-02,15,Concluída,39.4,Feira escolar
M0004072,A00339,O20220073,2022,Português,2022-01-28,10,Ativa,53.9,Google
M0004073,A00339,O20220069,2022,Química,2022-04-15,10,Ativa,51.9,Instagram
M0004074,A00339,O20220074,2022,Redação,2022-04-17,0,Concluída,64.5,Google
M0004075,A00339,O20220077,2022,Sociologia,2022-03-02,,Concluída,62.4,Indicação
M0004076,A00340,O20210026,2021,Biologia,2021-02-14,50,Concluída,51.5,Google
M0004077,A00340,O20210024,2021,FÍSICA,2021-04-05,15,Concluída,38.0,Instagram
M0004078,A00340,O20210028,2021,GEOGRAFIA,2021-01-13,50,Concluída,49.3,WhatsApp
M0004079,A00340,O20210027,2021,História,2021-02-28,20,Concluída,79.9,
M0004080,A00340,O20210031,2021,Inglês,2021-03-05,15,Concluída,37.2,Feira escolar
M0004081,A00340,O20210023,2021,Matemática,2021-01-05,0,Ativa,45.8,Instagram
M0004082,A00340,O20210029,2021,Português,2021-03-12,50,Ativa,55.8,Google
M0004083,A00340,O20210025,2021,Química,2021/01/28,,Concluída,77.3,WhatsApp
M0004084,A00340,O20210030,2021,Redacao,2021-02-04,0,Ativa,51.6,Google
M0004085,A00340,O20210033,2021,Sociologia,2021-04-14,25,Concluída,80.0,Google
M0004086,A00341,O20250213,2025,Biologia,2025-02-07,10,Concluída,45.8,Google
M0004087,A00341,O20250219,2025,Filosofia,2025-01-12,25,Ativa,76.9,Feira escolar
M0004088,A00341,O20250211,2025,Física,2025-01-12,0,Concluída,42.6,Indicação
M0004089,A00341,O20250215,2025,Geografia,2025-01-18,0,Concluída,53.2,Feira escolar
M0004090,A00341,O20250214,2025,História,2025-04-26,50,Concluída,79.9,Feira escolar
M0004091,A00341,O20250218,2025,Inglês,2025-01-19,50,Concluída,85.3,WhatsApp
M0004092,A00341,O20250210,2025,Matemática,05/02/2025,30,Concluída,82.6,WhatsApp
M0004093,A00341,O20250216,2025,Português,2025-01-24,0,Concluída,60.4,WhatsApp
M0004094,A00341,O20250212,2025,Química,2025-01-07,10,Ativa,89.9,
M0004095,A00341,O20250217,2025,Redação,2025-02-18,15,Concluída,96.7,
M0004096,A00341,O20250220,2025,Sociologia,2025-03-15,15,Concluída,35.3,Feira escolar
M0004097,A00342,O20240147,2024,Biologia,2024-01-25,50,Concluída,49.4,Google
M0004098,A00342,O20240153,2024,Filosofia,2024-03-25,25,Concluída,60.7,Indicação
M0004099,A00342,O20240145,2024,FÍSICA,27/01/2024,50,Concluída,81.8,Indicação
M0004100,A00342,O20240149,2024,Geografia,2024-03-20,25,Concluída,45.4,Feira escolar
M0004101,A00342,O20240144,2024,Matemática,2024-03-19,15,Ativa,50.4,Instagram
M0004102,A00342,O20240150,2024,Português,2024-04-04,15,Concluída,76.2,Feira escolar
M0004103,A00342,O20240146,2024,Química,2024-03-16,30,Concluída,63.7,Instagram
M0004104,A00342,O20240151,2024,Redação,2024-03-07,0,Concluída,36.8,Feira escolar
M0004105,A00342,O20240154,2024,Sociologia,2024-04-17,0,,48.9,Feira escolar
M0004106,A00343,O20210037,2021,Biologia,2021-03-25,50,Ativa,48.7,Feira escolar
M0004107,A00343,O20210043,2021,Filosofia,2021-04-17,25,Concluída,57.8,
M0004108,A00343,O20210035,2021,Física,2021-02-14,,Ativa,72.4,Feira escolar
M0004109,A00343,O20210039,2021,Geografia,2021-04-28,0,Concluída,54.4,Google
M0004110,A00343,O20210038,2021,História,2021-02-27,30,Concluída,40.9,Feira escolar
M0004111,A00343,O20210042,2021,Inglês,2021-01-08,50,Concluída,38.4,WhatsApp
M0004112,A00343,O20210034,2021,Matemática,2021-04-17,25,Ativa,54.9,Indicação
M0004113,A00343,O20210040,2021,Portugues,2021-04-25,20,Ativa,41.9,Feira escolar
M0004114,A00343,O20210041,2021,Redação,2021-01-01,25,Concluída,68.4,Instagram
M0004115,A00343,O20220048,2022,Biologia,2022-01-08,0,Ativa,39.1,Feira escolar
M0004116,A00343,O20220054,2022,Filosofia,20/04/2022,20,Concluída,42.7,WhatsApp
M0004117,A00343,O20220046,2022,Física,2022-02-12,20,Concluída,53.1,Google
M0004118,A00343,O20220050,2022,Geografia,2022-02-07,,Trancada,49.9,WhatsApp
M0004119,A00343,O20220049,2022,História,2022-04-16,0,Cancelada,56.2,
M0004120,A00343,O20220053,2022,Inglês,01-28-2022,25,Concluída,59.4,Instagram
M0004121,A00343,O20220045,2022,Matemática,2022/04/03,0,Ativa,34.8,
M0004122,A00343,O20220051,2022,Português,2022-03-23,25,Concluída,65.2,Instagram
M0004123,A00343,O20220047,2022,Química,26/02/2022,25,Concluída,63.7,Google
M0004124,A00343,O20220052,2022,Redação,2022-04-15,50,Cancelada,70.2,Feira escolar
M0004125,A00343,O20220055,2022,Sociologia,2022-03-28,,Concluída,60.6,Feira escolar
M0004126,A00344,O20220081,2022,Biologia,2022-01-17,15,Concluída,68.9,Instagram
M0004127,A00344,O20220079,2022,Física,2022-01-14,50,Concluída,48.8,
M0004128,A00344,O20220083,2022,Geografia,2022-02-23,,Concluída,75.5,Google
M0004129,A00344,O20220086,2022,Inglês,2022-02-28,15,Concluída,60.0,Feira escolar
M0004130,A00344,O20220078,2022,Matemática,03-18-2022,30,Concluída,67.7,
M0004131,A00344,O20220084,2022,Português,2022-01-16,25,Concluída,58.2,Instagram
M0004132,A00344,O20220080,2022,Química,2022-04-13,50,Concluída,62.7,Indicação
M0004133,A00344,O20220085,2022,Redação,2022-03-16,0,Concluída,60.7,
M0004134,A00344,O20230098,2023,Filosofia,2023-01-11,10,Ativa,70.4,Indicação
M0004135,A00344,O20230090,2023,Física,2023-04-23,50,Concluída,50.9,Instagram
M0004136,A00344,O20230097,2023,Inglês,2023-03-24,0,Concluída,30.5,Google
M0004137,A00344,O20230089,2023,Matemática,2023-04-02,,Cancelada,68.4,Indicação
M0004138,A00344,O20230095,2023,Português,2023-03-04,15,Cancelada,50.2,Feira escolar
M0004139,A00344,O20230096,2023,Redação,2023-02-23,20,Concluída,48.3,Instagram
M0004140,A00344,O20230099,2023,Sociologia,2023-03-06,25,Concluída,71.5,WhatsApp
M0004141,A00345,O20240136,2024,Biologia,2024-03-04,30,Concluída,41.8,Google
M0004142,A00345,O20240142,2024,Filosofia,2024-03-06,0,Concluída,46.6,Feira escolar
M0004143,A00345,O20240137,2024,História,2024-03-20,30,Concluída,73.6,
M0004144,A00345,O20240141,2024,Inglês,2024-03-24,30,Concluída,63.5,WhatsApp
M0004145,A00345,O20240133,2024,Matemática,2024-01-13,10,Concluída,44.1,
M0004146,A00345,O20240139,2024,Português,2024-02-05,20,,48.7,Instagram
M0004147,A00345,O20240135,2024,Química,03-05-2024,20,Concluída,56.4,Google
M0004148,A00345,O20240140,2024,Redação,2024-02-05,25,Concluída,83.4,Google
M0004149,A00345,O20240143,2024,Sociologia,2024-04-28,20,Trancada,60.3,Indicação
M0004150,A00346,O20210004,2021,Biologia,2021-03-06,20,Ativa,69.1,Indicação
M0004151,A00346,O20210010,2021,Filosofia,02-25-2021,0,Concluída,75.0,
M0004152,A00346,O20210002,2021,Física,2021-01-07,0,Concluída,49.7,WhatsApp
M0004153,A00346,O20210005,2021,História,2021-01-24,20,concluida,49.2,WhatsApp
M0004154,A00346,O20210001,2021,Matemática,2021-01-12,30,Concluída,54.8,Indicação
M0004155,A00346,O20210007,2021,Português,2021-02-17,0,Ativa,65.2,Instagram
M0004156,A00346,O20210003,2021,Química,2021-02-13,10,Concluída,40.7,WhatsApp
M0004157,A00346,O20210008,2021,Redação,2021-01-27,20,Concluída,56.9,Indicação
M0004158,A00346,O20210011,2021,Sociologia,2021-02-14,0,Concluída,58.6,Indicação
M0004159,A00346,O20220048,2022,Biologia,2022-02-14,30,Concluída,52.1,Feira escolar
M0004160,A00346,O20220054,2022,Filosofia,2022-04-26,20,Concluída,68.2,WhatsApp
M0004161,A00346,O20220046,2022,Física,2022-02-07,10,Concluída,44.0,Feira escolar
M0004162,A00346,O20220050,2022,Geografia,2022-04-20,10,Concluída,67.0,Google
M0004163,A00346,O20220053,2022,Inglês,2022-02-05,25,Concluída,73.8,Instagram
M0004164,A00346,O20220045,2022,Matemática,2022-04-09,25,Ativa,48.2,Google
M0004165,A00346,O20220051,2022,Português,2022-02-08,25,Concluída,59.8,Feira escolar
M0004166,A00346,O20220047,2022,Química,2022-03-22,20,Concluída,45.1,WhatsApp
M0004167,A00346,O20220052,2022,Redação,2022-04-20,15,Ativa,44.1,Google
M0004168,A00346,O20220055,2022,Sociologia,2022-01-16,0,Concluída,67.0,Indicação
M0004169,A00347,O20210028,2021,Geografia,2021-02-05,25,Ativa,61.5,Indicação
M0004170,A00347,O20210027,2021,História,2021-04-26,50,Concluída,57.0,Google
M0004171,A00347,O20210031,2021,Inglês,2021-04-13,15,Concluída,40.6,Google
M0004172,A00347,O20210023,2021,Matemática,2021-03-24,25,Concluída,73.0,Google
M0004173,A00347,O20210029,2021,Português,2021-01-22,50,concluida,61.4,Instagram
M0004174,A00347,O20210030,2021,Redação,2021-03-25,20,Concluída,44.7,Feira escolar
M0004175,A00347,O20210033,2021,Sociologia,2021-04-10,15,concluida,59.3,
M0004176,A00348,O20240158,2024,Biologia,2024-02-07,25,Concluída,43.3,Instagram
M0004177,A00348,O20240164,2024,Filosofia,2024-02-25,,Trancada,60.0,Google
M0004178,A00348,O20240156,2024,Física,2024-02-10,0,Concluída,61.3,Google
M0004179,A00348,O20240159,2024,História,2024-02-03,15,Ativa,61.7,Indicação
M0004180,A00348,O20240163,2024,Inglês,2024-02-04,,Concluída,82.7,Indicação
M0004181,A00348,O20240155,2024,Matemática,2024-03-25,10,Concluída,50.7,WhatsApp
M0004182,A00348,O20240161,2024,Português,2024-02-27,20,Concluída,52.6,Feira escolar
M0004183,A00348,O20240157,2024,Química,2024-04-11,0,concluida,40.7,
M0004184,A00348,O20240162,2024,Redação,2024-03-21,30,Ativa,56.5,Indicação
M0004185,A00348,O20240165,2024,Sociologia,2024-02-22,50,Cancelada,62.9,Feira escolar
M0004186,A00349,O20240136,2024,Biologia,2024-04-06,0,Ativa,44.6,Instagram
M0004187,A00349,O20240142,2024,Filosofia,2024-04-25,50,Ativa,48.0,Feira escolar
M0004188,A00349,O20240134,2024,Física,2024-04-02,25,Ativa,58.8,Google
M0004189,A00349,O20240138,2024,Geografia,2024-04-04,15,Concluída,48.5,Feira escolar
M0004190,A00349,O20240137,2024,História,2024-02-02,0,concluida,44.6,Feira escolar
M0004191,A00349,O20240141,2024,Inglês,2024-02-21,30,Concluída,50.7,Google
M0004192,A00349,O20240133,2024,Matemática,2024-02-22,50,concluida,83.3,Instagram
M0004193,A00349,O20240139,2024,Português,2024-02-02,10,concluida,39.9,Google
M0004194,A00349,O20240135,2024,Química,2024-01-12,15,Concluída,40.4,Google
M0004195,A00349,O20240140,2024,Redação,2024-01-06,0,Concluída,61.9,
M0004196,A00349,O20240143,2024,SOCIOLOGIA,2024-01-07,0,Concluída,76.2,Google
M0004197,A00349,O20250191,2025,Biologia,2025-04-02,30,,61.9,
M0004198,A00349,O20250192,2025,Historia,2025-03-22,50,Concluída,67.2,Google
M0004199,A00349,O20250196,2025,Inglês,2025-02-25,0,Concluída,64.4,Feira escolar
M0004200,A00349,O20250188,2025,Matemática,2025-01-10,0,Concluída,61.7,WhatsApp
M0004201,A00349,O20250194,2025,Português,2025-04-26,50,Concluída,64.1,WhatsApp
M0004202,A00349,O20250190,2025,Química,2025-04-06,0,Concluída,57.0,
M0004203,A00349,O20250195,2025,Redação,2025-02-20,30,Concluída,65.1,
M0004204,A00350,O20230090,2023,Fisica,2023-01-04,,Concluída,53.1,Instagram
M0004205,A00350,O20230089,2023,Matemática,2023-03-11,50,Concluída,55.4,Google
M0004206,A00350,O20230095,2023,Português,2023-03-07,25,Concluída,79.0,Indicação
M0004207,A00350,O20230091,2023,Química,2023-02-23,30,Cancelada,105.9,Google
M0004208,A00350,O20230096,2023,Redação,2023-03-16,25,Concluída,58.2,
M0004209,A00350,O20230099,2023,Sociologia,2023-02-28,,Concluída,36.3,Feira escolar
M0004210,A00351,O20250180,2025,Biologia,2025-01-26,10,concluida,66.6,WhatsApp
M0004211,A00351,O20250178,2025,Física,2025-03-19,0,Trancada,60.6,Google
M0004212,A00351,O20250182,2025,Geografia,2025-01-20,0,Concluída,56.7,WhatsApp
M0004213,A00351,O20250185,2025,Inglês,2025-04-07,50,Concluída,30.0,WhatsApp
M0004214,A00351,O20250177,2025,Matemática,2025-01-18,,Concluída,50.9,Feira escolar
M0004215,A00351,O20250183,2025,Português,2025-04-10,50,Concluída,57.2,Instagram
M0004216,A00351,O20250179,2025,Química,10/03/2025,0,Concluída,64.3,Feira escolar
M0004217,A00351,O20250184,2025,Redação,2025-01-12,15,Concluída,69.9,Feira escolar
M0004218,A00351,O20250187,2025,Sociologia,03-27-2025,30,Ativa,34.5,Instagram
M0004219,A00352,O20240158,2024,Biologia,2024-04-23,0,Concluída,68.2,
M0004220,A00352,O20240164,2024,Filosofia,2024-03-01,25,Concluída,25.2,Google
M0004221,A00352,O20240156,2024,Física,2024-01-20,0,Concluída,83.1,Instagram
M0004222,A00352,O20240160,2024,Geografia,2024-02-04,10,Concluída,45.6,Indicação
M0004223,A00352,O20240159,2024,Historia,2024-01-16,15,Concluída,60.7,Feira escolar
M0004224,A00352,O20240163,2024,Inglês,2024-02-07,20,Concluída,60.7,Google
M0004225,A00352,O20240155,2024,Matemática,2024-03-15,0,concluida,28.3,Google
M0004226,A00352,O20240161,2024,Português,2024-02-22,0,Concluída,31.6,WhatsApp
M0004227,A00352,O20240157,2024,Química,2024-04-23,50,Ativa,52.9,WhatsApp
M0004228,A00352,O20240162,2024,Redação,14/04/2024,0,Concluída,47.1,Google
M0004229,A00353,O20210010,2021,Filosofia,2021-04-14,25,Concluída,49.0,Feira escolar
M0004230,A00353,O20210002,2021,FÍSICA,2021-02-12,0,,82.6,
M0004231,A00353,O20210006,2021,Geografia,2021-02-12,15,Concluída,63.2,
M0004232,A00353,O20210005,2021,Historia,2021-03-20,0,Ativa,49.0,Indicação
M0004233,A00353,O20210009,2021,Inglês,28/01/2021,30,Concluída,67.8,Feira escolar
M0004234,A00353,O20210001,2021,Matemática,2021-03-17,,Cancelada,68.7,Google
M0004235,A00353,O20210007,2021,Português,2021-01-14,0,Ativa,51.7,Instagram
M0004236,A00353,O20210003,2021,Química,2021/03/16,20,Ativa,43.6,Instagram
M0004237,A00353,O20210008,2021,Redação,2021-01-07,25,Concluída,70.0,Indicação
M0004238,A00353,O20210011,2021,Sociologia,2021-03-06,0,Concluída,81.1,Google
M0004239,A00354,O20210004,2021,Biologia,02-07-2021,25,Ativa,54.5,Indicação
M0004240,A00354,O20210010,2021,Filosofia,2021-03-23,20,Concluída,56.0,Google
M0004241,A00354,O20210002,2021,Fisica,2021/01/23,0,Concluída,52.1,Feira escolar
M0004242,A00354,O20210006,2021,Geografia,2021-02-08,25,Concluída,47.7,
M0004243,A00354,O20210005,2021,História,2021-04-04,30,Concluída,77.3,
M0004244,A00354,O20210009,2021,Ingles,2021-02-20,50,Concluída,69.0,WhatsApp
M0004245,A00354,O20210001,2021,Matemática,2021-04-04,25,Concluída,59.1,WhatsApp
M0004246,A00354,O20210007,2021,Português,2021-04-17,30,Concluída,60.4,Feira escolar
M0004247,A00354,O20210003,2021,Química,2021-02-14,20,Concluída,58.0,Indicação
M0004248,A00354,O20210008,2021,Redação,2021-01-01,0,Concluída,75.7,Google
M0004249,A00354,O20210011,2021,Sociologia,2021-01-11,25,concluida,68.2,Indicação
M0004250,A00355,O20210015,2021,Biologia,2021-01-10,50,Concluída,57.7,WhatsApp
M0004251,A00355,O20210021,2021,Filosofia,2021-03-01,0,Concluída,54.1,Feira escolar
M0004252,A00355,O20210017,2021,Geografia,2021-02-08,15,Ativa,69.2,Instagram
M0004253,A00355,O20210020,2021,Inglês,2021-03-13,,Concluída,51.7,Google
M0004254,A00355,O20210012,2021,Matemática,2021-03-12,25,Ativa,46.5,Instagram
M0004255,A00355,O20210018,2021,PORTUGUÊS,2021-01-03,,Concluída,57.2,
M0004256,A00355,O20210014,2021,Química,2021-02-15,0,Concluída,56.6,Google
M0004257,A00355,O20210019,2021,Redação,2021-04-24,,Concluída,49.9,Indicação
M0004258,A00355,O20210022,2021,Sociologia,2021-01-19,30,Cancelada,55.4,Indicação
M0004259,A00355,O20220070,2022,BIOLOGIA,2022-03-21,15,Concluída,77.0,Google
M0004260,A00355,O20220076,2022,Filosofia,2022-03-22,0,Concluída,63.8,Feira escolar
M0004261,A00355,O20220072,2022,Geografia,2022-03-17,,Ativa,95.3,Google
M0004262,A00355,O20220071,2022,Historia,2022-04-01,30,Concluída,74.2,Google
M0004263,A00355,O20220067,2022,Matemática,2022-01-23,,Concluída,75.7,Google
M0004264,A00355,O20220073,2022,Português,2022-02-04,15,Concluída,64.3,Instagram
M0004265,A00355,O20220069,2022,Química,2022-03-23,0,Trancada,55.2,Google
M0004266,A00355,O20220074,2022,Redação,2022-03-02,15,Trancada,43.9,Indicação
M0004267,A00355,O20220077,2022,Sociologia,2022-01-19,0,Concluída,49.9,
M0004268,A00356,O20210004,2021,BIOLOGIA,2021-01-19,,Concluída,82.6,Google
M0004269,A00356,O20210010,2021,Filosofia,2021-03-02,25,Concluída,53.8,
M0004270,A00356,O20210001,2021,Matemática,2021-04-13,50,Ativa,65.4,Instagram
M0004271,A00356,O20210007,2021,Português,2021-03-01,10,Concluída,42.0,Feira escolar
M0004272,A00356,O20210003,2021,Química,06/02/2021,30,Concluída,56.5,WhatsApp
M0004273,A00356,O20210008,2021,Redação,2021-01-13,30,Concluída,47.2,Feira escolar
M0004274,A00356,O20210011,2021,Sociologia,2021/01/23,10,Concluída,55.8,Feira escolar
M0004275,A00357,O20240147,2024,Biologia,2024-04-10,15,Concluída,71.0,WhatsApp
M0004276,A00357,O20240153,2024,Filosofia,2024-03-06,15,Concluída,70.0,WhatsApp
M0004277,A00357,O20240145,2024,Física,2024-01-17,0,Concluída,63.6,WhatsApp
M0004278,A00357,O20240149,2024,Geografia,2024-02-11,25,concluida,48.7,Feira escolar
M0004279,A00357,O20240152,2024,Inglês,2024-03-04,,Cancelada,57.9,Instagram
M0004280,A00357,O20240144,2024,Matemática,2024-01-17,0,concluida,72.9,Indicação
M0004281,A00357,O20240150,2024,Português,2024-03-02,50,Concluída,53.0,Feira escolar
M0004282,A00357,O20240146,2024,Química,2024-03-28,,Concluída,48.7,Indicação
M0004283,A00357,O20240151,2024,Redação,2024-01-19,50,Concluída,76.9,Google
M0004284,A00357,O20240154,2024,Sociologia,04-24-2024,,concluida,68.7,Feira escolar
M0004285,A00357,O20250202,2025,Biologia,2025-01-17,10,Concluída,80.5,WhatsApp
M0004286,A00357,O20250208,2025,Filosofia,2025-02-04,,Concluída,44.8,
M0004287,A00357,O20250200,2025,Física,2025-04-20,50,Concluída,53.6,Feira escolar
M0004288,A00357,O20250207,2025,Inglês,2025-03-05,30,Concluída,38.8,Indicação
M0004289,A00357,O20250199,2025,Matemática,2025-01-11,0,Concluída,68.0,Indicação
M0004290,A00357,O20250205,2025,Portugues,2025-04-16,10,Concluída,63.6,
M0004291,A00357,O20250206,2025,REDAÇÃO,2025-03-17,0,Ativa,83.0,Instagram
M0004292,A00358,O20230092,2023,Biologia,2023-01-14,25,Concluída,88.3,Instagram
M0004293,A00358,O20230090,2023,Física,2023-04-09,,Concluída,45.7,WhatsApp
M0004294,A00358,O20230093,2023,História,2023-02-05,0,Concluída,69.6,Google
M0004295,A00358,O20230089,2023,Matemática,2023-03-05,,Ativa,72.6,Instagram
M0004296,A00358,O20230095,2023,Português,2023-04-17,0,Cancelada,66.0,Indicação
M0004297,A00358,O20230091,2023,Química,2023-02-24,0,Concluída,75.3,Indicação
M0004298,A00358,O20230096,2023,Redação,2023-03-01,0,Concluída,57.8,Instagram
M0004299,A00358,O20230099,2023,Sociologia,2023-02-11,30,Ativa,63.5,Instagram
M0004300,A00359,O20240136,2024,Biologia,2024-03-22,0,Concluída,81.6,Indicação
M0004301,A00359,O20240142,2024,Filosofia,2024-02-28,20,Concluída,72.2,WhatsApp
M0004302,A00359,O20240134,2024,Física,2024-04-19,0,Concluída,50.9,Feira escolar
M0004303,A00359,O20240138,2024,Geografia,2024-04-15,20,Concluída,70.3,Instagram
M0004304,A00359,O20240137,2024,História,2024/01/07,,concluida,63.5,Google
M0004305,A00359,O20240141,2024,Inglês,2024-02-01,0,Concluída,55.7,Indicação
M0004306,A00359,O20240133,2024,Matemática,2024-01-28,25,concluida,72.2,
M0004307,A00359,O20240139,2024,Português,2024-02-21,25,Concluída,68.0,Instagram
M0004308,A00359,O20240135,2024,Química,2024-01-17,50,Trancada,70.5,WhatsApp
M0004309,A00359,O20240140,2024,Redação,2024-02-20,0,Ativa,48.3,Indicação
M0004310,A00359,O20240143,2024,SOCIOLOGIA,2024-03-16,10,Trancada,66.8,Instagram
M0004311,A00360,O20250202,2025,Biologia,2025-03-20,15,Concluída,70.5,WhatsApp
M0004312,A00360,O20250203,2025,História,2025-03-23,20,concluida,26.0,Feira escolar
M0004313,A00360,O20250207,2025,Inglês,2025-02-20,0,Concluída,44.1,Feira escolar
M0004314,A00360,O20250199,2025,Matemática,2025-03-20,,Ativa,70.9,Feira escolar
M0004315,A00360,O20250205,2025,Português,2025-04-20,0,Concluída,68.4,Indicação
M0004316,A00360,O20250201,2025,Química,2025-01-17,20,Concluída,53.4,WhatsApp
M0004317,A00360,O20250206,2025,Redação,2025-01-16,50,Concluída,55.4,WhatsApp
M0004318,A00360,O20250209,2025,Sociologia,2025-01-24,50,Concluída,61.4,WhatsApp
M0004319,A00361,O20250191,2025,Biologia,2025-04-23,25,Ativa,65.0,Feira escolar
M0004320,A00361,O20250196,2025,Inglês,2025-01-12,15,Concluída,52.4,Indicação
M0004321,A00361,O20250188,2025,Matemática,2025-01-19,30,Concluída,46.3,Indicação
M0004322,A00361,O20250194,2025,Português,2025-02-25,25,Ativa,41.8,WhatsApp
M0004323,A00361,O20250190,2025,Química,2025-02-14,15,Trancada,71.3,Indicação
M0004324,A00361,O20250195,2025,Redação,2025-01-05,20,,67.5,Feira escolar
M0004325,A00361,O20250198,2025,Sociologia,2025-04-20,20,Concluída,48.0,Google
M0004326,A00362,O20230114,2023,Biologia,2023-02-12,50,Concluída,62.6,Google
M0004327,A00362,O20230112,2023,Física,2023-02-10,30,Concluída,59.5,WhatsApp
M0004328,A00362,O20230116,2023,Geografia,2023-04-22,20,Concluída,34.2,Indicação
M0004329,A00362,O20230115,2023,História,2023-04-22,0,Concluída,40.8,Indicação
M0004330,A00362,O20230119,2023,Inglês,2023-03-16,0,Concluída,78.5,Indicação
M0004331,A00362,O20230111,2023,Matematica,2023-01-26,0,,80.8,WhatsApp
M0004332,A00362,O20230117,2023,Português,2023-03-07,30,Concluída,78.4,Google
M0004333,A00362,O20230118,2023,Redação,03-11-2023,30,Concluída,55.1,Indicação
M0004334,A00363,O20210026,2021,Biologia,2021-02-25,50,Concluída,70.9,WhatsApp
M0004335,A00363,O20210032,2021,Filosofia,2021-02-23,15,Cancelada,61.2,Google
M0004336,A00363,O20210024,2021,Física,2021-02-06,30,Concluída,54.7,Google
M0004337,A00363,O20210028,2021,Geografia,2021-02-22,30,Concluída,79.2,
M0004338,A00363,O20210027,2021,História,2021-02-11,0,Concluída,85.9,Instagram
M0004339,A00363,O20210031,2021,Inglês,2021-04-02,30,Concluída,49.6,Indicação
M0004340,A00363,O20210023,2021,MATEMÁTICA,2021-03-12,50,Cancelada,88.3,Google
M0004341,A00363,O20210029,2021,Português,2021-03-13,50,Concluída,77.0,Indicação
M0004342,A00363,O20210025,2021,Quimica,2021/03/22,0,Ativa,21.9,Feira escolar
M0004343,A00363,O20210030,2021,Redação,2021-01-01,20,Ativa,63.8,Instagram
M0004344,A00363,O20210033,2021,Sociologia,15/01/2021,25,Concluída,49.4,Indicação
M0004345,A00363,O20220054,2022,Filosofia,2022-04-11,0,Ativa,49.0,Google
M0004346,A00363,O20220045,2022,Matemática,2022-02-15,20,Ativa,90.4,WhatsApp
M0004347,A00363,O20220051,2022,Português,2022/04/01,15,Cancelada,80.5,Google
M0004348,A00363,O20220047,2022,Química,2022-03-15,20,Concluída,64.0,Feira escolar
M0004349,A00363,O20220052,2022,Redação,2022-01-09,15,Concluída,51.6,Indicação
M0004350,A00363,O20220055,2022,Sociologia,2022-02-12,0,Concluída,40.8,
M0004351,A00364,O20230103,2023,Biologia,2023-01-02,50,Concluída,38.3,Instagram
M0004352,A00364,O20230109,2023,Filosofia,2023-03-02,0,Concluída,46.2,Instagram
M0004353,A00364,O20230101,2023,Física,2023-04-26,20,Concluída,42.7,WhatsApp
M0004354,A00364,O20230105,2023,GEOGRAFIA,2023-03-03,30,Concluída,71.9,Feira escolar
M0004355,A00364,O20230104,2023,História,2023-02-01,0,Concluída,74.4,Indicação
M0004356,A00364,O20230100,2023,Matemática,2023-01-15,,Concluída,88.7,WhatsApp
M0004357,A00364,O20230106,2023,Português,2023-03-22,25,Trancada,73.3,Indicação
M0004358,A00364,O20230102,2023,Quimica,07/04/2023,30,Ativa,61.3,
M0004359,A00364,O20230107,2023,Redação,2023-04-15,0,Concluída,65.0,Instagram
M0004360,A00364,O20230110,2023,Sociologia,2023-02-10,30,Concluída,56.3,Instagram
M0004361,A00365,O20210026,2021,Biologia,2021-04-01,10,Concluída,71.7,WhatsApp
M0004362,A00365,O20210032,2021,Filosofia,2021-04-23,50,Concluída,90.3,
M0004363,A00365,O20210024,2021,Física,01-21-2021,15,Cancelada,68.7,Instagram
M0004364,A00365,O20210028,2021,Geografia,2021-04-24,10,Ativa,61.9,Google
M0004365,A00365,O20210027,2021,História,2021-04-13,0,Ativa,48.3,Google
M0004366,A00365,O20210031,2021,Inglês,2021-03-28,20,Ativa,60.5,Indicação
M0004367,A00365,O20210023,2021,Matemática,2021-04-03,0,Concluída,47.2,WhatsApp
M0004368,A00365,O20210029,2021,Português,07/04/2021,50,Concluída,55.2,Indicação
M0004369,A00365,O20210025,2021,Quimica,2021-03-22,25,Ativa,68.5,
M0004370,A00365,O20210030,2021,Redação,2021-04-19,10,Concluída,70.8,WhatsApp
M0004371,A00365,O20210033,2021,Sociologia,2021-01-22,0,Concluída,60.6,Google
M0004372,A00366,O20250180,2025,Biologia,2025/04/14,20,concluida,58.3,
M0004373,A00366,O20250186,2025,Filosofia,2025-02-05,20,Concluída,55.8,Feira escolar
M0004374,A00366,O20250178,2025,Física,2025-04-11,25,Concluída,69.8,
M0004375,A00366,O20250182,2025,GEOGRAFIA,2025-01-06,50,Concluída,59.1,Google
M0004376,A00366,O20250185,2025,Inglês,2025-04-10,25,Concluída,49.7,Google
M0004377,A00366,O20250177,2025,Matemática,2025-03-10,0,,66.7,WhatsApp
M0004378,A00366,O20250183,2025,Português,01-22-2025,0,Concluída,69.1,Instagram
M0004379,A00366,O20250184,2025,Redação,2025-03-11,0,Ativa,68.1,Google
M0004380,A00367,O20250213,2025,Biologia,2025-03-07,0,Concluída,91.8,Indicação
M0004381,A00367,O20250219,2025,FILOSOFIA,2025-02-26,15,Concluída,56.0,WhatsApp
M0004382,A00367,O20250211,2025,Física,2025/04/22,0,Concluída,62.9,Feira escolar
M0004383,A00367,O20250214,2025,História,18/01/2025,15,Trancada,55.0,Instagram
M0004384,A00367,O20250218,2025,Inglês,2025-01-08,50,Concluída,61.8,Indicação
M0004385,A00367,O20250210,2025,Matemática,2025-02-22,10,Cancelada,72.0,Google
M0004386,A00367,O20250216,2025,Português,2025-04-19,20,Concluída,48.6,Instagram
M0004387,A00367,O20250212,2025,Química,2025-01-22,0,Trancada,62.8,
M0004388,A00367,O20250217,2025,Redação,2025-03-14,30,Concluída,48.4,Indicação
M0004389,A00367,O20250220,2025,SOCIOLOGIA,2025-04-13,0,Concluída,52.6,
M0004390,A00368,O20210026,2021,Biologia,2021-02-23,0,Ativa,43.3,
M0004391,A00368,O20210032,2021,Filosofia,2021-04-25,15,Concluída,68.6,
M0004392,A00368,O20210024,2021,Física,2021/04/20,15,Concluída,84.5,Indicação
M0004393,A00368,O20210028,2021,Geografia,2021-02-12,30,Concluída,46.3,WhatsApp
M0004394,A00368,O20210031,2021,Inglês,2021-04-12,20,concluida,62.6,Feira escolar
M0004395,A00368,O20210023,2021,Matemática,2021-03-19,20,Concluída,67.1,Indicação
M0004396,A00368,O20210029,2021,Português,2021-03-23,,Concluída,44.6,Indicação
M0004397,A00368,O20210025,2021,Química,2021-01-07,,Concluída,40.0,WhatsApp
M0004398,A00368,O20210030,2021,Redação,2021-03-20,25,Concluída,65.3,WhatsApp
M0004399,A00368,O20210033,2021,SOCIOLOGIA,16/02/2021,50,Concluída,59.6,WhatsApp
M0004400,A00369,O20240147,2024,Biologia,2024-02-22,,Concluída,47.1,Google
M0004401,A00369,O20240145,2024,Física,2024-04-25,0,Cancelada,48.7,WhatsApp
M0004402,A00369,O20240148,2024,História,2024-04-02,0,Concluída,53.0,Google
M0004403,A00369,O20240152,2024,Inglês,04-08-2024,0,Concluída,60.4,Feira escolar
M0004404,A00369,O20240144,2024,Matemática,2024-03-02,0,Ativa,38.7,Instagram
M0004405,A00369,O20240150,2024,Português,2024-04-23,0,Ativa,51.9,Instagram
M0004406,A00369,O20240146,2024,Química,2024-01-06,0,Concluída,60.6,Feira escolar
M0004407,A00369,O20240151,2024,Redacao,2024-04-12,0,Cancelada,38.7,Feira escolar
M0004408,A00370,O20230092,2023,Biologia,2023-03-02,20,Concluída,83.9,WhatsApp
M0004409,A00370,O20230098,2023,Filosofia,2023-03-04,,Concluída,54.8,Indicação
M0004410,A00370,O20230090,2023,Física,2023-01-19,15,Trancada,58.6,Google
M0004411,A00370,O20230094,2023,Geografia,16/01/2023,10,Cancelada,78.1,WhatsApp
M0004412,A00370,O20230093,2023,História,2023-02-10,0,Ativa,43.2,Instagram
M0004413,A00370,O20230097,2023,Inglês,2023-02-25,0,Concluída,53.4,
M0004414,A00370,O20230089,2023,Matemática,2023-03-02,15,Concluída,66.9,Google
M0004415,A00370,O20230095,2023,Português,2023-01-19,30,Concluída,54.3,Indicação
M0004416,A00370,O20230091,2023,Química,2023-03-08,,Concluída,60.5,
M0004417,A00370,O20230096,2023,Redação,2023-01-14,50,Concluída,59.2,Instagram
M0004418,A00370,O20230099,2023,Sociologia,2023-04-13,15,Cancelada,56.0,WhatsApp
M0004419,A00370,O20240158,2024,Biologia,2024-01-09,10,Trancada,53.0,Instagram
M0004420,A00370,O20240164,2024,Filosofia,2024-04-07,0,Concluída,74.0,Feira escolar
M0004421,A00370,O20240160,2024,Geografia,2024-02-05,50,Concluída,65.4,Google
M0004422,A00370,O20240159,2024,História,2024-02-12,,Concluída,41.7,Feira escolar
M0004423,A00370,O20240155,2024,Matematica,2024/01/01,10,Ativa,39.1,Indicação
M0004424,A00370,O20240161,2024,Português,2024-03-24,0,Ativa,49.0,WhatsApp
M0004425,A00370,O20240157,2024,Química,2024-02-28,0,Cancelada,57.6,Indicação
M0004426,A00370,O20240162,2024,Redação,2024-03-19,20,Concluída,86.1,WhatsApp
M0004427,A00370,O20240165,2024,SOCIOLOGIA,2024/04/17,25,Trancada,58.2,Instagram
M0004428,A00371,O20250191,2025,Biologia,2025-01-25,15,Concluída,64.5,WhatsApp
M0004429,A00371,O20250197,2025,Filosofia,2025-02-15,0,Ativa,37.1,Google
M0004430,A00371,O20250189,2025,Física,2025-02-10,0,Concluída,55.0,Google
M0004431,A00371,O20250193,2025,Geografia,2025-04-03,25,Concluída,60.5,Indicação
M0004432,A00371,O20250192,2025,História,2025-04-01,10,Ativa,44.5,Indicação
M0004433,A00371,O20250196,2025,Inglês,2025-03-13,0,Cancelada,59.6,Feira escolar
M0004434,A00371,O20250188,2025,Matemática,2025-03-18,30,Concluída,48.6,Instagram
M0004435,A00371,O20250194,2025,Português,2025-01-09,0,Concluída,77.1,
M0004436,A00371,O20250190,2025,Química,2025-04-04,25,Ativa,46.3,Feira escolar
M0004437,A00371,O20250195,2025,Redação,2025-01-26,25,Concluída,51.7,Feira escolar
M0004438,A00371,O20250198,2025,Sociologia,2025-01-24,25,Ativa,38.3,Indicação
M0004439,A00372,O20210037,2021,Biologia,2021-02-17,0,Concluída,67.7,WhatsApp
M0004440,A00372,O20210043,2021,Filosofia,2021-03-25,15,Ativa,52.8,Feira escolar
M0004441,A00372,O20210035,2021,Física,02-05-2021,0,,47.9,Indicação
M0004442,A00372,O20210039,2021,Geografia,2021-04-13,0,Concluída,52.8,Instagram
M0004443,A00372,O20210038,2021,História,2021-04-27,30,Concluída,42.2,Feira escolar
M0004444,A00372,O20210042,2021,Inglês,04/04/2021,30,Concluída,73.1,Indicação
M0004445,A00372,O20210034,2021,Matemática,2021-02-10,0,concluida,65.7,
M0004446,A00372,O20210040,2021,Português,2021-03-04,50,Concluída,55.1,WhatsApp
M0004447,A00372,O20210036,2021,Química,2021-03-24,50,Concluída,65.4,Instagram
M0004448,A00372,O20210041,2021,Redação,2021-01-16,50,Concluída,65.5,Instagram
M0004449,A00372,O20210044,2021,Sociologia,2021-03-11,0,Cancelada,53.3,Indicação
M0004450,A00373,O20240158,2024,Biologia,2024-01-23,10,Ativa,60.5,
M0004451,A00373,O20240164,2024,FILOSOFIA,2024-01-14,10,Concluída,35.7,Indicação
M0004452,A00373,O20240156,2024,Física,2024-01-10,15,Concluída,77.0,Indicação
M0004453,A00373,O20240159,2024,Historia,2024-04-16,0,Ativa,48.6,
M0004454,A00373,O20240163,2024,Inglês,2024-04-01,15,Concluída,45.4,Instagram
M0004455,A00373,O20240155,2024,Matemática,2024-02-13,15,Ativa,56.6,WhatsApp
M0004456,A00373,O20240161,2024,Português,2024-02-24,0,Concluída,50.2,WhatsApp
M0004457,A00373,O20240157,2024,Química,2024-01-08,10,Cancelada,78.4,Indicação
M0004458,A00373,O20240162,2024,Redação,2024-01-10,20,Concluída,59.4,WhatsApp
M0004459,A00373,O20240165,2024,Sociologia,2024-03-24,30,Cancelada,55.8,
M0004460,A00374,O20250202,2025,Biologia,2025-03-26,0,Concluída,50.0,Feira escolar
M0004461,A00374,O20250208,2025,Filosofia,2025-03-11,30,Concluída,49.9,WhatsApp
M0004462,A00374,O20250200,2025,Física,2025-02-13,0,Concluída,57.8,Google
M0004463,A00374,O20250204,2025,Geografia,2025-01-11,,Ativa,42.6,Google
M0004464,A00374,O20250203,2025,História,04-01-2025,,Concluída,51.6,
M0004465,A00374,O20250207,2025,Inglês,2025-01-18,25,Concluída,41.1,WhatsApp
M0004466,A00374,O20250199,2025,Matemática,2025-01-12,,Concluída,32.8,Indicação
M0004467,A00374,O20250205,2025,Português,2025-03-12,,Ativa,48.3,
M0004468,A00374,O20250206,2025,Redação,2025-03-04,0,Concluída,51.7,Instagram
M0004469,A00374,O20250209,2025,Sociologia,2025-02-05,0,Ativa,28.4,Google
M0004470,A00375,O20230103,2023,BIOLOGIA,2023/01/20,20,Ativa,74.3,Feira escolar
M0004471,A00375,O20230101,2023,Física,2023-03-27,10,Ativa,71.0,Instagram
M0004472,A00375,O20230105,2023,Geografia,2023-03-08,15,Concluída,46.0,Google
M0004473,A00375,O20230104,2023,História,2023-03-26,0,Ativa,42.6,Feira escolar
M0004474,A00375,O20230108,2023,Inglês,2023-03-19,10,Concluída,72.2,Instagram
M0004475,A00375,O20230100,2023,Matemática,2023-03-10,10,Cancelada,59.6,Indicação
M0004476,A00375,O20230106,2023,Português,2023-01-11,0,Concluída,78.5,Feira escolar
M0004477,A00375,O20230102,2023,Química,2023-01-09,15,Concluída,76.7,Instagram
M0004478,A00375,O20230107,2023,Redação,2023-02-14,20,Concluída,58.7,Feira escolar
M0004479,A00375,O20230110,2023,Sociologia,2023-03-16,15,Ativa,66.7,WhatsApp
M0004480,A00376,O20210032,2021,Filosofia,2021-02-26,25,Concluída,77.8,Google
M0004481,A00376,O20210027,2021,História,2021-04-22,,Concluída,57.4,Instagram
M0004482,A00376,O20210031,2021,Inglês,2021-04-06,30,Concluída,65.3,Feira escolar
M0004483,A00376,O20210023,2021,Matemática,2021-04-24,0,concluida,73.8,WhatsApp
M0004484,A00376,O20210029,2021,Português,20/01/2021,30,Concluída,55.4,Google
M0004485,A00376,O20210025,2021,Química,2021-04-15,50,,48.9,Indicação
M0004486,A00376,O20210030,2021,Redacao,2021-03-27,0,Trancada,55.9,WhatsApp
M0004487,A00376,O20210033,2021,Sociologia,2021/03/19,20,Concluída,45.4,Instagram
M0004488,A00377,O20230098,2023,Filosofia,2023-01-18,15,Concluída,57.1,Feira escolar
M0004489,A00377,O20230093,2023,História,2023-03-04,30,Concluída,61.0,WhatsApp
M0004490,A00377,O20230097,2023,Inglês,2023-02-25,0,Concluída,54.7,Indicação
M0004491,A00377,O20230089,2023,Matemática,2023-02-27,15,Concluída,52.5,
M0004492,A00377,O20230095,2023,PORTUGUÊS,2023-04-28,,Concluída,60.8,Feira escolar
M0004493,A00377,O20230091,2023,Química,2023-04-27,20,Concluída,68.7,Instagram
M0004494,A00377,O20230096,2023,Redação,2023-04-15,50,concluida,75.8,Instagram
M0004495,A00377,O20230099,2023,Sociologia,2023-01-09,25,Concluída,51.6,Indicação
M0004496,A00378,O20250180,2025,Biologia,2025-04-11,0,Concluída,42.2,Google
M0004497,A00378,O20250186,2025,Filosofia,2025-03-22,25,Concluída,43.6,Feira escolar
M0004498,A00378,O20250182,2025,Geografia,2025-01-04,25,Ativa,55.8,Instagram
M0004499,A00378,O20250181,2025,História,2025-01-08,0,Concluída,57.0,Instagram
M0004500,A00378,O20250177,2025,Matemática,2025-01-12,15,concluida,64.0,Instagram
M0004501,A00378,O20250183,2025,Português,2025-02-05,0,Ativa,54.4,Indicação
M0004502,A00378,O20250179,2025,Química,2025-03-04,20,Concluída,50.5,Feira escolar
M0004503,A00378,O20250184,2025,Redação,2025-02-17,0,Concluída,78.3,WhatsApp
M0004504,A00379,O20250191,2025,Biologia,2025-04-05,0,Ativa,84.7,WhatsApp
M0004505,A00379,O20250193,2025,Geografia,2025-03-22,20,Concluída,71.3,Instagram
M0004506,A00379,O20250188,2025,Matemática,2025-04-21,0,Concluída,63.7,WhatsApp
M0004507,A00379,O20250194,2025,Português,2025-04-15,0,concluida,62.0,WhatsApp
M0004508,A00379,O20250190,2025,Química,2025-01-05,25,Ativa,61.6,Instagram
M0004509,A00379,O20250195,2025,Redação,2025-03-03,0,Concluída,42.1,WhatsApp
M0004510,A00379,O20250198,2025,Sociologia,2025-04-12,15,Ativa,70.7,Google
M0004511,A00380,O20250180,2025,Biologia,2025-02-15,,,39.6,Google
M0004512,A00380,O20250186,2025,FILOSOFIA,2025-02-15,30,Concluída,65.3,Indicação
M0004513,A00380,O20250182,2025,Geografia,2025-01-04,10,Ativa,58.3,Feira escolar
M0004514,A00380,O20250181,2025,Historia,2025-01-02,,Concluída,70.8,Instagram
M0004515,A00380,O20250177,2025,Matemática,2025-02-10,0,Concluída,57.8,WhatsApp
M0004516,A00380,O20250183,2025,PORTUGUÊS,02-08-2025,0,Concluída,64.5,Indicação
M0004517,A00380,O20250179,2025,Química,2025-03-03,50,Ativa,47.7,Feira escolar
M0004518,A00380,O20250184,2025,Redação,2025-04-04,0,Ativa,36.3,Instagram
M0004519,A00380,O20250187,2025,Sociologia,2025-04-02,20,Concluída,43.3,Indicação
M0004520,A00381,O20220059,2022,Biologia,2022-04-20,50,Concluída,54.1,Feira escolar
M0004521,A00381,O20220065,2022,Filosofia,2022-01-16,0,Concluída,61.8,Google
M0004522,A00381,O20220057,2022,Física,2022-04-11,50,Concluída,48.7,Instagram
M0004523,A00381,O20220061,2022,Geografia,2022-02-11,30,Concluída,52.1,WhatsApp
M0004524,A00381,O20220060,2022,Historia,2022-04-10,,Concluída,63.9,Indicação
M0004525,A00381,O20220064,2022,Inglês,2022-02-15,25,Ativa,30.9,Google
M0004526,A00381,O20220056,2022,Matemática,2022-03-22,15,Cancelada,57.8,Instagram
M0004527,A00381,O20220062,2022,Português,2022-04-14,10,Concluída,40.6,Feira escolar
M0004528,A00381,O20220058,2022,Química,2022-03-24,10,Concluída,69.5,Instagram
M0004529,A00381,O20220063,2022,Redação,2022-03-10,50,Concluída,69.4,WhatsApp
M0004530,A00382,O20210015,2021,Biologia,2021-01-18,0,Concluída,56.4,WhatsApp
M0004531,A00382,O20210021,2021,Filosofia,2021-04-13,15,Concluída,47.0,Instagram
M0004532,A00382,O20210013,2021,Física,05/02/2021,50,Trancada,76.6,Google
M0004533,A00382,O20210017,2021,Geografia,2021-01-13,30,Ativa,58.1,
M0004534,A00382,O20210016,2021,História,2021-04-10,0,Concluída,63.6,Indicação
M0004535,A00382,O20210020,2021,Inglês,13/03/2021,0,Concluída,65.5,Feira escolar
M0004536,A00382,O20210012,2021,Matemática,2021-04-18,0,Concluída,37.4,Instagram
M0004537,A00382,O20210018,2021,Português,2021-04-08,,Concluída,75.2,WhatsApp
M0004538,A00382,O20210014,2021,Química,2021-01-14,30,Concluída,45.2,WhatsApp
M0004539,A00382,O20210019,2021,Redação,2021-02-07,30,Concluída,50.3,Instagram
M0004540,A00382,O20210022,2021,Sociologia,2021-02-05,10,Concluída,46.3,Google
M0004541,A00383,O20220068,2022,Física,2022-01-06,20,Concluída,61.7,Google
M0004542,A00383,O20220072,2022,Geografia,2022-03-28,10,Concluída,57.9,
M0004543,A00383,O20220071,2022,História,2022-01-09,10,Concluída,56.0,Google
M0004544,A00383,O20220075,2022,Inglês,2022-02-02,,Concluída,59.7,Instagram
M0004545,A00383,O20220067,2022,Matemática,2022-04-10,20,Concluída,48.5,Feira escolar
M0004546,A00383,O20220073,2022,Português,2022-01-15,,Concluída,40.9,WhatsApp
M0004547,A00383,O20220069,2022,Química,2022-04-20,,Concluída,64.6,
M0004548,A00383,O20220074,2022,Redação,2022-04-01,0,Concluída,64.4,Google
M0004549,A00383,O20230103,2023,Biologia,2023/01/13,20,Ativa,56.2,Feira escolar
M0004550,A00383,O20230109,2023,Filosofia,02-13-2023,0,Concluída,67.6,Feira escolar
M0004551,A00383,O20230101,2023,Física,2023-04-25,0,Concluída,61.9,WhatsApp
M0004552,A00383,O20230105,2023,Geografia,2023-03-07,10,Concluída,33.9,Google
M0004553,A00383,O20230104,2023,História,2023-04-26,30,Concluída,55.5,WhatsApp
M0004554,A00383,O20230108,2023,Inglês,17/02/2023,20,Concluída,78.8,Indicação
M0004555,A00383,O20230100,2023,Matemática,03-16-2023,15,Ativa,69.7,Instagram
M0004556,A00383,O20230106,2023,Português,2023-03-14,30,Concluída,84.8,Feira escolar
M0004557,A00383,O20230107,2023,Redação,2023-03-23,15,Concluída,59.0,Indicação
M0004558,A00383,O20230110,2023,Sociologia,2023-04-20,0,Concluída,42.6,WhatsApp
M0004559,A00384,O20220048,2022,Biologia,2022-03-19,0,Concluída,42.1,
M0004560,A00384,O20220054,2022,Filosofia,2022-04-03,10,Concluída,59.4,WhatsApp
M0004561,A00384,O20220050,2022,Geografia,2022-04-18,,Concluída,76.2,Feira escolar
M0004562,A00384,O20220049,2022,História,2022-01-05,0,Concluída,60.5,Indicação
M0004563,A00384,O20220045,2022,Matemática,2022-01-22,0,Concluída,63.0,Instagram
M0004564,A00384,O20220051,2022,Português,2022-01-11,30,Ativa,63.1,Indicação
M0004565,A00384,O20220047,2022,Química,2022-01-14,20,Cancelada,51.5,WhatsApp
M0004566,A00384,O20220052,2022,Redação,2022-03-19,25,Concluída,53.1,Indicação
M0004567,A00384,O20220055,2022,Sociologia,2022-04-17,0,concluida,84.5,Indicação
M0004568,A00385,O20250213,2025,Biologia,2025-04-13,50,Ativa,48.9,
M0004569,A00385,O20250219,2025,Filosofia,2025-04-01,0,Concluída,64.9,
M0004570,A00385,O20250218,2025,Inglês,2025-01-22,0,Concluída,34.9,Feira escolar
M0004571,A00385,O20250210,2025,Matemática,2025-02-21,10,Cancelada,70.1,Feira escolar
M0004572,A00385,O20250216,2025,PORTUGUÊS,2025-03-05,0,Concluída,49.0,Google
M0004573,A00385,O20250217,2025,Redação,2025-01-20,30,Ativa,77.0,Indicação
M0004574,A00385,O20250220,2025,Sociologia,2025-02-09,,Concluída,59.7,WhatsApp
M0004575,A00386,O20230109,2023,Filosofia,2023-01-17,,Concluída,72.2,Google
M0004576,A00386,O20230101,2023,Física,2023-03-05,20,Ativa,56.9,Feira escolar
M0004577,A00386,O20230105,2023,Geografia,2023-03-21,30,Ativa,72.0,Indicação
M0004578,A00386,O20230108,2023,Inglês,2023-01-09,10,Concluída,43.7,Google
M0004579,A00386,O20230100,2023,Matemática,2023-03-05,15,Ativa,53.3,Google
M0004580,A00386,O20230106,2023,Português,2023-02-11,30,Concluída,81.6,Google
M0004581,A00386,O20230107,2023,Redação,2023-04-14,0,Concluída,55.5,
M0004582,A00386,O20230110,2023,SOCIOLOGIA,2023-01-14,50,Concluída,74.0,
M0004583,A00386,O20240147,2024,Biologia,2024-01-27,0,Concluída,82.7,Indicação
M0004584,A00386,O20240153,2024,Filosofia,2024-03-11,,Ativa,40.1,WhatsApp
M0004585,A00386,O20240145,2024,Física,2024-03-12,30,Concluída,71.8,Instagram
M0004586,A00386,O20240148,2024,Historia,2024-02-24,50,Concluída,59.8,WhatsApp
M0004587,A00386,O20240152,2024,Inglês,2024-03-18,15,Concluída,50.9,Feira escolar
M0004588,A00386,O20240144,2024,Matemática,2024-01-04,30,Concluída,65.6,
M0004589,A00386,O20240150,2024,Português,2024/03/24,50,Concluída,68.1,
M0004590,A00386,O20240151,2024,Redação,2024-01-17,0,Concluída,60.5,Google
M0004591,A00386,O20240154,2024,Sociologia,2024-04-17,25,Concluída,50.0,Google
M0004592,A00387,O20250191,2025,Biologia,2025-02-19,0,Cancelada,62.6,
M0004593,A00387,O20250197,2025,Filosofia,2025-03-25,10,Ativa,54.3,Instagram
M0004594,A00387,O20250189,2025,FÍSICA,2025-04-05,50,Concluída,63.6,Feira escolar
M0004595,A00387,O20250193,2025,Geografia,2025-03-13,20,Concluída,69.7,
M0004596,A00387,O20250192,2025,História,2025-01-14,0,Concluída,77.4,
M0004597,A00387,O20250196,2025,Inglês,2025-03-25,,Concluída,62.2,Indicação
M0004598,A00387,O20250188,2025,Matemática,2025-02-26,15,Concluída,62.2,WhatsApp
M0004599,A00387,O20250194,2025,Português,2025-01-08,30,Concluída,60.1,Feira escolar
M0004600,A00387,O20250190,2025,Química,2025-04-03,0,concluida,60.8,
M0004601,A00387,O20250195,2025,Redação,2025-04-26,0,Ativa,64.4,Google
M0004602,A00387,O20250198,2025,Sociologia,2025/03/26,50,Concluída,51.8,Indicação
M0004603,A00388,O20230109,2023,Filosofia,03-02-2023,0,Cancelada,55.3,Feira escolar
M0004604,A00388,O20230105,2023,Geografia,2023-03-06,25,Ativa,23.7,Instagram
M0004605,A00388,O20230104,2023,Historia,2023-04-20,50,Concluída,73.7,Instagram
M0004606,A00388,O20230108,2023,Inglês,2023-01-13,0,Concluída,43.4,WhatsApp
M0004607,A00388,O20230100,2023,Matemática,01-22-2023,20,Concluída,42.1,WhatsApp
M0004608,A00388,O20230106,2023,Português,2023-03-09,50,Concluída,53.4,
M0004609,A00388,O20230102,2023,QUÍMICA,02-01-2023,0,Concluída,70.4,WhatsApp
M0004610,A00388,O20230107,2023,Redação,2023-03-03,30,Concluída,64.1,Feira escolar
M0004611,A00388,O20230110,2023,Sociologia,2023-01-25,30,Concluída,50.6,WhatsApp
M0004612,A00388,O20240147,2024,Biologia,21/02/2024,50,Cancelada,48.2,Feira escolar
M0004613,A00388,O20240149,2024,Geografia,2024-04-14,10,Concluída,46.8,Feira escolar
M0004614,A00388,O20240148,2024,História,2024-01-12,,Concluída,58.4,Feira escolar
M0004615,A00388,O20240152,2024,Inglês,2024-04-09,0,Concluída,55.5,Feira escolar
M0004616,A00388,O20240144,2024,Matemática,2024-01-17,25,Cancelada,42.3,WhatsApp
M0004617,A00388,O20240150,2024,Português,2024-01-09,0,Trancada,50.2,Feira escolar
M0004618,A00388,O20240151,2024,Redação,2024-01-09,0,Cancelada,44.5,Indicação
M0004619,A00388,O20240154,2024,Sociologia,2024-02-05,15,Concluída,62.3,Instagram
M0004620,A00389,O20240136,2024,Biologia,2024-04-08,0,Ativa,63.3,Feira escolar
M0004621,A00389,O20240142,2024,Filosofia,2024-04-27,15,Concluída,77.4,WhatsApp
M0004622,A00389,O20240134,2024,Física,2024-02-09,30,Concluída,62.9,Instagram
M0004623,A00389,O20240138,2024,Geografia,2024-01-19,15,Concluída,68.9,
M0004624,A00389,O20240133,2024,Matemática,2024-04-21,50,Ativa,54.8,Indicação
M0004625,A00389,O20240139,2024,Português,2024-04-22,0,concluida,66.4,Instagram
M0004626,A00389,O20240135,2024,Química,2024-01-17,25,Concluída,37.1,WhatsApp
M0004627,A00389,O20240140,2024,Redação,2024-02-02,20,Cancelada,58.9,Instagram
M0004628,A00389,O20240143,2024,Sociologia,2024-04-24,15,Cancelada,54.1,Google
M0004629,A00389,O20250178,2025,Física,2025-02-14,20,Concluída,70.7,Feira escolar
M0004630,A00389,O20250182,2025,Geografia,2025-03-09,,Ativa,75.5,
M0004631,A00389,O20250181,2025,História,2025-01-19,0,Cancelada,52.5,
M0004632,A00389,O20250177,2025,Matemática,2025-03-06,0,Concluída,70.6,Indicação
M0004633,A00389,O20250183,2025,Português,2025/02/09,10,Concluída,61.4,Google
M0004634,A00389,O20250179,2025,Química,2025-04-05,20,concluida,65.8,Feira escolar
M0004635,A00389,O20250184,2025,Redação,2025-03-20,15,Concluída,96.1,Indicação
M0004636,A00390,O20240136,2024,Biologia,2024/02/10,10,Ativa,63.9,WhatsApp
M0004637,A00390,O20240142,2024,Filosofia,2024-04-26,10,Cancelada,62.8,Feira escolar
M0004638,A00390,O20240134,2024,Física,2024-04-26,0,Concluída,68.5,Instagram
M0004639,A00390,O20240137,2024,História,2024-01-09,10,Concluída,45.2,
M0004640,A00390,O20240141,2024,Inglês,2024-03-26,20,Cancelada,61.4,Indicação
M0004641,A00390,O20240133,2024,Matemática,2024-04-14,15,Concluída,46.5,Indicação
M0004642,A00390,O20240139,2024,Português,2024-03-17,,concluida,42.7,WhatsApp
M0004643,A00390,O20240135,2024,Química,2024-03-05,25,concluida,61.9,WhatsApp
M0004644,A00390,O20240140,2024,Redação,2024-04-06,,concluida,58.9,Feira escolar
M0004645,A00390,O20240143,2024,Sociologia,2024-01-04,25,Concluída,67.6,Instagram
M0004646,A00390,O20250202,2025,Biologia,2025-03-13,0,Concluída,83.4,
M0004647,A00390,O20250208,2025,Filosofia,2025-01-11,25,Concluída,42.6,WhatsApp
M0004648,A00390,O20250200,2025,Física,2025-04-09,20,Ativa,51.9,Feira escolar
M0004649,A00390,O20250204,2025,Geografia,2025-01-01,0,Concluída,43.0,
M0004650,A00390,O20250203,2025,História,2025-03-27,10,Concluída,52.6,Google
M0004651,A00390,O20250207,2025,Inglês,2025-04-10,0,Trancada,74.6,WhatsApp
M0004652,A00390,O20250199,2025,Matemática,2025-04-03,25,Concluída,29.4,Indicação
M0004653,A00390,O20250205,2025,Português,2025-04-24,0,Concluída,43.3,Feira escolar
M0004654,A00390,O20250201,2025,Química,2025-03-16,0,Ativa,35.8,Feira escolar
M0004655,A00390,O20250206,2025,Redação,2025-03-04,25,Concluída,52.6,Instagram
M0004656,A00391,O20240142,2024,Filosofia,2024-03-09,30,Concluída,53.0,Instagram
M0004657,A00391,O20240134,2024,Física,2024-04-11,15,Trancada,57.1,
M0004658,A00391,O20240138,2024,Geografia,2024-01-10,0,Concluída,63.4,Indicação
M0004659,A00391,O20240137,2024,História,2024-04-02,15,concluida,52.4,WhatsApp
M0004660,A00391,O20240141,2024,Inglês,15/02/2024,0,Ativa,58.8,WhatsApp
M0004661,A00391,O20240133,2024,Matemática,2024-03-15,50,Concluída,45.3,Indicação
M0004662,A00391,O20240139,2024,Português,2024-03-14,50,Concluída,33.8,WhatsApp
M0004663,A00391,O20240135,2024,Química,2024-03-04,30,Concluída,41.1,Google
M0004664,A00391,O20240140,2024,Redação,2024-02-12,25,Concluída,80.8,Feira escolar
M0004665,A00392,O20210004,2021,BIOLOGIA,2021-04-06,20,Ativa,50.8,Feira escolar
M0004666,A00392,O20210010,2021,Filosofia,2021-03-01,20,Concluída,64.0,Indicação
M0004667,A00392,O20210006,2021,Geografia,2021-01-08,0,Concluída,40.0,WhatsApp
M0004668,A00392,O20210001,2021,Matemática,2021-01-09,0,Concluída,37.3,WhatsApp
M0004669,A00392,O20210007,2021,Português,2021-03-08,20,Concluída,67.8,Indicação
M0004670,A00392,O20210003,2021,Química,2021-02-03,20,Concluída,50.6,Instagram
M0004671,A00392,O20210008,2021,Redação,2021-01-16,25,Cancelada,57.0,Indicação
M0004672,A00392,O20210011,2021,Sociologia,2021-01-15,,Ativa,60.2,Indicação
M0004673,A00392,O20220076,2022,Filosofia,2022-03-15,30,Concluída,52.6,WhatsApp
M0004674,A00392,O20220072,2022,Geografia,2022-03-26,20,Ativa,89.7,
M0004675,A00392,O20220071,2022,História,2022-04-22,50,Trancada,31.4,Instagram
M0004676,A00392,O20220075,2022,Ingles,2022-02-14,50,Concluída,63.1,Feira escolar
M0004677,A00392,O20220067,2022,Matemática,2022-03-15,30,Concluída,54.8,Indicação
M0004678,A00392,O20220073,2022,Português,2022/03/04,0,Concluída,62.8,
M0004679,A00392,O20220074,2022,Redação,2022-02-25,30,Ativa,33.2,Indicação
M0004680,A00392,O20220077,2022,Sociologia,2022-04-19,0,Ativa,68.2,
M0004681,A00393,O20220059,2022,Biologia,2022-01-11,0,Concluída,44.9,Indicação
M0004682,A00393,O20220057,2022,Física,2022-02-19,,Concluída,66.4,Instagram
M0004683,A00393,O20220061,2022,Geografia,2022-04-08,30,Concluída,64.6,Instagram
M0004684,A00393,O20220060,2022,Historia,2022-03-21,0,Concluída,54.8,
M0004685,A00393,O20220064,2022,Inglês,01/03/2022,0,Cancelada,71.5,Instagram
M0004686,A00393,O20220056,2022,Matemática,2022-02-06,,Concluída,73.3,Indicação
M0004687,A00393,O20220062,2022,Português,2022-01-23,20,Ativa,27.8,Instagram
M0004688,A00393,O20220058,2022,Química,2022-01-05,0,Concluída,34.2,
M0004689,A00393,O20220063,2022,Redação,2022-03-02,10,Concluída,59.7,Indicação
M0004690,A00393,O20220066,2022,Sociologia,2022/02/18,25,Concluída,67.2,Google
M0004691,A00394,O20220059,2022,Biologia,2022-02-01,0,Concluída,63.3,WhatsApp
M0004692,A00394,O20220065,2022,Filosofia,2022-02-26,0,Concluída,71.2,Instagram
M0004693,A00394,O20220057,2022,Física,2022-02-27,30,Concluída,61.9,Feira escolar
M0004694,A00394,O20220061,2022,Geografia,2022-02-06,0,Concluída,46.7,
M0004695,A00394,O20220060,2022,História,02-17-2022,0,Concluída,58.8,Feira escolar
M0004696,A00394,O20220064,2022,Inglês,2022-04-19,0,Concluída,71.3,
M0004697,A00394,O20220056,2022,Matemática,2022-02-27,30,Concluída,48.5,Instagram
M0004698,A00394,O20220062,2022,Português,2022-02-10,50,Cancelada,53.5,Indicação
M0004699,A00394,O20220058,2022,Química,2022-03-07,15,Concluída,73.8,Feira escolar
M0004700,A00394,O20220063,2022,REDAÇÃO,2022-02-16,10,Concluída,69.1,
M0004701,A00394,O20220066,2022,Sociologia,2022/01/27,50,Concluída,58.2,Google
M0004702,A00395,O20220048,2022,Biologia,2022-02-02,,Concluída,58.4,Feira escolar
M0004703,A00395,O20220054,2022,Filosofia,2022-03-20,20,Concluída,55.5,
M0004704,A00395,O20220046,2022,Física,2022-01-22,,concluida,47.1,Instagram
M0004705,A00395,O20220049,2022,História,2022-01-27,15,Concluída,59.8,WhatsApp
M0004706,A00395,O20220053,2022,Inglês,2022-02-28,0,Concluída,31.1,Feira escolar
M0004707,A00395,O20220045,2022,Matemática,2022-02-17,0,Concluída,46.9,Indicação
M0004708,A00395,O20220051,2022,Português,2022-02-06,50,Concluída,27.6,Instagram
M0004709,A00395,O20220047,2022,Química,2022-01-25,0,Concluída,68.6,WhatsApp
M0004710,A00395,O20220052,2022,Redação,2022-04-02,20,Concluída,47.9,
M0004711,A00395,O20220055,2022,Sociologia,2022-01-26,15,,63.8,Feira escolar
M0004712,A00395,O20230103,2023,Biologia,2023-02-26,10,Trancada,56.1,
M0004713,A00395,O20230109,2023,Filosofia,2023-04-20,25,,68.1,WhatsApp
M0004714,A00395,O20230104,2023,História,2023-04-27,30,Concluída,60.2,Feira escolar
M0004715,A00395,O20230108,2023,Inglês,2023-01-25,30,Concluída,63.0,
M0004716,A00395,O20230100,2023,Matemática,2023-03-08,0,Concluída,46.2,Feira escolar
M0004717,A00395,O20230106,2023,Português,2023-03-24,0,Concluída,66.7,WhatsApp
M0004718,A00395,O20230102,2023,Química,2023-03-03,30,Concluída,61.0,
M0004719,A00395,O20230107,2023,Redação,2023-03-16,,Concluída,42.3,
M0004720,A00396,O20240136,2024,Biologia,2024-02-05,0,Concluída,66.0,WhatsApp
M0004721,A00396,O20240142,2024,Filosofia,2024-02-14,15,Concluída,67.2,Google
M0004722,A00396,O20240134,2024,Física,2024-03-13,30,Ativa,33.7,Indicação
M0004723,A00396,O20240138,2024,Geografia,2024-02-13,20,Concluída,85.8,Feira escolar
M0004724,A00396,O20240137,2024,História,2024-02-02,25,Concluída,58.4,Google
M0004725,A00396,O20240141,2024,Ingles,2024-04-04,25,Concluída,60.0,Feira escolar
M0004726,A00396,O20240133,2024,Mat.,2024-02-03,25,Ativa,46.5,
M0004727,A00396,O20240139,2024,Português,2024-01-20,25,Concluída,68.8,WhatsApp
M0004728,A00396,O20240140,2024,Redação,2024-02-10,10,Concluída,74.4,Instagram
M0004729,A00396,O20240143,2024,Sociologia,2024-03-11,25,Concluída,37.5,Google
M0004730,A00396,O20250186,2025,Filosofia,2025-01-23,20,Concluída,48.8,Google
M0004731,A00396,O20250178,2025,Física,2025-01-06,15,Ativa,50.6,Indicação
M0004732,A00396,O20250182,2025,Geografia,2025-03-24,30,,44.8,
M0004733,A00396,O20250181,2025,História,2025-01-21,20,Cancelada,46.7,
M0004734,A00396,O20250185,2025,Inglês,2025-02-07,0,Cancelada,66.1,Feira escolar
M0004735,A00396,O20250177,2025,Matemática,2025-03-24,0,Concluída,67.9,
M0004736,A00396,O20250183,2025,Português,2025-02-05,0,Concluída,46.7,Indicação
M0004737,A00396,O20250179,2025,Química,2025-02-23,25,Ativa,72.8,Instagram
M0004738,A00396,O20250184,2025,Redação,2025-01-13,,Concluída,61.7,Google
M0004739,A00396,O20250187,2025,Sociologia,04-21-2025,50,concluida,63.4,Instagram
M0004740,A00397,O20240142,2024,FILOSOFIA,01-03-2024,,Concluída,53.2,Feira escolar
M0004741,A00397,O20240134,2024,Física,2024-03-12,0,Ativa,58.5,WhatsApp
M0004742,A00397,O20240138,2024,Geografia,2024-01-06,10,Cancelada,68.8,Instagram
M0004743,A00397,O20240137,2024,História,2024-01-06,0,Concluída,55.8,
M0004744,A00397,O20240141,2024,Inglês,2024-04-08,30,Concluída,59.2,Google
M0004745,A00397,O20240133,2024,Matemática,2024-02-15,20,Concluída,24.9,Feira escolar
M0004746,A00397,O20240139,2024,Português,2024-04-11,15,Ativa,38.1,Indicação
M0004747,A00397,O20240135,2024,Química,2024-02-19,10,Ativa,84.2,
M0004748,A00397,O20240140,2024,Redação,2024-01-23,0,Concluída,52.9,Feira escolar
M0004749,A00397,O20240143,2024,Sociologia,2024-03-28,20,Concluída,55.9,WhatsApp
M0004750,A00398,O20220054,2022,Filosofia,2022-03-06,30,Trancada,58.0,WhatsApp
M0004751,A00398,O20220050,2022,Geografia,2022-02-02,0,concluida,53.0,WhatsApp
M0004752,A00398,O20220049,2022,História,2022-01-28,0,Concluída,59.2,Indicação
M0004753,A00398,O20220053,2022,Inglês,2022-02-10,25,Concluída,61.5,Instagram
M0004754,A00398,O20220045,2022,Matemática,2022-04-24,0,Concluída,59.0,Google
M0004755,A00398,O20220051,2022,PORTUGUÊS,2022-02-20,10,Concluída,50.2,Indicação
M0004756,A00398,O20220047,2022,Química,2022-01-12,20,concluida,70.4,Instagram
M0004757,A00398,O20220052,2022,Redação,2022-02-21,10,Concluída,81.5,Instagram
M0004758,A00398,O20230112,2023,Física,2023-01-09,25,Concluída,60.3,
M0004759,A00398,O20230115,2023,História,2023-03-14,30,Concluída,87.5,Instagram
M0004760,A00398,O20230119,2023,Inglês,2023-03-25,10,Ativa,57.4,Google
M0004761,A00398,O20230111,2023,Matemática,23/02/2023,20,Concluída,57.9,Feira escolar
M0004762,A00398,O20230117,2023,Português,2023-04-19,50,,54.0,Feira escolar
M0004763,A00398,O20230118,2023,REDAÇÃO,2023-04-17,50,Concluída,75.0,Indicação
M0004764,A00398,O20230121,2023,Sociologia,2023-04-13,10,Concluída,53.3,Indicação
M0004765,A00399,O20240147,2024,Biologia,2024-04-27,10,Concluída,82.0,Indicação
M0004766,A00399,O20240153,2024,Filosofia,2024-01-13,15,Cancelada,72.1,Google
M0004767,A00399,O20240145,2024,Física,2024-02-22,0,Ativa,51.3,
M0004768,A00399,O20240149,2024,Geografia,2024-04-18,,Concluída,52.3,Indicação
M0004769,A00399,O20240152,2024,Inglês,01-07-2024,10,Concluída,88.4,WhatsApp
M0004770,A00399,O20240144,2024,Matemática,2024-01-27,0,Ativa,63.7,Feira escolar
M0004771,A00399,O20240150,2024,Português,2024-03-17,50,Concluída,70.1,Feira escolar
M0004772,A00399,O20240146,2024,Química,2024-03-09,10,Cancelada,72.3,
M0004773,A00399,O20240151,2024,Redação,2024-04-03,20,Trancada,76.1,WhatsApp
M0004774,A00400,O20230123,2023,Física,2023-02-04,25,Cancelada,42.0,Google
M0004775,A00400,O20230126,2023,História,2023-02-17,,Ativa,57.1,Google
M0004776,A00400,O20230130,2023,Inglês,2023-01-24,0,Concluída,49.1,Feira escolar
M0004777,A00400,O20230122,2023,Matemática,2023-02-07,25,Concluída,33.3,Indicação
M0004778,A00400,O20230128,2023,Português,02-14-2023,10,Concluída,77.0,WhatsApp
M0004779,A00400,O20230124,2023,Química,2023-03-19,50,Ativa,63.8,
M0004780,A00400,O20230129,2023,Redação,2023-01-14,10,Ativa,48.4,
M0004781,A00400,O20230132,2023,Sociologia,2023-03-15,0,Ativa,43.2,
M0004782,A00401,O20240136,2024,Biologia,2024-02-08,0,Concluída,57.6,Google
M0004783,A00401,O20240142,2024,Filosofia,2024-04-07,,Ativa,50.9,Google
M0004784,A00401,O20240134,2024,Física,2024-02-04,20,Concluída,53.7,Google
M0004785,A00401,O20240138,2024,Geografia,2024-03-15,10,Concluída,51.7,Instagram
M0004786,A00401,O20240137,2024,História,2024-04-15,50,Concluída,70.9,Google
M0004787,A00401,O20240141,2024,Inglês,2024-01-19,0,Concluída,74.7,WhatsApp
M0004788,A00401,O20240133,2024,Matemática,2024-02-09,20,Ativa,57.5,Feira escolar
M0004789,A00401,O20240139,2024,Português,2024-01-06,50,Ativa,55.9,WhatsApp
M0004790,A00401,O20240135,2024,Química,2024-04-21,0,Concluída,69.3,
M0004791,A00401,O20240140,2024,Redação,2024-02-01,15,Concluída,78.9,Feira escolar
M0004792,A00402,O20250213,2025,Biologia,2025-03-26,25,Concluída,43.0,Google
M0004793,A00402,O20250219,2025,Filosofia,2025-01-22,0,Ativa,38.1,Indicação
M0004794,A00402,O20250211,2025,Física,2025-03-15,0,Cancelada,48.4,Indicação
M0004795,A00402,O20250215,2025,GEOGRAFIA,2025-03-27,0,Concluída,71.3,Feira escolar
M0004796,A00402,O20250214,2025,História,2025-03-17,50,Ativa,66.5,
M0004797,A00402,O20250218,2025,Inglês,2025-01-14,30,Concluída,45.8,Indicação
M0004798,A00402,O20250210,2025,Matematica,2025-04-18,30,Ativa,30.4,Feira escolar
M0004799,A00402,O20250216,2025,Português,13/02/2025,,Concluída,72.8,
M0004800,A00402,O20250212,2025,QUÍMICA,2025-02-12,10,Trancada,75.2,Instagram
M0004801,A00402,O20250217,2025,Redação,2025-02-21,0,Concluída,67.2,Feira escolar
M0004802,A00402,O20250220,2025,Sociologia,2025-02-24,20,Concluída,42.3,Google
M0004803,A00403,O20220048,2022,Biologia,2022-01-24,0,Concluída,81.7,Instagram
M0004804,A00403,O20220049,2022,História,2022-02-14,0,Concluída,36.0,WhatsApp
M0004805,A00403,O20220045,2022,Matemática,2022-01-06,0,Cancelada,46.8,Google
M0004806,A00403,O20220051,2022,Português,2022-03-07,50,Concluída,41.6,Instagram
M0004807,A00403,O20220052,2022,Redação,2022-03-13,10,,62.5,WhatsApp
M0004808,A00403,O20220055,2022,Sociologia,2022-03-23,20,Concluída,52.4,Feira escolar
M0004809,A00404,O20230098,2023,Filosofia,2023-02-18,0,Ativa,55.3,WhatsApp
M0004810,A00404,O20230097,2023,Inglês,2023-02-16,0,Cancelada,69.3,Indicação
M0004811,A00404,O20230089,2023,Matemática,01-02-2023,15,Concluída,56.7,Feira escolar
M0004812,A00404,O20230095,2023,Portugues,2023-04-13,0,Concluída,52.3,Feira escolar
M0004813,A00404,O20230091,2023,Química,2023-03-08,,Concluída,67.4,WhatsApp
M0004814,A00404,O20230096,2023,Redação,2023-02-23,0,Concluída,53.2,WhatsApp
M0004815,A00404,O20230099,2023,Sociologia,2023-02-19,25,Concluída,32.1,Instagram
M0004816,A00405,O20230092,2023,Biologia,2023/04/26,30,Concluída,64.1,
M0004817,A00405,O20230098,2023,Filosofia,2023-02-28,0,Concluída,68.9,
M0004818,A00405,O20230090,2023,Física,2023-04-10,50,Concluída,36.9,
M0004819,A00405,O20230094,2023,Geografia,2023-04-11,25,Ativa,62.0,
M0004820,A00405,O20230093,2023,História,2023-02-04,,Concluída,68.0,Google
M0004821,A00405,O20230097,2023,Inglês,2023-01-26,0,Cancelada,68.8,Google
M0004822,A00405,O20230089,2023,Matemática,2023-02-18,20,Concluída,72.1,WhatsApp
M0004823,A00405,O20230095,2023,Português,2023-02-17,10,Cancelada,53.4,Indicação
M0004824,A00405,O20230091,2023,Química,2023-02-02,0,Concluída,60.9,WhatsApp
M0004825,A00405,O20230096,2023,Redação,2023-04-12,25,Concluída,44.3,Feira escolar
M0004826,A00405,O20230099,2023,Sociologia,2023-03-11,0,Concluída,85.9,Feira escolar
M0004827,A00406,O20240142,2024,Filosofia,2024-02-12,10,Concluída,45.6,
M0004828,A00406,O20240134,2024,Física,2024-03-06,0,Concluída,64.9,Feira escolar
M0004829,A00406,O20240138,2024,Geografia,2024-02-27,50,Concluída,44.4,Indicação
M0004830,A00406,O20240137,2024,História,2024-02-21,0,Ativa,48.5,
M0004831,A00406,O20240133,2024,Matemática,2024-02-03,0,Ativa,77.9,Google
M0004832,A00406,O20240139,2024,Português,2024/03/13,,Ativa,59.3,Feira escolar
M0004833,A00406,O20240140,2024,Redação,2024/03/04,50,Concluída,68.0,Indicação
M0004834,A00406,O20240143,2024,SOCIOLOGIA,2024-03-18,25,Concluída,56.7,Instagram
M0004835,A00407,O20250180,2025,Biologia,2025-01-23,15,Ativa,41.5,Indicação
M0004836,A00407,O20250186,2025,Filosofia,02-04-2025,15,Concluída,63.0,
M0004837,A00407,O20250178,2025,Física,2025-02-23,,Concluída,64.2,WhatsApp
M0004838,A00407,O20250182,2025,GEOGRAFIA,2025-01-08,30,Ativa,60.4,Feira escolar
M0004839,A00407,O20250181,2025,História,2025/02/16,10,concluida,63.6,Indicação
M0004840,A00407,O20250185,2025,Inglês,2025-02-23,20,Concluída,50.3,
M0004841,A00407,O20250177,2025,Matemática,2025-02-10,0,Concluída,32.8,Feira escolar
M0004842,A00407,O20250183,2025,Português,2025/03/14,20,Concluída,85.8,Indicação
M0004843,A00407,O20250179,2025,Química,2025-01-19,0,Concluída,67.7,Indicação
M0004844,A00407,O20250184,2025,Redação,2025-02-15,0,Concluída,54.0,Google
M0004845,A00407,O20250187,2025,Sociologia,2025-02-08,50,concluida,31.9,Indicação
M0004846,A00408,O20230125,2023,Biologia,2023-04-21,15,Concluída,88.2,Google
M0004847,A00408,O20230131,2023,Filosofia,2023-02-20,20,Concluída,69.3,WhatsApp
M0004848,A00408,O20230123,2023,Física,2023-04-20,0,Concluída,60.3,Feira escolar
M0004849,A00408,O20230126,2023,História,2023-01-02,50,Trancada,54.6,Google
M0004850,A00408,O20230130,2023,Inglês,2023-03-26,0,Ativa,74.7,Instagram
M0004851,A00408,O20230122,2023,Matemática,2023-04-09,20,Concluída,62.3,Instagram
M0004852,A00408,O20230128,2023,Português,2023-02-13,20,Concluída,66.2,WhatsApp
M0004853,A00408,O20230124,2023,Química,2023-02-28,15,Ativa,61.2,
M0004854,A00408,O20230129,2023,Redação,2023-03-13,50,concluida,45.9,Instagram
M0004855,A00408,O20230132,2023,Sociologia,2023-02-03,,Concluída,63.2,WhatsApp
M0004856,A00408,O20240136,2024,Biologia,2024-04-08,30,Concluída,66.2,
M0004857,A00408,O20240142,2024,FILOSOFIA,2024-01-05,10,Concluída,57.9,Feira escolar
M0004858,A00408,O20240134,2024,Física,2024-04-15,,Concluída,63.2,WhatsApp
M0004859,A00408,O20240137,2024,História,2024-03-18,30,Concluída,46.5,
M0004860,A00408,O20240141,2024,Inglês,2024-04-06,0,Concluída,68.9,Instagram
M0004861,A00408,O20240133,2024,Matemática,06/03/2024,0,Concluída,81.7,Feira escolar
M0004862,A00408,O20240139,2024,Portugues,2024-03-05,25,Ativa,66.2,WhatsApp
M0004863,A00408,O20240140,2024,Redação,2024-01-04,15,Ativa,63.8,
M0004864,A00408,O20240143,2024,Sociologia,2024-01-04,20,concluida,70.7,
M0004865,A00409,O20210026,2021,Biologia,2021-03-16,15,Concluída,65.2,
M0004866,A00409,O20210032,2021,Filosofia,2021-04-27,20,Concluída,25.4,Indicação
M0004867,A00409,O20210024,2021,Física,2021-04-07,10,Ativa,47.8,WhatsApp
M0004868,A00409,O20210027,2021,História,2021-01-17,0,,66.5,Indicação
M0004869,A00409,O20210031,2021,Inglês,2021-03-09,50,Concluída,70.1,Google
M0004870,A00409,O20210023,2021,Matemática,2021-01-25,20,Ativa,78.6,WhatsApp
M0004871,A00409,O20210029,2021,Português,2021-02-05,15,Trancada,60.3,Feira escolar
M0004872,A00409,O20210025,2021,Química,2021-04-07,20,Ativa,70.1,Indicação
M0004873,A00409,O20210030,2021,Redação,2021-04-19,25,Concluída,49.6,Google
M0004874,A00409,O20210033,2021,Sociologia,01-25-2021,,Cancelada,42.1,Feira escolar
M0004875,A00410,O20210015,2021,BIOLOGIA,2021-03-05,25,Concluída,64.6,Feira escolar
M0004876,A00410,O20210021,2021,Filosofia,2021-04-20,15,Concluída,66.8,Feira escolar
M0004877,A00410,O20210013,2021,Física,01-12-2021,0,Concluída,68.7,Google
M0004878,A00410,O20210017,2021,Geografia,2021-02-10,30,Ativa,41.9,Instagram
M0004879,A00410,O20210016,2021,História,2021-04-25,10,Cancelada,88.9,Instagram
M0004880,A00410,O20210020,2021,Inglês,2021-02-02,0,Concluída,78.2,Indicação
M0004881,A00410,O20210012,2021,Matemática,2021-04-03,10,Concluída,63.2,Google
M0004882,A00410,O20210018,2021,Português,2021-03-26,0,Ativa,68.1,Google
M0004883,A00410,O20210014,2021,Química,2021-02-21,0,Concluída,71.7,Indicação
M0004884,A00410,O20210019,2021,Redação,2021-02-08,25,Concluída,38.0,Google
M0004885,A00410,O20210022,2021,Sociologia,2021-02-21,0,Concluída,58.0,Instagram
M0004886,A00410,O20220048,2022,Biologia,2022-02-03,25,Ativa,66.0,
M0004887,A00410,O20220054,2022,Filosofia,2022-04-17,0,Concluída,76.7,WhatsApp
M0004888,A00410,O20220046,2022,Física,2022-01-03,30,Ativa,66.5,Instagram
M0004889,A00410,O20220049,2022,História,2022-02-26,20,Concluída,64.8,Google
M0004890,A00410,O20220053,2022,Inglês,2022-03-23,0,Concluída,82.4,
M0004891,A00410,O20220045,2022,Matemática,24/02/2022,30,Concluída,62.0,WhatsApp
M0004892,A00410,O20220051,2022,Português,2022-04-26,0,Trancada,63.0,Google
M0004893,A00410,O20220047,2022,Química,2022-04-17,50,Ativa,56.3,WhatsApp
M0004894,A00410,O20220052,2022,Redação,2022-04-14,15,Cancelada,59.3,Feira escolar
M0004895,A00410,O20220055,2022,Sociologia,2022-01-26,0,Ativa,48.9,
M0004896,A00411,O20240169,2024,BIOLOGIA,2024-03-10,20,Ativa,52.7,
M0004897,A00411,O20240175,2024,Filosofia,2024-03-28,20,Concluída,68.5,Google
M0004898,A00411,O20240171,2024,Geografia,2024-01-20,30,Ativa,62.1,WhatsApp
M0004899,A00411,O20240174,2024,Inglês,2024-01-19,15,Concluída,46.4,Google
M0004900,A00411,O20240166,2024,Matemática,2024-01-06,0,Concluída,70.6,Instagram
M0004901,A00411,O20240172,2024,Português,2024-03-21,0,Concluída,61.5,WhatsApp
M0004902,A00411,O20240173,2024,REDAÇÃO,2024-04-21,0,Concluída,52.9,WhatsApp
M0004903,A00411,O20240176,2024,Sociologia,2024-03-26,0,Concluída,35.1,Indicação
M0004904,A00412,O20240153,2024,Filosofia,2024-04-26,30,Ativa,43.3,Indicação
M0004905,A00412,O20240145,2024,Física,2024-01-02,50,Concluída,62.5,Instagram
M0004906,A00412,O20240149,2024,Geografia,2024-01-12,15,Concluída,50.8,Feira escolar
M0004907,A00412,O20240144,2024,Matemática,2024-04-18,,Concluída,37.9,WhatsApp
M0004908,A00412,O20240150,2024,Português,2024-02-07,20,Concluída,67.5,WhatsApp
M0004909,A00412,O20240151,2024,Redação,2024-03-15,30,Concluída,55.3,Google
M0004910,A00412,O20240154,2024,Sociologia,2024-01-16,0,Trancada,71.0,Instagram
M0004911,A00413,O20210004,2021,BIOLOGIA,2021-01-10,0,Concluída,51.4,Feira escolar
M0004912,A00413,O20210002,2021,Física,2021-01-15,25,Concluída,60.2,Feira escolar
M0004913,A00413,O20210006,2021,Geografia,2021-04-13,15,Ativa,51.3,Indicação
M0004914,A00413,O20210005,2021,História,2021-01-26,0,Concluída,60.6,Indicação
M0004915,A00413,O20210009,2021,Inglês,2021-03-18,0,Ativa,34.7,Indicação
M0004916,A00413,O20210001,2021,Matemática,2021-01-04,50,Concluída,67.0,Feira escolar
M0004917,A00413,O20210007,2021,Português,2021/02/18,0,Ativa,41.0,
M0004918,A00413,O20210003,2021,Química,2021-01-16,,Concluída,70.2,WhatsApp
M0004919,A00413,O20210008,2021,Redação,2021-02-24,25,Ativa,26.3,Feira escolar
M0004920,A00414,O20220059,2022,BIOLOGIA,2022-02-27,25,Ativa,54.0,Instagram
M0004921,A00414,O20220065,2022,Filosofia,2022-03-23,0,Concluída,63.0,Indicação
M0004922,A00414,O20220061,2022,Geografia,2022-03-01,0,Concluída,44.7,Feira escolar
M0004923,A00414,O20220064,2022,Inglês,2022-01-03,10,Concluída,75.9,Feira escolar
M0004924,A00414,O20220056,2022,Matemática,2022-02-23,25,Ativa,65.9,
M0004925,A00414,O20220062,2022,Português,2022-04-03,25,Ativa,60.2,Feira escolar
M0004926,A00414,O20220058,2022,Química,2022-01-02,50,Concluída,48.0,Google
M0004927,A00414,O20220063,2022,Redação,2022-02-25,15,Concluída,70.5,Indicação
M0004928,A00414,O20220066,2022,Sociologia,2022/01/28,0,Ativa,58.8,Instagram
M0004929,A00414,O20230103,2023,Biologia,2023-04-13,50,Cancelada,38.0,WhatsApp
M0004930,A00414,O20230109,2023,Filosofia,2023-01-02,50,Cancelada,39.6,WhatsApp
M0004931,A00414,O20230101,2023,Física,2023-03-23,,Concluída,40.2,Feira escolar
M0004932,A00414,O20230105,2023,Geografia,2023-03-26,,Cancelada,74.4,Google
M0004933,A00414,O20230104,2023,Historia,2023-02-12,,Concluída,69.8,Feira escolar
M0004934,A00414,O20230108,2023,Inglês,2023-02-15,,Cancelada,45.5,Instagram
M0004935,A00414,O20230100,2023,Matemática,2023-02-13,20,Ativa,71.9,Feira escolar
M0004936,A00414,O20230106,2023,Português,2023-01-18,0,Concluída,68.1,Google
M0004937,A00414,O20230102,2023,QUÍMICA,2023-02-22,10,Concluída,46.9,Indicação
M0004938,A00414,O20230107,2023,Redação,2023-04-14,20,Concluída,50.5,
M0004939,A00415,O20230125,2023,Biologia,2023-04-21,10,Concluída,66.3,
M0004940,A00415,O20230131,2023,Filosofia,2023-02-08,30,Ativa,38.6,Feira escolar
M0004941,A00415,O20230127,2023,Geografia,2023-01-03,25,Cancelada,51.6,
M0004942,A00415,O20230126,2023,História,03-07-2023,,Ativa,53.5,Indicação
M0004943,A00415,O20230130,2023,Inglês,2023-02-22,0,Concluída,60.7,
M0004944,A00415,O20230122,2023,Matemática,2023-01-19,10,Concluída,48.3,
M0004945,A00415,O20230128,2023,PORTUGUÊS,2023-01-14,50,concluida,58.5,
M0004946,A00415,O20230129,2023,Redação,2023/04/02,25,,69.3,Instagram
M0004947,A00416,O20250191,2025,Biologia,2025-04-26,20,Concluída,65.8,Instagram
M0004948,A00416,O20250197,2025,Filosofia,2025-02-16,30,Concluída,75.5,Indicação
M0004949,A00416,O20250189,2025,Física,2025-03-14,0,Concluída,70.9,
M0004950,A00416,O20250193,2025,Geografia,2025-04-01,0,Trancada,44.1,Feira escolar
M0004951,A00416,O20250192,2025,História,2025-01-09,,Ativa,65.7,Instagram
M0004952,A00416,O20250196,2025,Inglês,2025-04-08,15,Concluída,48.2,Feira escolar
M0004953,A00416,O20250188,2025,Matemática,2025-04-10,25,,63.6,WhatsApp
M0004954,A00416,O20250194,2025,Português,2025-04-24,0,Concluída,39.1,Feira escolar
M0004955,A00416,O20250190,2025,Química,2025-02-24,,Concluída,53.5,Feira escolar
M0004956,A00416,O20250195,2025,Redação,2025-04-07,0,concluida,75.0,Feira escolar
M0004957,A00416,O20250198,2025,Sociologia,2025-01-18,20,Ativa,60.7,WhatsApp
M0004958,A00417,O20220081,2022,BIOLOGIA,2022-01-12,0,Trancada,56.9,Indicação
M0004959,A00417,O20220087,2022,Filosofia,2022-02-18,10,Ativa,71.3,Google
M0004960,A00417,O20220079,2022,Física,12/02/2022,15,Concluída,25.9,WhatsApp
M0004961,A00417,O20220083,2022,GEOGRAFIA,2022-03-03,10,Concluída,67.9,WhatsApp
M0004962,A00417,O20220082,2022,História,2022-04-26,50,concluida,53.9,
M0004963,A00417,O20220086,2022,Inglês,2022-04-19,,Concluída,48.5,Indicação
M0004964,A00417,O20220078,2022,Mat.,2022-01-07,,,56.9,WhatsApp
M0004965,A00417,O20220084,2022,Português,2022-03-23,15,Concluída,80.7,
M0004966,A00417,O20220085,2022,Redacao,2022-04-04,20,Ativa,61.0,WhatsApp
M0004967,A00417,O20220088,2022,Sociologia,2022-04-02,20,Concluída,63.8,Instagram
M0004968,A00418,O20250180,2025,Biologia,2025/01/22,0,Ativa,41.8,Indicação
M0004969,A00418,O20250186,2025,Filosofia,2025-01-05,0,Concluída,52.2,Instagram
M0004970,A00418,O20250178,2025,Física,2025-04-25,0,Ativa,72.5,WhatsApp
M0004971,A00418,O20250182,2025,Geografia,2025-01-13,30,Concluída,76.0,Feira escolar
M0004972,A00418,O20250181,2025,História,2025-04-08,50,Ativa,83.9,Indicação
M0004973,A00418,O20250185,2025,Inglês,2025-01-25,0,Concluída,55.9,WhatsApp
M0004974,A00418,O20250177,2025,Matemática,04-09-2025,0,Concluída,41.2,Feira escolar
M0004975,A00418,O20250183,2025,PORTUGUÊS,2025-01-14,,Concluída,69.1,Indicação
M0004976,A00418,O20250179,2025,Química,2025-03-08,0,Ativa,63.0,Indicação
M0004977,A00418,O20250184,2025,Redação,2025-02-10,25,Concluída,57.8,Indicação
M0004978,A00418,O20250187,2025,SOCIOLOGIA,2025-02-22,15,Cancelada,58.7,WhatsApp
M0004979,A00419,O20240147,2024,Biologia,2024-04-15,0,Concluída,68.0,Indicação
M0004980,A00419,O20240153,2024,Filosofia,2024-01-08,50,Concluída,52.2,Indicação
M0004981,A00419,O20240152,2024,Inglês,2024-04-28,,Concluída,68.0,
M0004982,A00419,O20240144,2024,Matemática,2024-03-06,0,Concluída,49.6,Indicação
M0004983,A00419,O20240150,2024,Português,2024-02-21,0,Concluída,64.7,Indicação
M0004984,A00419,O20240146,2024,Química,04-10-2024,25,Concluída,66.2,Indicação
M0004985,A00419,O20240151,2024,REDAÇÃO,2024-03-12,0,Concluída,64.1,Google
M0004986,A00419,O20250202,2025,Biologia,04-24-2025,,Concluída,52.8,Feira escolar
M0004987,A00419,O20250208,2025,Filosofia,2025/01/01,30,Concluída,72.6,WhatsApp
M0004988,A00419,O20250200,2025,Física,2025-02-02,10,Concluída,87.2,Feira escolar
M0004989,A00419,O20250204,2025,Geografia,01-19-2025,30,Concluída,81.6,Indicação
M0004990,A00419,O20250203,2025,Historia,2025-01-08,15,Concluída,63.2,WhatsApp
M0004991,A00419,O20250207,2025,Inglês,04/04/2025,0,Concluída,60.5,Google
M0004992,A00419,O20250199,2025,Matemática,04-15-2025,,Concluída,56.9,WhatsApp
M0004993,A00419,O20250205,2025,Portugues,02-22-2025,0,Concluída,57.7,Indicação
M0004994,A00419,O20250201,2025,Química,2025-03-02,0,Ativa,69.4,Google
M0004995,A00419,O20250206,2025,Redação,2025-04-28,25,Concluída,49.0,Feira escolar
M0004996,A00419,O20250209,2025,Sociologia,2025-01-28,25,Concluída,50.7,Instagram
M0004997,A00420,O20240158,2024,Biologia,2024-02-24,0,Cancelada,58.1,Feira escolar
M0004998,A00420,O20240164,2024,Filosofia,2024-01-19,,Cancelada,85.6,
M0004999,A00420,O20240156,2024,Física,2024-01-24,25,Concluída,54.7,Feira escolar
M0005000,A00420,O20240160,2024,Geografia,15/03/2024,50,Ativa,59.5,
M0005001,A00420,O20240159,2024,História,2024-03-10,0,Concluída,34.8,Feira escolar
M0005002,A00420,O20240155,2024,Matemática,2024-01-01,,Ativa,55.9,WhatsApp
M0005003,A00420,O20240161,2024,Português,2024-02-09,,Cancelada,29.1,
M0005004,A00420,O20240157,2024,QUÍMICA,2024-03-22,10,Ativa,57.1,Indicação
M0005005,A00420,O20240162,2024,Redação,2024-04-03,0,Concluída,65.7,Indicação
M0005006,A00421,O20240147,2024,Biologia,2024-02-15,10,Concluída,62.3,Google
M0005007,A00421,O20240153,2024,Filosofia,2024-02-06,0,Cancelada,51.7,WhatsApp
M0005008,A00421,O20240145,2024,Física,2024-01-18,15,concluida,75.3,
M0005009,A00421,O20240149,2024,Geografia,2024-01-10,50,Concluída,61.5,
M0005010,A00421,O20240148,2024,História,2024-01-26,30,concluida,40.0,WhatsApp
M0005011,A00421,O20240152,2024,Inglês,2024-04-06,0,Concluída,55.9,Feira escolar
M0005012,A00421,O20240144,2024,Matemática,2024-04-20,,Concluída,52.3,Google
M0005013,A00421,O20240150,2024,Português,2024-03-15,50,Ativa,47.5,Indicação
M0005014,A00421,O20240146,2024,Química,2024-02-14,50,Concluída,70.4,
M0005015,A00421,O20240151,2024,Redação,2024-04-10,25,Concluída,43.5,Feira escolar
M0005016,A00421,O20240154,2024,Sociologia,2024-04-21,25,Concluída,47.7,Instagram
M0005017,A00421,O20250180,2025,Biologia,2025/01/24,50,Ativa,69.7,
M0005018,A00421,O20250186,2025,Filosofia,2025-01-16,0,Ativa,70.7,WhatsApp
M0005019,A00421,O20250178,2025,Física,2025-02-15,20,Ativa,57.3,Feira escolar
M0005020,A00421,O20250182,2025,Geografia,2025-01-28,25,Concluída,86.1,Google
M0005021,A00421,O20250177,2025,Matemática,2025-04-23,50,Concluída,54.4,
M0005022,A00421,O20250183,2025,Português,2025-02-07,10,Concluída,44.4,Google
M0005023,A00421,O20250184,2025,Redação,2025-01-17,0,Concluída,51.3,WhatsApp
M0005024,A00421,O20250187,2025,Sociologia,2025-03-05,0,Cancelada,55.9,Indicação
M0005025,A00422,O20230120,2023,Filosofia,2023-04-28,,Concluída,64.3,Google
M0005026,A00422,O20230112,2023,Física,2023-01-20,30,Ativa,38.2,Indicação
M0005027,A00422,O20230116,2023,Geografia,2023-04-14,0,Concluída,55.0,WhatsApp
M0005028,A00422,O20230119,2023,Inglês,2023-01-20,30,Concluída,66.6,Instagram
M0005029,A00422,O20230111,2023,Matemática,2023-01-27,20,Ativa,34.6,Instagram
M0005030,A00422,O20230117,2023,Português,2023-02-06,30,concluida,63.1,Indicação
M0005031,A00422,O20230113,2023,Química,2023-03-10,15,Concluída,80.0,Google
M0005032,A00422,O20230118,2023,Redação,2023-01-25,30,Concluída,30.2,
M0005033,A00423,O20240164,2024,Filosofia,2024-03-08,15,Ativa,63.4,Instagram
M0005034,A00423,O20240156,2024,Física,2024-04-08,25,Concluída,52.3,Instagram
M0005035,A00423,O20240159,2024,História,2024-02-15,50,Ativa,42.4,WhatsApp
M0005036,A00423,O20240163,2024,Inglês,2024-02-17,30,Concluída,39.5,Indicação
M0005037,A00423,O20240155,2024,Matemática,21/01/2024,10,Concluída,98.2,Google
M0005038,A00423,O20240161,2024,Português,2024-02-09,0,Concluída,49.1,Google
M0005039,A00423,O20240157,2024,Química,2024-02-19,50,Concluída,64.3,Instagram
M0005040,A00423,O20240162,2024,Redação,2024-04-27,0,Concluída,54.4,WhatsApp
M0005041,A00423,O20240165,2024,Sociologia,2024-01-19,15,Concluída,62.5,
M0005042,A00423,O20250213,2025,Biologia,2025-04-23,0,Ativa,68.8,Instagram
M0005043,A00423,O20250219,2025,Filosofia,2025-03-15,0,Concluída,65.6,Indicação
M0005044,A00423,O20250211,2025,Física,2025-01-22,25,Concluída,60.5,
M0005045,A00423,O20250215,2025,Geografia,2025-04-10,10,Ativa,71.5,Indicação
M0005046,A00423,O20250210,2025,Matemática,2025-04-02,0,Ativa,56.4,
M0005047,A00423,O20250216,2025,Português,2025-01-07,25,Ativa,37.1,Google
M0005048,A00423,O20250212,2025,Química,2025-03-20,,Ativa,44.9,Instagram
M0005049,A00423,O20250217,2025,Redação,2025-03-07,0,Concluída,63.1,Instagram
M0005050,A00423,O20250220,2025,Sociologia,2025-03-28,20,Concluída,70.3,Instagram
M0005051,A00424,O20250213,2025,Biologia,03-01-2025,,concluida,53.1,WhatsApp
M0005052,A00424,O20250219,2025,Filosofia,2025-04-16,0,Concluída,38.5,Instagram
M0005053,A00424,O20250211,2025,Física,2025-02-11,30,Concluída,79.2,
M0005054,A00424,O20250215,2025,Geografia,2025-02-13,30,Concluída,71.3,Feira escolar
M0005055,A00424,O20250214,2025,História,2025-01-25,0,Ativa,65.3,
M0005056,A00424,O20250218,2025,Inglês,2025-04-08,0,Concluída,49.8,Feira escolar
M0005057,A00424,O20250210,2025,Matemática,2025-01-28,0,Ativa,56.6,WhatsApp
M0005058,A00424,O20250216,2025,Português,2025-04-06,0,Concluída,43.2,
M0005059,A00424,O20250212,2025,Química,2025-02-28,15,Trancada,55.4,
M0005060,A00424,O20250217,2025,Redação,2025-03-05,30,Concluída,52.7,WhatsApp
M0005061,A00424,O20250220,2025,Sociologia,2025-02-22,50,Ativa,58.8,Instagram
M0005062,A00425,O20250180,2025,Biologia,2025/03/21,,Concluída,83.0,Feira escolar
M0005063,A00425,O20250178,2025,Física,2025-02-22,,Concluída,38.6,Feira escolar
M0005064,A00425,O20250182,2025,Geografia,2025-02-24,0,Concluída,55.1,WhatsApp
M0005065,A00425,O20250181,2025,História,2025-02-05,50,Concluída,66.7,Indicação
M0005066,A00425,O20250185,2025,Inglês,2025-04-05,15,Concluída,61.5,
M0005067,A00425,O20250177,2025,Matemática,2025-03-15,0,concluida,71.2,
M0005068,A00425,O20250183,2025,Português,2025-01-28,0,Concluída,58.9,WhatsApp
M0005069,A00425,O20250179,2025,Química,2025-04-10,0,Concluída,72.8,WhatsApp
M0005070,A00425,O20250184,2025,Redação,05/02/2025,0,Concluída,45.8,
M0005071,A00425,O20250187,2025,Sociologia,2025-01-26,15,Trancada,50.9,
M0005072,A00426,O20240136,2024,Biologia,2024-03-11,,Concluída,50.4,Indicação
M0005073,A00426,O20240142,2024,FILOSOFIA,2024-04-20,,Concluída,58.9,Instagram
M0005074,A00426,O20240138,2024,Geografia,2024-03-15,10,concluida,45.5,Instagram
M0005075,A00426,O20240137,2024,História,2024-01-02,25,Concluída,67.0,
M0005076,A00426,O20240133,2024,Matemática,13/02/2024,20,Concluída,59.5,Indicação
M0005077,A00426,O20240139,2024,Português,2024-03-03,10,Trancada,46.8,Instagram
M0005078,A00426,O20240140,2024,Redação,2024-03-26,0,Cancelada,51.1,WhatsApp
M0005079,A00426,O20240143,2024,Sociologia,2024-02-01,50,Concluída,66.2,Feira escolar
M0005080,A00427,O20240142,2024,Filosofia,2024-04-13,0,Concluída,74.1,Indicação
M0005081,A00427,O20240138,2024,Geografia,2024-02-24,,concluida,49.1,Instagram
M0005082,A00427,O20240137,2024,História,2024-04-21,0,Concluída,70.8,Feira escolar
M0005083,A00427,O20240141,2024,Inglês,2024-02-17,50,Cancelada,74.1,Indicação
M0005084,A00427,O20240133,2024,Matemática,01-27-2024,50,Concluída,60.1,WhatsApp
M0005085,A00427,O20240139,2024,Português,2024-04-03,,Concluída,52.0,Feira escolar
M0005086,A00427,O20240135,2024,Química,2024-03-13,15,Ativa,47.5,Instagram
M0005087,A00427,O20240140,2024,Redacao,2024-04-08,20,Ativa,51.6,
M0005088,A00428,O20220059,2022,Biologia,2022-01-26,25,Concluída,54.5,Instagram
M0005089,A00428,O20220065,2022,Filosofia,2022-02-05,50,Concluída,64.2,Google
M0005090,A00428,O20220057,2022,Física,07/03/2022,15,Concluída,75.7,Feira escolar
M0005091,A00428,O20220061,2022,Geografia,2022-03-04,10,Concluída,73.1,
M0005092,A00428,O20220060,2022,História,2022-03-09,0,Trancada,47.4,Instagram
M0005093,A00428,O20220064,2022,Inglês,2022-02-04,0,Concluída,84.5,Feira escolar
M0005094,A00428,O20220056,2022,Matemática,2022-01-05,,Concluída,47.6,Instagram
M0005095,A00428,O20220062,2022,Português,2022-03-22,0,concluida,45.5,Indicação
M0005096,A00428,O20220058,2022,Química,2022-03-20,10,Concluída,39.3,Instagram
M0005097,A00428,O20220063,2022,Redacao,2022-03-13,50,Concluída,47.3,Indicação
M0005098,A00429,O20250213,2025,Biologia,2025-03-05,0,Concluída,54.1,Feira escolar
M0005099,A00429,O20250219,2025,Filosofia,2025-01-14,0,Concluída,52.6,Feira escolar
M0005100,A00429,O20250211,2025,Física,2025-04-22,0,Cancelada,13.0,Feira escolar
M0005101,A00429,O20250215,2025,Geografia,2025-01-26,,Concluída,46.2,Google
M0005102,A00429,O20250214,2025,História,2025-02-25,25,Concluída,57.8,Indicação
M0005103,A00429,O20250218,2025,Inglês,2025-02-20,,Concluída,58.3,WhatsApp
M0005104,A00429,O20250210,2025,Matemática,2025-03-10,20,Concluída,44.7,WhatsApp
M0005105,A00429,O20250216,2025,Português,2025-02-16,15,Concluída,54.8,Instagram
M0005106,A00429,O20250212,2025,Química,2025-03-04,50,Concluída,57.4,Instagram
M0005107,A00429,O20250217,2025,Redação,2025-01-18,0,Ativa,72.0,
M0005108,A00429,O20250220,2025,Sociologia,2025-01-13,20,Concluída,81.0,Feira escolar
M0005109,A00430,O20240136,2024,Biologia,2024-02-05,0,Concluída,64.6,Feira escolar
M0005110,A00430,O20240142,2024,Filosofia,2024-02-26,50,Ativa,56.2,Feira escolar
M0005111,A00430,O20240134,2024,Física,2024-02-03,0,Concluída,68.3,Instagram
M0005112,A00430,O20240138,2024,Geografia,2024-03-15,30,Concluída,66.5,Google
M0005113,A00430,O20240137,2024,História,2024/01/16,0,Concluída,57.7,Instagram
M0005114,A00430,O20240141,2024,Inglês,2024-04-21,15,Concluída,53.5,Instagram
M0005115,A00430,O20240133,2024,Matemática,2024-02-21,25,Concluída,64.9,Instagram
M0005116,A00430,O20240139,2024,Português,2024-01-07,0,Concluída,28.4,
M0005117,A00430,O20240135,2024,Química,2024-04-13,15,Ativa,60.6,WhatsApp
M0005118,A00430,O20240140,2024,Redação,13/01/2024,10,Ativa,42.4,Instagram
M0005119,A00430,O20240143,2024,Sociologia,2024-03-09,50,Concluída,50.6,Instagram
M0005120,A00431,O20230098,2023,Filosofia,2023-03-11,10,Concluída,42.9,WhatsApp
M0005121,A00431,O20230090,2023,Física,2023-04-18,50,Concluída,66.4,Feira escolar
M0005122,A00431,O20230093,2023,História,2023-03-16,20,Ativa,44.3,Feira escolar
M0005123,A00431,O20230097,2023,Inglês,2023-01-04,0,Concluída,76.8,WhatsApp
M0005124,A00431,O20230089,2023,Matemática,2023-03-13,20,Concluída,35.7,Feira escolar
M0005125,A00431,O20230095,2023,Português,03-18-2023,0,Concluída,38.9,Instagram
M0005126,A00431,O20230096,2023,Redação,2023-01-18,30,concluida,44.4,WhatsApp
M0005127,A00431,O20230099,2023,Sociologia,2023-04-09,0,Concluída,78.3,Feira escolar
M0005128,A00431,O20240147,2024,Biologia,2024-03-15,0,concluida,74.3,
M0005129,A00431,O20240153,2024,Filosofia,2024-03-21,0,Trancada,55.2,
M0005130,A00431,O20240145,2024,Física,2024-01-20,,Concluída,41.6,Instagram
M0005131,A00431,O20240149,2024,Geografia,2024-02-10,0,Concluída,31.8,Google
M0005132,A00431,O20240148,2024,Historia,2024-04-03,10,Ativa,61.5,Instagram
M0005133,A00431,O20240144,2024,Mat.,2024-01-16,0,Concluída,62.2,Instagram
M0005134,A00431,O20240150,2024,Português,2024-03-19,0,Concluída,76.8,Indicação
M0005135,A00431,O20240146,2024,Química,2024-01-14,0,Concluída,41.8,Google
M0005136,A00431,O20240151,2024,Redação,2024-04-27,50,Concluída,54.2,Feira escolar
M0005137,A00431,O20250186,2025,Filosofia,2025-04-16,0,Concluída,36.4,WhatsApp
M0005138,A00431,O20250178,2025,Física,2025-04-26,10,Ativa,81.1,
M0005139,A00431,O20250182,2025,Geografia,2025-03-05,20,Concluída,21.7,Feira escolar
M0005140,A00431,O20250181,2025,História,2025-04-05,,Concluída,60.9,Indicação
M0005141,A00431,O20250185,2025,Inglês,2025-03-23,0,Concluída,50.1,WhatsApp
M0005142,A00431,O20250177,2025,Matemática,2025/04/08,0,Concluída,36.1,
M0005143,A00431,O20250183,2025,Português,2025-02-08,,Concluída,65.3,Feira escolar
M0005144,A00431,O20250179,2025,Química,2025-03-14,0,Concluída,78.7,
M0005145,A00431,O20250184,2025,Redação,2025-04-10,30,Cancelada,64.8,WhatsApp
M0005146,A00431,O20250187,2025,Sociologia,2025-03-28,30,Concluída,58.7,Google
M0005147,A00432,O20250213,2025,Biologia,2025-02-06,15,Concluída,46.9,Feira escolar
M0005148,A00432,O20250219,2025,Filosofia,2025-04-17,50,Concluída,70.2,Instagram
M0005149,A00432,O20250211,2025,Física,2025-03-17,15,Trancada,76.9,Feira escolar
M0005150,A00432,O20250215,2025,Geografia,2025-03-26,0,Concluída,55.8,Google
M0005151,A00432,O20250214,2025,História,2025-03-02,15,Ativa,72.9,Indicação
M0005152,A00432,O20250210,2025,Matemática,2025-01-25,15,concluida,34.3,Indicação
M0005153,A00432,O20250216,2025,Portugues,2025-02-25,30,Concluída,43.6,Indicação
M0005154,A00432,O20250212,2025,Química,2025-04-10,0,Concluída,75.4,Feira escolar
M0005155,A00432,O20250217,2025,Redação,2025-03-05,10,Concluída,33.8,Indicação
M0005156,A00432,O20250220,2025,Sociologia,2025-03-24,15,Concluída,57.5,Indicação
M0005157,A00433,O20220059,2022,Biologia,2022-03-13,0,Concluída,52.6,WhatsApp
M0005158,A00433,O20220065,2022,Filosofia,2022-04-24,0,Concluída,68.0,Indicação
M0005159,A00433,O20220057,2022,Fisica,2022-04-13,20,Concluída,53.9,Google
M0005160,A00433,O20220061,2022,Geografia,2022-01-02,0,Ativa,34.0,
M0005161,A00433,O20220060,2022,História,2022-01-03,25,Cancelada,39.9,
M0005162,A00433,O20220064,2022,Ingles,2022-04-21,25,Concluída,57.8,Indicação
M0005163,A00433,O20220056,2022,Matemática,2022-01-06,10,Concluída,50.9,WhatsApp
M0005164,A00433,O20220062,2022,Português,01/04/2022,0,Concluída,50.2,
M0005165,A00433,O20220058,2022,Quimica,2022-04-11,15,Concluída,45.2,Feira escolar
M0005166,A00433,O20220063,2022,Redacao,2022-04-20,10,Ativa,46.3,
M0005167,A00433,O20220066,2022,Sociologia,03-08-2022,50,Trancada,77.7,Feira escolar
M0005168,A00433,O20230103,2023,Biologia,2023-01-03,30,concluida,74.0,Indicação
M0005169,A00433,O20230109,2023,Filosofia,2023-01-28,0,Concluída,84.0,WhatsApp
M0005170,A00433,O20230101,2023,Física,2023-03-28,0,Concluída,40.7,Instagram
M0005171,A00433,O20230105,2023,Geografia,2023-03-10,15,concluida,59.8,
M0005172,A00433,O20230104,2023,História,2023-02-21,25,Ativa,72.9,Instagram
M0005173,A00433,O20230108,2023,Inglês,2023-01-22,25,Concluída,41.3,WhatsApp
M0005174,A00433,O20230100,2023,Matematica,2023-01-18,,Concluída,82.8,WhatsApp
M0005175,A00433,O20230106,2023,Português,03-19-2023,50,Concluída,60.3,Instagram
M0005176,A00433,O20230107,2023,Redação,2023-02-27,25,Concluída,32.4,Instagram
M0005177,A00433,O20230110,2023,Sociologia,2023-04-11,10,Concluída,46.2,Feira escolar
M0005178,A00434,O20240136,2024,BIOLOGIA,2024-04-14,,Concluída,68.6,
M0005179,A00434,O20240142,2024,Filosofia,2024-02-19,10,Concluída,42.1,Indicação
M0005180,A00434,O20240134,2024,Física,2024-01-24,50,Concluída,77.7,Feira escolar
M0005181,A00434,O20240138,2024,Geografia,27/01/2024,30,Concluída,55.2,Feira escolar
M0005182,A00434,O20240137,2024,História,2024-02-23,10,Concluída,67.0,Feira escolar
M0005183,A00434,O20240141,2024,Inglês,2024-04-14,,Concluída,51.4,Instagram
M0005184,A00434,O20240133,2024,Matemática,2024-01-15,0,Concluída,37.3,Feira escolar
M0005185,A00434,O20240139,2024,Português,2024-02-18,20,Concluída,50.8,Google
M0005186,A00434,O20240135,2024,Química,2024-01-14,,Concluída,56.6,Feira escolar
M0005187,A00434,O20240140,2024,Redação,2024-03-06,50,Ativa,57.5,Instagram
M0005188,A00434,O20240143,2024,Sociologia,2024-01-25,50,Concluída,66.1,WhatsApp
M0005189,A00435,O20240158,2024,Biologia,2024-03-11,0,Ativa,47.1,Indicação
M0005190,A00435,O20240156,2024,Física,2024-01-25,30,Concluída,64.2,Feira escolar
M0005191,A00435,O20240160,2024,GEOGRAFIA,2024-04-18,0,Ativa,46.1,Feira escolar
M0005192,A00435,O20240159,2024,História,2024-02-17,25,Concluída,60.1,Indicação
M0005193,A00435,O20240163,2024,Inglês,2024-02-21,15,Ativa,63.5,Feira escolar
M0005194,A00435,O20240155,2024,Matemática,2024-03-02,50,concluida,49.6,Feira escolar
M0005195,A00435,O20240161,2024,Português,2024-03-10,30,Ativa,62.8,Instagram
M0005196,A00435,O20240157,2024,Química,2024-01-26,25,Concluída,64.4,Feira escolar
M0005197,A00435,O20240162,2024,Redação,2024-01-27,25,Concluída,57.6,Instagram
M0005198,A00435,O20240165,2024,Sociologia,2024-03-24,10,Concluída,25.8,Google
M0005199,A00435,O20250180,2025,Biologia,2025-01-05,20,Concluída,63.8,Instagram
M0005200,A00435,O20250178,2025,Física,2025-03-08,25,Concluída,54.9,WhatsApp
M0005201,A00435,O20250182,2025,Geografia,2025-03-05,0,Concluída,68.0,Indicação
M0005202,A00435,O20250181,2025,História,03-18-2025,0,Concluída,69.1,Feira escolar
M0005203,A00435,O20250185,2025,Inglês,2025-01-09,0,Concluída,52.1,Indicação
M0005204,A00435,O20250177,2025,Matemática,2025-03-20,0,Ativa,55.4,Feira escolar
M0005205,A00435,O20250183,2025,Português,2025-04-17,0,Concluída,57.2,WhatsApp
M0005206,A00435,O20250179,2025,Química,2025-01-20,0,concluida,69.3,Indicação
M0005207,A00435,O20250184,2025,Redação,01-24-2025,10,Concluída,64.6,Indicação
M0005208,A00435,O20250187,2025,SOCIOLOGIA,2025-03-19,0,concluida,56.1,WhatsApp
M0005209,A00436,O20240169,2024,Biologia,2024-03-12,0,Concluída,42.8,Google
M0005210,A00436,O20240175,2024,Filosofia,2024-01-06,0,Concluída,67.3,Instagram
M0005211,A00436,O20240167,2024,Física,06/01/2024,,Cancelada,65.9,Google
M0005212,A00436,O20240170,2024,História,2024-01-05,0,Ativa,69.7,Google
M0005213,A00436,O20240174,2024,Inglês,2024-02-17,10,Ativa,39.1,WhatsApp
M0005214,A00436,O20240166,2024,Matematica,2024-03-04,,Ativa,68.5,
M0005215,A00436,O20240172,2024,Português,2024-01-06,0,Concluída,53.6,Google
M0005216,A00436,O20240173,2024,Redação,2024-01-16,25,Concluída,59.1,Feira escolar
M0005217,A00436,O20240176,2024,Sociologia,2024-03-20,20,Ativa,45.4,Google
M0005218,A00437,O20250202,2025,Biologia,2025-03-12,50,Concluída,61.1,Feira escolar
M0005219,A00437,O20250208,2025,Filosofia,2025-04-28,50,Concluída,65.4,Instagram
M0005220,A00437,O20250200,2025,Física,03-28-2025,25,Cancelada,65.6,Feira escolar
M0005221,A00437,O20250204,2025,Geografia,2025-04-22,0,Concluída,53.4,Indicação
M0005222,A00437,O20250203,2025,História,2025-04-10,0,Concluída,54.3,Instagram
M0005223,A00437,O20250207,2025,Inglês,2025-01-02,30,Trancada,49.5,
M0005224,A00437,O20250199,2025,Matemática,2025-03-16,15,Ativa,63.4,Feira escolar
M0005225,A00437,O20250205,2025,Português,2025-03-28,20,Concluída,71.6,Instagram
M0005226,A00437,O20250201,2025,Química,2025-01-21,20,Ativa,78.2,WhatsApp
M0005227,A00437,O20250206,2025,Redação,2025-02-10,0,Cancelada,32.8,Instagram
M0005228,A00438,O20220048,2022,Biologia,2022-03-21,0,Concluída,65.6,Instagram
M0005229,A00438,O20220054,2022,Filosofia,2022-04-06,15,Concluída,44.7,
M0005230,A00438,O20220046,2022,Física,2022-01-03,20,Concluída,48.2,Indicação
M0005231,A00438,O20220050,2022,Geografia,2022/04/24,25,Ativa,79.7,Indicação
M0005232,A00438,O20220049,2022,História,2022-02-19,50,Concluída,79.2,Google
M0005233,A00438,O20220053,2022,Inglês,2022-04-10,0,Ativa,42.8,Feira escolar
M0005234,A00438,O20220045,2022,Matemática,2022-03-20,30,Cancelada,55.9,Google
M0005235,A00438,O20220051,2022,Português,02-27-2022,30,Ativa,56.2,Google
M0005236,A00438,O20220047,2022,QUÍMICA,2022-02-08,20,Concluída,47.8,Instagram
M0005237,A00438,O20220052,2022,Redação,2022-02-22,0,Concluída,60.1,WhatsApp
M0005238,A00439,O20240147,2024,BIOLOGIA,2024-01-09,0,concluida,45.6,Feira escolar
M0005239,A00439,O20240145,2024,Física,2024-01-10,0,Concluída,42.6,
M0005240,A00439,O20240149,2024,Geografia,2024-04-01,50,Concluída,36.0,WhatsApp
M0005241,A00439,O20240148,2024,História,2024-03-09,50,,36.2,
M0005242,A00439,O20240152,2024,Inglês,2024-04-22,,Ativa,68.2,Feira escolar
M0005243,A00439,O20240144,2024,Matemática,03-27-2024,15,Concluída,49.4,
M0005244,A00439,O20240150,2024,Português,2024-03-06,10,Ativa,45.9,Feira escolar
M0005245,A00439,O20240151,2024,Redação,2024-04-01,30,Concluída,47.4,
M0005246,A00439,O20240154,2024,Sociologia,2024-03-18,0,Cancelada,56.3,Google
M0005247,A00439,O20250186,2025,Filosofia,04/03/2025,50,Concluída,56.4,WhatsApp
M0005248,A00439,O20250178,2025,Física,2025-02-23,25,Concluída,63.2,Instagram
M0005249,A00439,O20250182,2025,Geografia,2025-03-14,,Ativa,52.9,Feira escolar
M0005250,A00439,O20250181,2025,História,2025-01-28,30,Concluída,61.8,
M0005251,A00439,O20250185,2025,Inglês,2025-01-17,0,Cancelada,58.0,WhatsApp
M0005252,A00439,O20250177,2025,Matemática,2025-03-03,0,Concluída,42.1,Google
M0005253,A00439,O20250183,2025,Português,2025-02-27,50,concluida,64.8,
M0005254,A00439,O20250184,2025,Redação,2025-02-13,20,Ativa,60.2,Feira escolar
M0005255,A00439,O20250187,2025,Sociologia,2025-04-11,30,Cancelada,26.8,
M0005256,A00440,O20240136,2024,Biologia,2024/02/10,0,Concluída,36.4,WhatsApp
M0005257,A00440,O20240134,2024,Física,2024-01-08,10,Concluída,50.1,Indicação
M0005258,A00440,O20240138,2024,Geografia,2024-02-03,30,Ativa,65.6,Feira escolar
M0005259,A00440,O20240133,2024,Matemática,2024-01-01,30,Concluída,67.1,Indicação
M0005260,A00440,O20240139,2024,Portugues,2024-03-05,0,Ativa,52.3,Feira escolar
M0005261,A00440,O20240135,2024,Química,2024-04-05,0,Concluída,56.8,Google
M0005262,A00440,O20240140,2024,Redação,2024/03/06,,Concluída,80.1,Feira escolar
M0005263,A00440,O20240143,2024,Sociologia,2024-01-19,25,concluida,85.5,WhatsApp
M0005264,A00440,O20250202,2025,Biologia,2025-02-03,0,Concluída,59.2,Google
M0005265,A00440,O20250208,2025,Filosofia,2025-02-26,25,Concluída,57.1,Instagram
M0005266,A00440,O20250204,2025,Geografia,2025-02-10,0,Cancelada,77.6,WhatsApp
M0005267,A00440,O20250203,2025,História,2025-04-14,25,Concluída,73.6,
M0005268,A00440,O20250207,2025,Ingles,2025-04-24,30,Concluída,54.5,Instagram
M0005269,A00440,O20250199,2025,Matemática,2025-01-15,10,Concluída,61.9,WhatsApp
M0005270,A00440,O20250205,2025,Português,2025-04-06,30,Concluída,67.1,Google
M0005271,A00440,O20250201,2025,Química,2025-04-17,10,,70.1,
M0005272,A00440,O20250206,2025,Redação,01-08-2025,30,concluida,67.7,
M0005273,A00440,O20250209,2025,SOCIOLOGIA,24/03/2025,30,Concluída,72.1,Indicação
M0005274,A00441,O20220048,2022,Biologia,2022-03-23,0,Cancelada,80.0,WhatsApp
M0005275,A00441,O20220054,2022,Filosofia,2022-01-05,30,Concluída,38.5,Feira escolar
M0005276,A00441,O20220046,2022,Física,2022-01-24,15,Concluída,60.8,Google
M0005277,A00441,O20220050,2022,Geografia,2022-02-28,20,Ativa,43.8,Google
M0005278,A00441,O20220049,2022,História,2022-02-24,0,Concluída,41.7,Feira escolar
M0005279,A00441,O20220053,2022,Inglês,2022-01-10,15,Concluída,52.2,Feira escolar
M0005280,A00441,O20220045,2022,Matemática,2022-01-06,0,Concluída,24.9,Feira escolar
M0005281,A00441,O20220051,2022,Português,2022-03-25,25,Concluída,77.1,Google
M0005282,A00441,O20220047,2022,Química,2022-04-05,25,Ativa,61.9,
M0005283,A00441,O20220052,2022,Redação,09/04/2022,20,Concluída,55.8,Instagram
M0005284,A00441,O20220055,2022,Sociologia,2022-01-28,50,Concluída,47.8,Instagram
M0005285,A00442,O20230125,2023,Biologia,2023-01-03,,Concluída,46.7,Feira escolar
M0005286,A00442,O20230123,2023,FÍSICA,2023-03-05,0,Ativa,61.1,WhatsApp
M0005287,A00442,O20230127,2023,Geografia,2023-02-11,25,Trancada,53.2,
M0005288,A00442,O20230126,2023,História,04-18-2023,30,Concluída,57.1,Google
M0005289,A00442,O20230130,2023,Inglês,2023-01-04,15,Concluída,51.1,Google
M0005290,A00442,O20230122,2023,Matemática,2023-03-23,30,Concluída,62.8,Indicação
M0005291,A00442,O20230128,2023,Português,2023-01-21,0,Concluída,61.1,
M0005292,A00442,O20230124,2023,Química,01-15-2023,10,Concluída,75.7,WhatsApp
M0005293,A00442,O20230129,2023,Redação,2023-01-23,20,Ativa,76.2,Feira escolar
M0005294,A00442,O20230132,2023,Sociologia,2023-03-08,20,,54.7,
M0005295,A00442,O20240136,2024,Biologia,2024-04-27,50,Concluída,61.2,
M0005296,A00442,O20240142,2024,Filosofia,2024-01-15,0,Concluída,49.4,Instagram
M0005297,A00442,O20240134,2024,Física,2024-03-01,25,Concluída,41.1,Google
M0005298,A00442,O20240138,2024,Geografia,2024-04-01,,Concluída,77.2,Indicação
M0005299,A00442,O20240137,2024,História,2024-02-11,30,Concluída,51.0,WhatsApp
M0005300,A00442,O20240141,2024,Inglês,2024-02-03,0,Concluída,63.1,Feira escolar
M0005301,A00442,O20240133,2024,Mat.,2024-04-24,0,,45.7,Indicação
M0005302,A00442,O20240139,2024,Português,2024-04-09,0,Ativa,36.8,Feira escolar
M0005303,A00442,O20240135,2024,Química,2024-02-03,30,Concluída,67.2,Google
M0005304,A00442,O20240140,2024,Redação,2024-04-13,15,Concluída,63.8,Indicação
M0005305,A00442,O20240143,2024,Sociologia,2024-02-14,50,Trancada,72.1,Indicação
M0005306,A00443,O20210026,2021,Biologia,2021-04-02,25,concluida,43.1,WhatsApp
M0005307,A00443,O20210032,2021,Filosofia,2021-02-01,20,Concluída,69.6,WhatsApp
M0005308,A00443,O20210024,2021,Física,2021-03-24,30,Concluída,41.3,WhatsApp
M0005309,A00443,O20210028,2021,Geografia,2021-01-13,20,concluida,48.8,WhatsApp
M0005310,A00443,O20210031,2021,Inglês,2021-02-16,15,Concluída,36.0,Google
M0005311,A00443,O20210023,2021,Mat.,2021-04-02,30,Cancelada,34.2,Instagram
M0005312,A00443,O20210029,2021,Português,2021-02-12,30,Concluída,57.0,WhatsApp
M0005313,A00443,O20210025,2021,Química,2021-03-06,25,Concluída,80.2,Indicação
M0005314,A00443,O20210030,2021,Redação,2021-02-17,10,Concluída,63.4,WhatsApp
M0005315,A00443,O20210033,2021,SOCIOLOGIA,2021-02-27,,Ativa,65.8,
M0005316,A00443,O20220048,2022,Biologia,2022-01-14,0,Cancelada,86.8,Google
M0005317,A00443,O20220054,2022,Filosofia,2022-01-05,10,Concluída,77.6,Feira escolar
M0005318,A00443,O20220049,2022,História,2022-03-17,10,Concluída,71.1,Instagram
M0005319,A00443,O20220053,2022,Inglês,2022-03-25,25,Concluída,49.9,WhatsApp
M0005320,A00443,O20220045,2022,Matemática,2022-04-28,0,Concluída,65.5,Feira escolar
M0005321,A00443,O20220051,2022,Português,2022-03-27,,Concluída,81.2,Instagram
M0005322,A00443,O20220047,2022,Química,15/01/2022,0,Ativa,65.0,Google
M0005323,A00443,O20220052,2022,Redação,27/04/2022,,Concluída,65.8,Google
M0005324,A00444,O20240158,2024,Biologia,2024-03-17,0,Concluída,66.2,
M0005325,A00444,O20240164,2024,Filosofia,2024-04-24,10,Concluída,51.6,
M0005326,A00444,O20240156,2024,Física,2024/04/21,0,Trancada,51.0,
M0005327,A00444,O20240160,2024,Geografia,2024-01-17,20,Concluída,37.1,
M0005328,A00444,O20240159,2024,História,2024-01-08,25,Ativa,79.9,Instagram
M0005329,A00444,O20240163,2024,Inglês,2024-02-22,50,Cancelada,67.2,
M0005330,A00444,O20240155,2024,Mat.,2024-03-19,,Concluída,52.3,Indicação
M0005331,A00444,O20240161,2024,Português,2024-02-27,,Concluída,44.4,WhatsApp
M0005332,A00444,O20240157,2024,Química,2024-01-26,30,Concluída,48.7,Instagram
M0005333,A00444,O20240162,2024,Redação,2024-02-09,10,Concluída,54.8,WhatsApp
M0005334,A00445,O20210015,2021,Biologia,09/03/2021,15,Concluída,64.2,Google
M0005335,A00445,O20210021,2021,Filosofia,2021-01-23,0,Concluída,62.8,Indicação
M0005336,A00445,O20210013,2021,Física,2021-03-02,10,Concluída,43.7,Feira escolar
M0005337,A00445,O20210016,2021,História,2021-02-19,10,Ativa,76.1,Feira escolar
M0005338,A00445,O20210020,2021,Ingles,2021-02-25,,Ativa,45.6,WhatsApp
M0005339,A00445,O20210012,2021,Matematica,2021-04-11,,Ativa,69.5,WhatsApp
M0005340,A00445,O20210018,2021,Português,2021-01-26,20,Concluída,39.1,WhatsApp
M0005341,A00445,O20210014,2021,Química,02-11-2021,10,concluida,41.1,Instagram
M0005342,A00445,O20210019,2021,Redação,2021-02-24,0,Concluída,62.3,
M0005343,A00446,O20240147,2024,Biologia,2024-01-02,0,Concluída,69.6,Instagram
M0005344,A00446,O20240153,2024,Filosofia,2024-03-15,10,Concluída,58.9,WhatsApp
M0005345,A00446,O20240145,2024,Física,2024-02-18,50,Concluída,76.2,
M0005346,A00446,O20240148,2024,História,2024/03/27,0,Ativa,75.4,WhatsApp
M0005347,A00446,O20240152,2024,Inglês,2024-02-15,20,Concluída,76.6,
M0005348,A00446,O20240144,2024,Matemática,2024-02-05,30,Concluída,56.5,
M0005349,A00446,O20240150,2024,Português,2024-01-22,,Concluída,49.6,Google
M0005350,A00446,O20240146,2024,Química,2024/04/26,20,Concluída,37.6,
M0005351,A00446,O20240151,2024,Redação,2024-03-01,50,Concluída,60.6,Indicação
M0005352,A00446,O20240154,2024,Sociologia,2024-04-14,20,Concluída,51.4,Feira escolar
M0005353,A00447,O20250180,2025,Biologia,2025/02/10,15,Concluída,38.3,WhatsApp
M0005354,A00447,O20250186,2025,FILOSOFIA,2025-04-08,20,Concluída,69.9,Feira escolar
M0005355,A00447,O20250178,2025,Física,2025-04-09,0,Concluída,69.0,Indicação
M0005356,A00447,O20250182,2025,Geografia,2025-01-26,,Concluída,57.4,Instagram
M0005357,A00447,O20250181,2025,História,2025-01-01,25,Concluída,42.4,Indicação
M0005358,A00447,O20250177,2025,Matemática,04/04/2025,25,Ativa,49.3,
M0005359,A00447,O20250183,2025,Português,2025-02-19,50,Concluída,57.6,Google
M0005360,A00447,O20250184,2025,Redação,2025-03-06,20,concluida,76.1,WhatsApp
M0005361,A00448,O20250191,2025,Biologia,2025-01-28,30,Concluída,41.1,WhatsApp
M0005362,A00448,O20250197,2025,Filosofia,2025/02/08,10,Concluída,41.4,WhatsApp
M0005363,A00448,O20250189,2025,Física,2025-04-04,50,Concluída,56.6,Google
M0005364,A00448,O20250192,2025,História,2025-01-19,0,Concluída,37.4,WhatsApp
M0005365,A00448,O20250188,2025,Matemática,2025-04-02,50,Ativa,38.5,Feira escolar
M0005366,A00448,O20250194,2025,Português,2025-04-22,0,Concluída,39.9,Google
M0005367,A00448,O20250195,2025,Redação,09/04/2025,0,Ativa,68.9,
M0005368,A00448,O20250198,2025,Sociologia,2025-01-01,0,concluida,37.4,Feira escolar
M0005369,A00449,O20240136,2024,Biologia,02-24-2024,0,Cancelada,34.7,Indicação
M0005370,A00449,O20240142,2024,Filosofia,2024-04-27,50,Concluída,76.6,Feira escolar
M0005371,A00449,O20240134,2024,Física,2024-04-23,20,Concluída,37.1,Google
M0005372,A00449,O20240138,2024,Geografia,2024-02-16,10,Concluída,22.2,Indicação
M0005373,A00449,O20240137,2024,História,2024-02-09,10,Concluída,49.6,Indicação
M0005374,A00449,O20240141,2024,Inglês,2024-01-18,20,concluida,79.3,
M0005375,A00449,O20240133,2024,Matemática,2024-04-23,0,Concluída,91.3,Instagram
M0005376,A00449,O20240139,2024,Português,2024-03-14,0,Cancelada,60.1,
M0005377,A00449,O20240135,2024,Química,2024-03-15,30,Concluída,38.1,Indicação
M0005378,A00449,O20240140,2024,Redação,2024-01-02,0,Concluída,55.5,Instagram
M0005379,A00449,O20240143,2024,SOCIOLOGIA,2024-03-23,10,Concluída,66.8,Indicação
M0005380,A00450,O20250180,2025,Biologia,2025/03/07,20,Concluída,58.0,Google
M0005381,A00450,O20250186,2025,Filosofia,2025-03-19,0,Concluída,63.1,Google
M0005382,A00450,O20250178,2025,Física,2025-02-11,20,concluida,35.8,
M0005383,A00450,O20250181,2025,História,2025-04-16,15,Concluída,69.0,Google
M0005384,A00450,O20250185,2025,Inglês,2025-01-18,15,Trancada,60.7,Google
M0005385,A00450,O20250177,2025,Matemática,02-25-2025,10,Concluída,59.9,Google
M0005386,A00450,O20250183,2025,Portugues,2025-04-25,30,concluida,26.3,Instagram
M0005387,A00450,O20250179,2025,Química,2025-04-19,10,Ativa,59.5,Google
M0005388,A00450,O20250184,2025,Redação,2025-03-23,0,Concluída,51.1,WhatsApp
M0005389,A00451,O20240136,2024,Biologia,2024-02-03,,Ativa,81.7,WhatsApp
M0005390,A00451,O20240142,2024,Filosofia,2024-04-01,30,Concluída,65.8,Indicação
M0005391,A00451,O20240134,2024,Física,2024-02-12,20,Cancelada,81.1,Instagram
M0005392,A00451,O20240138,2024,Geografia,2024-04-10,50,Concluída,60.4,WhatsApp
M0005393,A00451,O20240137,2024,História,2024-03-11,25,Ativa,62.0,Indicação
M0005394,A00451,O20240141,2024,Inglês,2024-02-13,0,Concluída,77.6,Indicação
M0005395,A00451,O20240133,2024,MATEMÁTICA,2024-04-21,10,Concluída,61.4,Google
M0005396,A00451,O20240139,2024,Português,2024-04-01,50,Ativa,68.8,Feira escolar
M0005397,A00451,O20240135,2024,Química,2024-03-17,25,Concluída,63.0,
M0005398,A00451,O20240140,2024,Redação,2024-01-10,20,Cancelada,70.6,Google
M0005399,A00451,O20240143,2024,Sociologia,2024-04-16,0,Concluída,40.4,
M0005400,A00452,O20230103,2023,Biologia,2023-01-19,20,Ativa,28.1,Google
M0005401,A00452,O20230109,2023,Filosofia,2023-01-04,10,Concluída,68.8,Google
M0005402,A00452,O20230101,2023,Física,2023-04-28,20,Ativa,75.0,Instagram
M0005403,A00452,O20230105,2023,Geografia,2023-04-03,,Concluída,56.3,Indicação
M0005404,A00452,O20230104,2023,História,2023-01-28,50,Ativa,69.7,Google
M0005405,A00452,O20230108,2023,Inglês,2023-02-02,30,Concluída,52.9,Instagram
M0005406,A00452,O20230100,2023,Matemática,2023-01-10,0,,51.4,Instagram
M0005407,A00452,O20230106,2023,Português,2023-03-08,10,Cancelada,53.7,
M0005408,A00452,O20230102,2023,Química,2023-04-13,50,Concluída,54.7,WhatsApp
M0005409,A00452,O20230107,2023,Redação,2023-01-08,0,Concluída,50.7,WhatsApp
M0005410,A00452,O20230110,2023,SOCIOLOGIA,2023-04-12,0,Concluída,41.5,Indicação
M0005411,A00453,O20230109,2023,Filosofia,03-16-2023,20,Concluída,31.7,Feira escolar
M0005412,A00453,O20230105,2023,Geografia,2023-04-06,20,Concluída,42.1,Google
M0005413,A00453,O20230104,2023,História,2023-03-08,30,Ativa,51.0,Google
M0005414,A00453,O20230108,2023,Ingles,2023-03-12,0,Concluída,51.1,
M0005415,A00453,O20230100,2023,Matemática,2023-03-28,,Concluída,55.8,Google
M0005416,A00453,O20230106,2023,Português,2023-02-10,25,Cancelada,64.0,Google
M0005417,A00453,O20230102,2023,Química,2023-03-26,30,Ativa,58.4,
M0005418,A00453,O20230107,2023,Redação,2023-02-13,30,Concluída,55.1,WhatsApp
M0005419,A00453,O20230110,2023,Sociologia,2023-03-17,20,Concluída,54.0,Instagram
M0005420,A00453,O20240169,2024,Biologia,2024-03-14,30,Ativa,46.2,Indicação
M0005421,A00453,O20240175,2024,FILOSOFIA,2024-04-21,,concluida,55.2,Instagram
M0005422,A00453,O20240167,2024,Física,2024-02-28,30,Concluída,51.5,
M0005423,A00453,O20240170,2024,História,2024-02-17,25,Ativa,51.6,Google
M0005424,A00453,O20240166,2024,Matemática,2024/02/10,15,Concluída,68.1,Feira escolar
M0005425,A00453,O20240172,2024,Português,2024-03-17,,Ativa,55.5,Feira escolar
M0005426,A00453,O20240168,2024,Química,2024-01-17,,concluida,72.2,Google
M0005427,A00453,O20240173,2024,Redação,2024-01-15,0,Concluída,61.1,Feira escolar
M0005428,A00453,O20240176,2024,Sociologia,2024-02-12,,Concluída,62.0,
M0005429,A00454,O20230120,2023,Filosofia,2023-01-05,0,Concluída,47.2,Feira escolar
M0005430,A00454,O20230115,2023,História,2023-02-28,0,concluida,77.9,Google
M0005431,A00454,O20230119,2023,Inglês,2023-04-22,0,Cancelada,63.1,Feira escolar
M0005432,A00454,O20230111,2023,Matemática,2023-01-08,10,Concluída,61.0,Google
M0005433,A00454,O20230117,2023,Português,2023-03-13,0,Concluída,62.9,Google
M0005434,A00454,O20230113,2023,Química,2023-02-04,0,Ativa,50.9,Feira escolar
M0005435,A00454,O20230118,2023,Redação,2023-03-05,30,Concluída,72.8,Google
M0005436,A00454,O20230121,2023,SOCIOLOGIA,2023-04-10,0,Concluída,78.9,Instagram
M0005437,A00455,O20250191,2025,Biologia,01/01/2025,25,Concluída,65.7,Instagram
M0005438,A00455,O20250197,2025,Filosofia,2025-03-01,30,Concluída,53.2,WhatsApp
M0005439,A00455,O20250189,2025,Física,2025-02-12,,Concluída,54.9,WhatsApp
M0005440,A00455,O20250193,2025,Geografia,2025-03-20,25,Concluída,54.4,Google
M0005441,A00455,O20250192,2025,História,2025-03-26,,Concluída,53.1,Instagram
M0005442,A00455,O20250196,2025,Inglês,2025-04-17,0,Concluída,47.2,Feira escolar
M0005443,A00455,O20250188,2025,Matemática,2025-04-11,0,Concluída,67.3,Feira escolar
M0005444,A00455,O20250194,2025,Português,2025-02-13,0,Concluída,39.4,Google
M0005445,A00455,O20250195,2025,Redação,2025-03-05,20,Ativa,51.5,Feira escolar
M0005446,A00455,O20250198,2025,Sociologia,2025-03-02,0,Concluída,39.3,WhatsApp
M0005447,A00456,O20240158,2024,Biologia,2024-03-23,0,Ativa,59.4,Google
M0005448,A00456,O20240164,2024,Filosofia,2024-01-09,0,Concluída,59.3,Instagram
M0005449,A00456,O20240156,2024,FÍSICA,2024-02-10,10,Concluída,47.0,
M0005450,A00456,O20240159,2024,História,2024-03-22,20,Concluída,63.8,Indicação
M0005451,A00456,O20240163,2024,Inglês,2024-03-21,15,Concluída,52.0,
M0005452,A00456,O20240155,2024,Matemática,2024-03-17,20,Cancelada,65.3,Instagram
M0005453,A00456,O20240161,2024,Português,2024-04-18,0,Concluída,44.7,WhatsApp
M0005454,A00456,O20240157,2024,Química,2024-01-07,30,Concluída,61.1,Instagram
M0005455,A00456,O20240162,2024,Redação,2024-04-18,50,Concluída,51.5,
M0005456,A00456,O20240165,2024,Sociologia,2024-03-16,10,Concluída,43.2,Google
M0005457,A00457,O20230103,2023,Biologia,2023-02-27,0,Concluída,78.0,
M0005458,A00457,O20230109,2023,Filosofia,2023-01-15,0,Concluída,76.0,
M0005459,A00457,O20230101,2023,Fisica,2023-02-25,10,Concluída,47.4,
M0005460,A00457,O20230104,2023,História,2023-02-20,10,Ativa,50.1,Google
M0005461,A00457,O20230108,2023,Inglês,2023-04-13,0,Ativa,47.4,Indicação
M0005462,A00457,O20230100,2023,Matemática,2023-01-22,25,Concluída,67.4,Instagram
M0005463,A00457,O20230106,2023,Português,07/02/2023,50,Concluída,67.2,Feira escolar
M0005464,A00457,O20230102,2023,Química,2023-04-12,15,Concluída,74.1,
M0005465,A00457,O20230107,2023,Redação,2023-02-04,0,Concluída,64.0,Indicação
M0005466,A00457,O20230110,2023,Sociologia,2023-03-25,0,Ativa,73.3,WhatsApp
M0005467,A00458,O20210037,2021,Biologia,2021-02-24,50,Ativa,49.7,WhatsApp
M0005468,A00458,O20210035,2021,Física,2021-04-04,15,Concluída,67.1,Instagram
M0005469,A00458,O20210038,2021,História,2021-02-25,0,Concluída,72.5,
M0005470,A00458,O20210042,2021,Inglês,2021-02-27,20,Trancada,59.6,
M0005471,A00458,O20210034,2021,Matemática,2021-02-13,20,Concluída,60.2,Feira escolar
M0005472,A00458,O20210040,2021,Português,2021-04-27,20,Concluída,61.9,WhatsApp
M0005473,A00458,O20210036,2021,Química,2021-02-17,15,Concluída,74.2,Google
M0005474,A00458,O20210041,2021,Redação,2021-03-23,15,Ativa,40.8,Instagram
M0005475,A00458,O20210044,2021,Sociologia,2021-02-26,15,Concluída,63.0,WhatsApp
M0005476,A00459,O20240147,2024,BIOLOGIA,2024-02-09,25,Concluída,62.7,
M0005477,A00459,O20240153,2024,Filosofia,2024-04-07,0,,75.9,Instagram
M0005478,A00459,O20240145,2024,Física,2024-04-14,0,Ativa,66.7,Feira escolar
M0005479,A00459,O20240148,2024,História,2024/03/01,0,Concluída,45.4,
M0005480,A00459,O20240152,2024,Inglês,2024-03-18,10,Ativa,28.3,Indicação
M0005481,A00459,O20240144,2024,Matemática,2024-01-09,0,Ativa,50.0,Google
M0005482,A00459,O20240150,2024,Português,2024-04-01,50,Ativa,45.9,WhatsApp
M0005483,A00459,O20240146,2024,Química,2024-04-16,20,Concluída,57.0,Instagram
M0005484,A00459,O20240151,2024,REDAÇÃO,2024-01-12,20,Concluída,40.0,Google
M0005485,A00459,O20240154,2024,Sociologia,2024-03-16,0,Ativa,93.9,Instagram
M0005486,A00459,O20250180,2025,Biologia,2025-01-07,15,Concluída,94.2,Feira escolar
M0005487,A00459,O20250181,2025,História,2025-04-18,25,Concluída,69.4,Indicação
M0005488,A00459,O20250185,2025,Inglês,2025-02-26,0,Concluída,62.1,Indicação
M0005489,A00459,O20250177,2025,Matemática,02-18-2025,50,Concluída,61.6,Instagram
M0005490,A00459,O20250183,2025,Português,2025-01-16,,Concluída,64.7,Instagram
M0005491,A00459,O20250184,2025,Redação,2025-04-21,25,Concluída,48.6,Indicação
M0005492,A00459,O20250187,2025,Sociologia,2025-03-26,25,Concluída,55.9,Feira escolar
M0005493,A00460,O20240175,2024,Filosofia,2024-03-01,0,Ativa,47.8,
M0005494,A00460,O20240167,2024,Física,2024-01-13,0,Concluída,63.7,
M0005495,A00460,O20240171,2024,Geografia,2024-02-09,0,Concluída,61.4,WhatsApp
M0005496,A00460,O20240174,2024,Inglês,2024/03/19,,Concluída,37.0,
M0005497,A00460,O20240166,2024,Matemática,2024-03-02,0,Concluída,73.6,Indicação
M0005498,A00460,O20240172,2024,Português,2024-04-05,25,Ativa,49.1,Google
M0005499,A00460,O20240173,2024,Redação,22/03/2024,0,Concluída,31.8,Feira escolar
M0005500,A00461,O20240136,2024,Biologia,2024-01-12,15,Ativa,31.6,Indicação
M0005501,A00461,O20240142,2024,Filosofia,2024-03-13,20,Concluída,51.7,
M0005502,A00461,O20240134,2024,Física,2024-03-08,0,Concluída,47.3,Google
M0005503,A00461,O20240138,2024,Geografia,2024-04-24,20,Ativa,26.4,WhatsApp
M0005504,A00461,O20240137,2024,História,2024-03-16,0,concluida,64.5,WhatsApp
M0005505,A00461,O20240141,2024,Inglês,2024/01/12,0,Concluída,60.9,
M0005506,A00461,O20240133,2024,Matemática,2024-03-24,15,Concluída,78.9,Feira escolar
M0005507,A00461,O20240139,2024,Português,2024-04-17,20,,45.2,WhatsApp
M0005508,A00461,O20240135,2024,Química,2024-03-13,10,Ativa,51.6,WhatsApp
M0005509,A00461,O20240140,2024,Redação,2024-02-23,10,Cancelada,74.1,Google
M0005510,A00461,O20240143,2024,Sociologia,2024-02-26,25,Ativa,50.7,
M0005511,A00462,O20230092,2023,Biologia,2023-02-02,0,Ativa,63.0,WhatsApp
M0005512,A00462,O20230098,2023,Filosofia,2023-02-19,0,Trancada,67.2,Feira escolar
M0005513,A00462,O20230090,2023,Física,04-06-2023,50,Concluída,47.1,Instagram
M0005514,A00462,O20230089,2023,Matemática,2023-04-15,25,Ativa,52.7,Instagram
M0005515,A00462,O20230095,2023,Português,2023-02-23,50,Concluída,48.6,Google
M0005516,A00462,O20230091,2023,Quimica,2023-04-15,0,Concluída,66.0,Indicação
M0005517,A00462,O20230096,2023,Redação,2023-01-04,0,concluida,55.5,Instagram
M0005518,A00462,O20230099,2023,Sociologia,2023-04-21,20,Trancada,42.6,Instagram
M0005519,A00463,O20250180,2025,Biologia,2025-02-03,25,Concluída,56.6,Indicação
M0005520,A00463,O20250186,2025,Filosofia,2025-03-21,30,Concluída,61.4,Indicação
M0005521,A00463,O20250178,2025,Física,2025-02-25,0,Concluída,42.9,Instagram
M0005522,A00463,O20250181,2025,História,2025-03-04,0,Concluída,24.9,Feira escolar
M0005523,A00463,O20250177,2025,Matemática,2025-04-28,15,Concluída,50.5,Indicação
M0005524,A00463,O20250183,2025,Português,2025-01-21,25,Concluída,85.0,Google
M0005525,A00463,O20250184,2025,Redação,2025-01-18,0,Concluída,30.5,WhatsApp
M0005526,A00464,O20240138,2024,Geografia,2024-03-08,0,Ativa,46.5,Instagram
M0005527,A00464,O20240137,2024,História,2024-01-05,0,Cancelada,46.3,Google
M0005528,A00464,O20240141,2024,Inglês,2024-02-10,,Ativa,60.3,Google
M0005529,A00464,O20240133,2024,Matematica,2024-04-12,25,Concluída,90.3,Indicação
M0005530,A00464,O20240139,2024,Português,2024-02-15,0,Trancada,40.3,Instagram
M0005531,A00464,O20240135,2024,Quimica,2024-04-16,,Ativa,88.0,Google
M0005532,A00464,O20240140,2024,Redação,2024-02-20,25,Concluída,46.6,
M0005533,A00464,O20240143,2024,Sociologia,2024-04-10,50,Ativa,71.7,Indicação
M0005534,A00465,O20230109,2023,Filosofia,2023-04-11,30,Ativa,80.2,Feira escolar
M0005535,A00465,O20230101,2023,FÍSICA,2023-02-27,10,Concluída,59.9,Instagram
M0005536,A00465,O20230104,2023,História,2023-04-12,20,Concluída,48.1,Instagram
M0005537,A00465,O20230108,2023,Inglês,2023-02-22,0,Concluída,28.8,
M0005538,A00465,O20230100,2023,Matemática,2023-02-19,0,Trancada,32.3,Feira escolar
M0005539,A00465,O20230106,2023,PORTUGUÊS,2023-03-15,0,Concluída,49.2,Feira escolar
M0005540,A00465,O20230107,2023,Redação,2023-04-13,30,Ativa,53.2,Indicação
M0005541,A00465,O20230110,2023,Sociologia,2023-03-01,0,Concluída,53.2,Google
M0005542,A00465,O20240136,2024,Biologia,02-14-2024,30,Concluída,40.1,Indicação
M0005543,A00465,O20240142,2024,Filosofia,2024-04-19,,Concluída,66.9,Indicação
M0005544,A00465,O20240134,2024,Física,2024-03-11,0,Ativa,51.3,Google
M0005545,A00465,O20240137,2024,História,2024-01-27,20,concluida,54.4,Feira escolar
M0005546,A00465,O20240133,2024,Matemática,2024-03-21,25,concluida,70.3,
M0005547,A00465,O20240139,2024,Português,2024-02-19,25,Concluída,69.2,
M0005548,A00465,O20240140,2024,Redação,2024-02-08,0,Concluída,77.2,
M0005549,A00465,O20240143,2024,Sociologia,2024/03/01,0,Concluída,51.6,Instagram
M0005550,A00466,O20250202,2025,Biologia,2025-04-16,0,Ativa,61.5,Feira escolar
M0005551,A00466,O20250200,2025,Física,2025-02-01,20,Cancelada,93.2,Instagram
M0005552,A00466,O20250204,2025,Geografia,03/01/2025,50,Ativa,80.3,
M0005553,A00466,O20250207,2025,Ingles,2025-02-11,0,Concluída,51.0,Feira escolar
M0005554,A00466,O20250199,2025,Matemática,2025-04-07,15,concluida,35.6,Instagram
M0005555,A00466,O20250205,2025,Português,2025-04-03,25,Concluída,51.8,WhatsApp
M0005556,A00466,O20250206,2025,Redação,2025-02-22,0,Concluída,53.1,WhatsApp
M0005557,A00466,O20250209,2025,Sociologia,04-04-2025,15,Concluída,61.2,Feira escolar
M0005558,A00467,O20250197,2025,Filosofia,2025-01-16,,Concluída,46.5,Instagram
M0005559,A00467,O20250189,2025,Física,2025-04-07,50,Concluída,49.8,Indicação
M0005560,A00467,O20250192,2025,História,2025-01-06,20,Ativa,34.2,Feira escolar
M0005561,A00467,O20250196,2025,Inglês,2025-01-06,50,Concluída,54.8,Indicação
M0005562,A00467,O20250188,2025,Matemática,2025-02-25,50,Concluída,69.1,WhatsApp
M0005563,A00467,O20250194,2025,Português,2025-01-24,15,Trancada,41.3,Google
M0005564,A00467,O20250190,2025,QUÍMICA,03-02-2025,0,Concluída,46.4,WhatsApp
M0005565,A00467,O20250195,2025,Redação,2025-03-27,0,Concluída,70.9,WhatsApp
M0005566,A00467,O20250198,2025,Sociologia,2025-04-25,,Concluída,59.2,Google
M0005567,A00468,O20240158,2024,Biologia,2024-04-02,50,concluida,50.1,Instagram
M0005568,A00468,O20240164,2024,Filosofia,2024-04-11,30,Concluída,44.7,Feira escolar
M0005569,A00468,O20240156,2024,Física,2024/01/19,10,Concluída,30.4,Instagram
M0005570,A00468,O20240159,2024,História,2024-04-20,15,Ativa,64.3,WhatsApp
M0005571,A00468,O20240163,2024,Inglês,2024-02-25,,Ativa,61.8,Instagram
M0005572,A00468,O20240155,2024,Matemática,2024-01-13,15,Concluída,67.3,Feira escolar
M0005573,A00468,O20240161,2024,Português,2024-01-13,25,Concluída,60.6,Indicação
M0005574,A00468,O20240157,2024,QUÍMICA,2024-02-04,0,Concluída,31.2,Instagram
M0005575,A00468,O20240162,2024,Redação,2024-04-24,50,Ativa,59.5,Google
M0005576,A00468,O20240165,2024,Sociologia,2024-03-15,50,Concluída,77.3,
M0005577,A00469,O20250202,2025,Biologia,2025-02-11,0,Concluída,63.4,Instagram
M0005578,A00469,O20250208,2025,FILOSOFIA,2025-04-20,,,73.6,
M0005579,A00469,O20250200,2025,Física,2025-04-01,30,Ativa,48.5,Feira escolar
M0005580,A00469,O20250203,2025,História,2025-02-22,25,Concluída,47.4,Indicação
M0005581,A00469,O20250207,2025,Inglês,2025-03-26,30,Ativa,66.4,Instagram
M0005582,A00469,O20250199,2025,Matemática,2025-04-08,0,Concluída,50.0,Google
M0005583,A00469,O20250205,2025,Português,01-09-2025,0,Cancelada,40.5,Feira escolar
M0005584,A00469,O20250201,2025,Química,2025-01-14,10,Ativa,60.8,Indicação
M0005585,A00469,O20250206,2025,Redação,04-04-2025,10,Trancada,56.1,Instagram
M0005586,A00469,O20250209,2025,Sociologia,2025-03-15,0,Concluída,53.1,Feira escolar
M0005587,A00470,O20230114,2023,Biologia,2023-02-09,0,concluida,56.6,Google
M0005588,A00470,O20230115,2023,História,2023-04-20,0,Concluída,47.3,Feira escolar
M0005589,A00470,O20230119,2023,Inglês,2023-04-03,15,Cancelada,63.0,WhatsApp
M0005590,A00470,O20230111,2023,Matemática,2023-02-15,15,Ativa,57.9,
M0005591,A00470,O20230117,2023,Português,2023-04-23,0,concluida,56.3,Instagram
M0005592,A00470,O20230118,2023,Redação,2023-01-17,20,Trancada,74.1,Feira escolar
M0005593,A00470,O20230121,2023,Sociologia,2023-02-17,30,Concluída,59.8,
M0005594,A00470,O20240158,2024,Biologia,2024-03-01,0,Ativa,34.6,WhatsApp
M0005595,A00470,O20240164,2024,FILOSOFIA,2024-02-24,0,,58.9,
M0005596,A00470,O20240156,2024,Física,2024-02-02,15,Ativa,69.3,Instagram
M0005597,A00470,O20240160,2024,Geografia,2024-02-12,0,Concluída,61.4,WhatsApp
M0005598,A00470,O20240159,2024,História,2024-03-17,0,Concluída,54.5,Feira escolar
M0005599,A00470,O20240163,2024,Inglês,2024-04-08,10,Concluída,60.1,Instagram
M0005600,A00470,O20240155,2024,Matemática,2024-01-22,30,Concluída,68.0,Feira escolar
M0005601,A00470,O20240161,2024,Português,2024-03-18,15,Concluída,57.1,Instagram
M0005602,A00470,O20240157,2024,Química,2024/02/11,0,Ativa,60.9,Instagram
M0005603,A00470,O20240162,2024,Redação,2024-03-19,0,Concluída,59.2,Indicação
M0005604,A00470,O20240165,2024,Sociologia,2024-04-23,,Concluída,54.5,Instagram
M0005605,A00470,O20250180,2025,Biologia,04-22-2025,20,Concluída,59.6,
M0005606,A00470,O20250186,2025,Filosofia,2025-03-08,0,Concluída,43.2,
M0005607,A00470,O20250178,2025,Física,2025-04-28,,Concluída,67.8,WhatsApp
M0005608,A00470,O20250182,2025,Geografia,2025-04-15,,Concluída,63.2,Google
M0005609,A00470,O20250181,2025,História,2025-02-10,0,Concluída,77.4,Google
M0005610,A00470,O20250185,2025,Inglês,2025-03-22,10,Ativa,80.5,WhatsApp
M0005611,A00470,O20250177,2025,Matemática,2025-03-10,,Cancelada,40.1,Indicação
M0005612,A00470,O20250183,2025,Português,2025-04-14,0,Ativa,52.8,
M0005613,A00470,O20250179,2025,Química,2025/01/26,0,Concluída,24.3,Instagram
M0005614,A00470,O20250184,2025,Redacao,2025-02-12,25,Concluída,72.3,Google
M0005615,A00470,O20250187,2025,Sociologia,2025-04-02,10,Concluída,45.6,Indicação
M0005616,A00471,O20210026,2021,Biologia,2021-02-08,25,Concluída,43.6,Feira escolar
M0005617,A00471,O20210032,2021,Filosofia,2021-03-21,0,Concluída,73.5,Feira escolar
M0005618,A00471,O20210024,2021,Fisica,2021-02-16,50,Concluída,33.7,Indicação
M0005619,A00471,O20210031,2021,Inglês,2021-01-26,50,Concluída,67.8,Indicação
M0005620,A00471,O20210023,2021,Matemática,2021-03-18,,Concluída,62.9,
M0005621,A00471,O20210029,2021,Português,2021-03-15,0,Concluída,73.8,Indicação
M0005622,A00471,O20210025,2021,Química,2021-01-04,,Concluída,70.6,
M0005623,A00471,O20210030,2021,REDAÇÃO,2021-01-28,0,Ativa,54.3,Feira escolar
M0005624,A00471,O20210033,2021,Sociologia,06/04/2021,0,Concluída,65.5,Indicação
M0005625,A00471,O20220070,2022,Biologia,2022-02-09,15,Cancelada,35.1,
M0005626,A00471,O20220076,2022,FILOSOFIA,2022-03-21,0,Concluída,58.5,Indicação
M0005627,A00471,O20220068,2022,Física,2022-01-22,25,Concluída,56.9,Feira escolar
M0005628,A00471,O20220072,2022,Geografia,2022-04-21,0,Cancelada,68.1,Instagram
M0005629,A00471,O20220071,2022,História,04-21-2022,0,Concluída,39.8,WhatsApp
M0005630,A00471,O20220075,2022,Ingles,14/04/2022,0,Concluída,38.8,
M0005631,A00471,O20220067,2022,Matemática,2022-02-20,0,Concluída,65.7,Indicação
M0005632,A00471,O20220073,2022,Portugues,2022-01-11,0,Concluída,79.2,Google
M0005633,A00471,O20220074,2022,Redação,2022-01-20,20,Concluída,35.0,Indicação
M0005634,A00471,O20220077,2022,Sociologia,2022-01-27,30,Concluída,50.1,Feira escolar
M0005635,A00472,O20240158,2024,Biologia,2024-03-08,0,Concluída,62.6,Instagram
M0005636,A00472,O20240164,2024,Filosofia,2024-01-11,15,Concluída,65.8,
M0005637,A00472,O20240156,2024,Física,2024-01-04,0,Concluída,73.5,WhatsApp
M0005638,A00472,O20240160,2024,Geografia,04-05-2024,0,Concluída,81.1,Indicação
M0005639,A00472,O20240159,2024,História,2024-01-11,,Concluída,67.5,Feira escolar
M0005640,A00472,O20240163,2024,Inglês,2024-03-11,15,Cancelada,67.8,Google
M0005641,A00472,O20240155,2024,Matemática,2024-04-21,30,Concluída,74.2,Instagram
M0005642,A00472,O20240161,2024,Português,2024-02-11,10,Concluída,31.8,Google
M0005643,A00472,O20240157,2024,Química,2024-04-25,10,Concluída,62.9,Indicação
M0005644,A00472,O20240162,2024,Redação,2024-01-16,15,,56.2,Google
M0005645,A00472,O20240165,2024,Sociologia,2024-03-02,25,Concluída,67.5,Feira escolar
M0005646,A00472,O20250213,2025,Biologia,2025-02-18,,Ativa,65.7,Google
M0005647,A00472,O20250211,2025,Física,2025-03-21,,Concluída,64.4,WhatsApp
M0005648,A00472,O20250214,2025,História,2025-02-03,20,Concluída,72.5,Indicação
M0005649,A00472,O20250210,2025,Matemática,2025-02-24,0,Ativa,49.2,Feira escolar
M0005650,A00472,O20250216,2025,Português,2025-01-01,10,Concluída,54.7,Google
M0005651,A00472,O20250212,2025,Quimica,2025-04-06,0,Concluída,41.1,Instagram
M0005652,A00472,O20250217,2025,Redação,2025-03-14,10,Ativa,53.3,Indicação
M0005653,A00473,O20250180,2025,Biologia,2025-01-16,0,Ativa,86.2,Feira escolar
M0005654,A00473,O20250178,2025,Física,2025-01-12,50,Concluída,75.2,Instagram
M0005655,A00473,O20250182,2025,Geografia,2025-04-12,0,Ativa,58.8,Google
M0005656,A00473,O20250185,2025,Inglês,2025-04-15,0,Concluída,60.2,Indicação
M0005657,A00473,O20250177,2025,Matematica,2025-04-08,0,Concluída,81.6,
M0005658,A00473,O20250183,2025,Português,2025-04-27,,Concluída,27.4,Google
M0005659,A00473,O20250184,2025,Redação,2025-04-18,15,Concluída,55.2,
M0005660,A00473,O20250187,2025,Sociologia,2025-04-15,30,Concluída,72.0,WhatsApp
M0005661,A00474,O20240169,2024,Biologia,2024-03-26,20,Concluída,60.2,
M0005662,A00474,O20240175,2024,Filosofia,2024-01-04,50,Concluída,48.7,Google
M0005663,A00474,O20240167,2024,Física,2024-02-23,30,Concluída,54.8,Instagram
M0005664,A00474,O20240171,2024,GEOGRAFIA,2024-03-21,50,Concluída,68.4,Instagram
M0005665,A00474,O20240170,2024,História,2024-03-12,0,Concluída,49.2,Indicação
M0005666,A00474,O20240174,2024,Inglês,2024-04-01,0,Concluída,63.9,
M0005667,A00474,O20240166,2024,Matemática,2024-04-04,,Concluída,64.5,Indicação
M0005668,A00474,O20240172,2024,Português,2024-03-22,50,Ativa,43.5,Indicação
M0005669,A00474,O20240168,2024,Química,2024-03-08,15,Ativa,58.9,
M0005670,A00474,O20240173,2024,REDAÇÃO,2024-03-20,20,Concluída,84.6,Google
M0005671,A00475,O20220070,2022,Biologia,2022-01-05,0,Concluída,40.6,Feira escolar
M0005672,A00475,O20220076,2022,Filosofia,2022-04-26,0,Concluída,47.8,Feira escolar
M0005673,A00475,O20220068,2022,Física,2022-02-24,10,Concluída,51.3,Feira escolar
M0005674,A00475,O20220072,2022,Geografia,2022-01-24,0,Ativa,56.9,Feira escolar
M0005675,A00475,O20220071,2022,Historia,2022-03-23,25,Concluída,55.4,Feira escolar
M0005676,A00475,O20220075,2022,Inglês,2022-03-18,10,Concluída,82.6,Feira escolar
M0005677,A00475,O20220067,2022,Matematica,2022-04-04,0,Cancelada,58.8,
M0005678,A00475,O20220073,2022,Português,2022-01-20,0,Concluída,58.0,Instagram
M0005679,A00475,O20220069,2022,Química,2022-02-26,25,Concluída,35.0,
M0005680,A00475,O20220074,2022,Redação,2022-03-08,0,Concluída,53.2,Feira escolar
M0005681,A00475,O20220077,2022,Sociologia,2022-04-09,0,Concluída,68.9,WhatsApp
M0005682,A00476,O20220087,2022,Filosofia,2022-01-28,0,Ativa,52.5,Indicação
M0005683,A00476,O20220083,2022,Geografia,2022-02-24,50,Cancelada,62.3,WhatsApp
M0005684,A00476,O20220082,2022,História,2022-03-10,25,Ativa,55.3,WhatsApp
M0005685,A00476,O20220078,2022,Matemática,2022-01-27,0,Concluída,63.0,Feira escolar
M0005686,A00476,O20220084,2022,Português,2022-02-20,0,Concluída,77.8,Feira escolar
M0005687,A00476,O20220085,2022,Redação,2022-03-15,0,Ativa,51.5,Google
M0005688,A00476,O20220088,2022,SOCIOLOGIA,2022-04-18,0,Concluída,33.9,Indicação
M0005689,A00477,O20230092,2023,Biologia,2023-02-08,50,Concluída,49.1,Feira escolar
M0005690,A00477,O20230098,2023,Filosofia,2023-04-10,20,Trancada,38.8,Feira escolar
M0005691,A00477,O20230090,2023,Física,2023-02-02,20,Concluída,54.1,Instagram
M0005692,A00477,O20230094,2023,Geografia,2023-02-17,0,Trancada,70.9,Google
M0005693,A00477,O20230093,2023,História,2023-03-16,0,Concluída,69.2,Instagram
M0005694,A00477,O20230097,2023,Inglês,2023-02-18,0,Concluída,49.0,
M0005695,A00477,O20230089,2023,Matemática,2023-03-01,10,Concluída,93.0,Instagram
M0005696,A00477,O20230095,2023,Português,2023-02-21,20,concluida,81.1,
M0005697,A00477,O20230096,2023,Redação,2023-03-20,0,concluida,58.9,Instagram
M0005698,A00477,O20230099,2023,Sociologia,2023-01-07,50,Cancelada,46.5,Google
M0005699,A00478,O20230103,2023,Biologia,2023-01-25,30,Concluída,85.1,
M0005700,A00478,O20230109,2023,Filosofia,2023/02/27,15,Ativa,17.0,Feira escolar
M0005701,A00478,O20230105,2023,Geografia,2023-01-06,25,Ativa,39.5,Instagram
M0005702,A00478,O20230108,2023,Inglês,2023-01-16,0,Cancelada,63.5,
M0005703,A00478,O20230100,2023,Matemática,2023-02-19,30,Concluída,61.0,
M0005704,A00478,O20230106,2023,Português,2023-01-21,15,concluida,74.6,Indicação
M0005705,A00478,O20230102,2023,Química,2023-01-03,0,Ativa,33.3,
M0005706,A00478,O20230107,2023,Redação,2023-04-17,,Concluída,61.0,
M0005707,A00478,O20230110,2023,Sociologia,2023-02-17,25,Concluída,59.6,Google
M0005708,A00479,O20250202,2025,Biologia,2025-02-14,10,Ativa,56.2,Instagram
M0005709,A00479,O20250208,2025,Filosofia,2025-04-28,10,Concluída,60.6,
M0005710,A00479,O20250200,2025,Física,2025-03-23,0,concluida,63.3,Google
M0005711,A00479,O20250204,2025,GEOGRAFIA,2025-02-23,15,Ativa,86.3,Google
M0005712,A00479,O20250203,2025,História,2025-03-14,10,Concluída,61.2,WhatsApp
M0005713,A00479,O20250199,2025,Matemática,2025-04-10,,Concluída,42.4,WhatsApp
M0005714,A00479,O20250205,2025,Português,2025-02-15,20,Ativa,51.2,Feira escolar
M0005715,A00479,O20250201,2025,Química,2025/04/21,0,Ativa,52.5,Feira escolar
M0005716,A00479,O20250206,2025,REDAÇÃO,2025-01-24,20,Concluída,35.0,Feira escolar
M0005717,A00480,O20230114,2023,Biologia,2023-03-04,0,Concluída,69.7,WhatsApp
M0005718,A00480,O20230120,2023,Filosofia,2023-01-06,0,Concluída,81.9,Feira escolar
M0005719,A00480,O20230112,2023,Física,2023-04-07,30,concluida,12.7,Instagram
M0005720,A00480,O20230116,2023,Geografia,2023-03-24,20,Concluída,44.5,Indicação
M0005721,A00480,O20230115,2023,História,2023-01-27,0,Concluída,68.3,WhatsApp
M0005722,A00480,O20230119,2023,Inglês,2023-04-23,0,Concluída,45.4,Instagram
M0005723,A00480,O20230111,2023,Matemática,2023-02-19,30,Ativa,69.6,Feira escolar
M0005724,A00480,O20230117,2023,Português,03-22-2023,,Cancelada,66.7,Indicação
M0005725,A00480,O20230113,2023,Química,2023-04-06,25,Concluída,40.7,Indicação
M0005726,A00480,O20230118,2023,Redação,2023-02-20,25,Ativa,55.5,
M0005727,A00480,O20230121,2023,Sociologia,2023-03-16,0,Concluída,47.8,Feira escolar
M0005728,A00481,O20210026,2021,Biologia,2021-04-25,0,Ativa,33.6,Instagram
M0005729,A00481,O20210024,2021,Física,2021-01-01,0,Concluída,39.9,Indicação
M0005730,A00481,O20210027,2021,História,2021/03/14,0,Concluída,59.9,Indicação
M0005731,A00481,O20210031,2021,Inglês,25/02/2021,15,concluida,72.6,Feira escolar
M0005732,A00481,O20210023,2021,Matemática,03-05-2021,25,Concluída,68.9,WhatsApp
M0005733,A00481,O20210029,2021,Português,2021/02/01,15,Trancada,62.3,Indicação
M0005734,A00481,O20210030,2021,Redação,2021-03-14,15,Concluída,69.2,Feira escolar
M0005735,A00481,O20210033,2021,Sociologia,2021-04-26,30,Concluída,74.9,
M0005736,A00481,O20220059,2022,Biologia,2022-02-23,30,Concluída,38.6,Feira escolar
M0005737,A00481,O20220065,2022,Filosofia,04-25-2022,15,Concluída,58.1,Indicação
M0005738,A00481,O20220057,2022,Física,2022-02-13,30,Ativa,82.2,Instagram
M0005739,A00481,O20220061,2022,Geografia,2022-01-08,10,Ativa,36.8,Google
M0005740,A00481,O20220064,2022,Inglês,2022-04-10,25,Concluída,74.1,Indicação
M0005741,A00481,O20220056,2022,Matemática,2022-02-09,,Concluída,52.0,WhatsApp
M0005742,A00481,O20220062,2022,PORTUGUÊS,2022-03-08,50,Ativa,68.6,Feira escolar
M0005743,A00481,O20220058,2022,Química,2022-02-06,50,,34.0,Instagram
M0005744,A00481,O20220063,2022,Redação,2022-03-17,0,Ativa,47.5,
M0005745,A00481,O20220066,2022,Sociologia,2022-02-25,,Concluída,48.6,WhatsApp
M0005746,A00482,O20250180,2025,Biologia,2025-03-13,20,Ativa,78.6,Feira escolar
M0005747,A00482,O20250186,2025,Filosofia,2025-04-19,20,Ativa,78.1,Indicação
M0005748,A00482,O20250178,2025,Física,2025-03-17,30,Concluída,31.2,WhatsApp
M0005749,A00482,O20250182,2025,Geografia,04-06-2025,10,Concluída,73.5,
M0005750,A00482,O20250181,2025,História,2025-04-09,,Ativa,73.3,WhatsApp
M0005751,A00482,O20250185,2025,Inglês,2025-04-19,,Concluída,59.3,Google
M0005752,A00482,O20250177,2025,MATEMÁTICA,2025-04-03,20,Concluída,55.6,Indicação
M0005753,A00482,O20250183,2025,Português,2025-04-09,15,Ativa,61.9,Feira escolar
M0005754,A00482,O20250179,2025,Química,2025-03-20,30,Concluída,46.8,
M0005755,A00482,O20250184,2025,Redação,2025-02-23,,Concluída,64.6,Indicação
M0005756,A00482,O20250187,2025,Sociologia,2025-04-28,25,Ativa,53.7,Google
M0005757,A00483,O20240175,2024,Filosofia,2024-04-15,20,Concluída,63.2,Indicação
M0005758,A00483,O20240167,2024,Física,2024-02-17,0,concluida,55.8,Feira escolar
M0005759,A00483,O20240171,2024,Geografia,2024-03-15,50,Concluída,58.6,
M0005760,A00483,O20240170,2024,História,2024-01-20,30,Concluída,59.3,WhatsApp
M0005761,A00483,O20240166,2024,Matemática,2024-04-16,,Concluída,80.7,Instagram
M0005762,A00483,O20240172,2024,Português,2024-02-23,,Concluída,66.7,
M0005763,A00483,O20240168,2024,Química,2024-02-24,0,Concluída,44.9,
M0005764,A00483,O20240173,2024,REDAÇÃO,2024-03-11,25,Concluída,69.1,Indicação
M0005765,A00483,O20240176,2024,Sociologia,2024-03-15,25,Concluída,52.9,Feira escolar
M0005766,A00484,O20230103,2023,Biologia,01-26-2023,15,Concluída,67.4,
M0005767,A00484,O20230109,2023,Filosofia,2023-04-21,30,Concluída,35.9,Google
M0005768,A00484,O20230101,2023,Física,2023/04/15,,Cancelada,58.8,
M0005769,A00484,O20230104,2023,História,2023-02-05,15,Concluída,68.7,
M0005770,A00484,O20230108,2023,Ingles,2023-03-05,20,Concluída,60.6,WhatsApp
M0005771,A00484,O20230100,2023,Matemática,04-15-2023,25,,53.4,Instagram
M0005772,A00484,O20230106,2023,Português,2023-03-26,0,Ativa,72.3,WhatsApp
M0005773,A00484,O20230102,2023,Química,2023-04-02,0,Concluída,47.9,
M0005774,A00484,O20230107,2023,REDAÇÃO,2023-02-19,10,Concluída,60.3,Indicação
M0005775,A00484,O20230110,2023,Sociologia,2023-04-05,15,Concluída,50.3,Instagram
M0005776,A00485,O20250180,2025,Biologia,2025-02-28,20,Concluída,27.6,
M0005777,A00485,O20250186,2025,Filosofia,2025-04-14,20,concluida,51.7,
M0005778,A00485,O20250178,2025,Física,2025/02/24,50,Ativa,57.3,Indicação
M0005779,A00485,O20250182,2025,Geografia,2025-01-10,25,Ativa,60.7,Indicação
M0005780,A00485,O20250181,2025,História,2025-02-13,0,Concluída,53.5,
M0005781,A00485,O20250185,2025,Inglês,2025-03-23,0,Concluída,50.6,WhatsApp
M0005782,A00485,O20250177,2025,Matemática,2025-04-28,0,Concluída,48.2,WhatsApp
M0005783,A00485,O20250183,2025,Português,2025-01-26,0,Concluída,69.2,Feira escolar
M0005784,A00485,O20250184,2025,Redação,2025-04-16,25,Concluída,64.9,Indicação
M0005785,A00485,O20250187,2025,Sociologia,2025-01-22,20,Concluída,53.1,Google
M0005786,A00486,O20220070,2022,Biologia,2022-04-03,10,Concluída,31.6,
M0005787,A00486,O20220076,2022,Filosofia,2022-02-01,10,Concluída,74.4,Google
M0005788,A00486,O20220068,2022,Física,2022-01-05,25,Concluída,60.2,
M0005789,A00486,O20220071,2022,Historia,2022-01-06,50,Concluída,44.3,
M0005790,A00486,O20220075,2022,Inglês,2022-02-20,50,Concluída,62.0,Instagram
M0005791,A00486,O20220067,2022,Matemática,2022-03-08,0,Ativa,46.4,Google
M0005792,A00486,O20220073,2022,Português,2022-03-07,20,Ativa,58.2,
M0005793,A00486,O20220069,2022,Química,2022-03-21,0,Concluída,76.6,Instagram
M0005794,A00486,O20220074,2022,Redação,2022-03-18,,Concluída,44.0,Google
M0005795,A00487,O20210015,2021,Biologia,2021-01-03,0,Concluída,47.2,Feira escolar
M0005796,A00487,O20210021,2021,FILOSOFIA,2021-04-28,50,Concluída,35.6,Google
M0005797,A00487,O20210013,2021,Física,2021-04-28,,Concluída,55.1,
M0005798,A00487,O20210017,2021,Geografia,2021-02-23,25,Concluída,48.6,Feira escolar
M0005799,A00487,O20210016,2021,História,2021-04-12,,Concluída,100.8,Indicação
M0005800,A00487,O20210012,2021,MATEMÁTICA,2021-01-11,50,Concluída,55.6,WhatsApp
M0005801,A00487,O20210018,2021,Português,2021-03-16,0,Concluída,35.1,Indicação
M0005802,A00487,O20210014,2021,Química,2021-02-08,10,Concluída,65.2,Feira escolar
M0005803,A00487,O20210019,2021,Redação,2021-02-27,25,Concluída,58.2,Feira escolar
M0005804,A00488,O20220054,2022,Filosofia,2022-03-05,25,Ativa,42.3,Instagram
M0005805,A00488,O20220046,2022,Física,2022-02-09,50,Ativa,73.3,
M0005806,A00488,O20220050,2022,Geografia,2022-01-11,,Concluída,67.5,
M0005807,A00488,O20220053,2022,Inglês,2022/04/02,0,Ativa,67.3,Instagram
M0005808,A00488,O20220045,2022,Matemática,2022-04-13,10,Ativa,61.7,
M0005809,A00488,O20220051,2022,Português,2022-01-15,50,Concluída,75.6,Google
M0005810,A00488,O20220052,2022,Redação,2022-01-17,0,Concluída,47.4,WhatsApp
M0005811,A00488,O20220055,2022,Sociologia,2022-01-22,25,Ativa,32.8,Google
M0005812,A00489,O20220059,2022,Biologia,2022-04-12,15,Concluída,35.2,
M0005813,A00489,O20220056,2022,Matemática,09/02/2022,0,Concluída,66.2,Instagram
M0005814,A00489,O20220062,2022,Português,2022-02-13,50,Concluída,65.4,Feira escolar
M0005815,A00489,O20220058,2022,Química,2022-04-24,0,Concluída,48.8,Google
M0005816,A00489,O20220063,2022,Redação,2022-03-23,30,Concluída,57.1,Google
M0005817,A00489,O20220066,2022,Sociologia,2022-04-04,30,Concluída,18.3,WhatsApp
M0005818,A00490,O20230098,2023,Filosofia,2023-04-14,15,Concluída,66.9,Feira escolar
M0005819,A00490,O20230090,2023,Física,2023-03-07,0,Concluída,55.3,WhatsApp
M0005820,A00490,O20230094,2023,Geografia,2023-03-25,25,Concluída,65.1,WhatsApp
M0005821,A00490,O20230093,2023,História,2023-03-01,,Concluída,42.1,Instagram
M0005822,A00490,O20230089,2023,Matemática,2023-02-15,25,Cancelada,47.9,Instagram
M0005823,A00490,O20230095,2023,Português,2023-01-11,0,concluida,38.6,Feira escolar
M0005824,A00490,O20230091,2023,Química,2023-01-21,10,Concluída,60.1,
M0005825,A00490,O20230096,2023,Redação,2023-01-04,0,Concluída,54.2,Feira escolar
M0005826,A00490,O20230099,2023,Sociologia,2023-04-15,30,concluida,64.7,
M0005827,A00490,O20240147,2024,Biologia,2024-01-05,10,Concluída,39.3,Instagram
M0005828,A00490,O20240153,2024,FILOSOFIA,2024-04-19,0,Concluída,45.7,Google
M0005829,A00490,O20240149,2024,Geografia,2024-03-17,15,Trancada,56.1,Feira escolar
M0005830,A00490,O20240148,2024,História,2024-04-08,0,Concluída,40.3,Feira escolar
M0005831,A00490,O20240152,2024,Inglês,2024-01-28,20,Concluída,42.2,Google
M0005832,A00490,O20240144,2024,Matemática,22/04/2024,0,Ativa,66.0,Indicação
M0005833,A00490,O20240150,2024,Português,2024-01-08,25,Concluída,50.9,WhatsApp
M0005834,A00490,O20240146,2024,Química,2024-04-10,,Concluída,65.0,Indicação
M0005835,A00490,O20240151,2024,Redação,2024-04-24,,Concluída,58.8,Indicação
M0005836,A00490,O20240154,2024,Sociologia,2024-02-05,25,Ativa,70.9,
M0005837,A00491,O20240136,2024,Biologia,2024/04/23,0,Concluída,55.3,
M0005838,A00491,O20240134,2024,Física,2024-01-02,20,Concluída,87.9,Indicação
M0005839,A00491,O20240138,2024,Geografia,2024-01-08,15,Concluída,71.6,
M0005840,A00491,O20240141,2024,Inglês,2024-02-27,50,Concluída,63.7,
M0005841,A00491,O20240133,2024,Matemática,18/04/2024,20,Ativa,54.8,Indicação
M0005842,A00491,O20240139,2024,Português,2024-04-06,30,Concluída,77.4,Indicação
M0005843,A00491,O20240140,2024,Redação,2024-04-22,0,Concluída,56.6,Google
M0005844,A00491,O20240143,2024,Sociologia,2024-04-08,50,Ativa,58.0,Google
M0005845,A00492,O20230125,2023,Biologia,2023-02-01,25,Ativa,58.1,Feira escolar
M0005846,A00492,O20230131,2023,Filosofia,2023-04-14,0,Concluída,41.7,Feira escolar
M0005847,A00492,O20230123,2023,Física,2023-02-04,0,Trancada,28.2,Feira escolar
M0005848,A00492,O20230127,2023,Geografia,2023-02-19,50,Concluída,63.7,
M0005849,A00492,O20230126,2023,História,2023/02/24,50,Concluída,47.5,Feira escolar
M0005850,A00492,O20230130,2023,Inglês,2023-03-03,0,Concluída,73.9,
M0005851,A00492,O20230122,2023,Matemática,2023-02-16,,Concluída,50.7,Feira escolar
M0005852,A00492,O20230128,2023,Portugues,2023-03-17,0,Concluída,43.9,Instagram
M0005853,A00492,O20230129,2023,Redação,2023-03-05,25,Concluída,73.4,Feira escolar
M0005854,A00492,O20240158,2024,Biologia,2024-02-17,20,Concluída,71.0,WhatsApp
M0005855,A00492,O20240164,2024,Filosofia,2024-02-18,,Ativa,57.4,Indicação
M0005856,A00492,O20240156,2024,Física,2024-03-11,0,Concluída,61.6,Google
M0005857,A00492,O20240160,2024,Geografia,2024-01-10,0,Ativa,39.1,Feira escolar
M0005858,A00492,O20240159,2024,História,2024-04-05,50,Concluída,42.5,Feira escolar
M0005859,A00492,O20240163,2024,Inglês,2024-02-19,,Concluída,53.0,Instagram
M0005860,A00492,O20240155,2024,Matemática,2024-02-22,30,Concluída,41.8,Feira escolar
M0005861,A00492,O20240161,2024,Português,2024-02-28,25,Concluída,65.9,
M0005862,A00492,O20240157,2024,QUÍMICA,2024-01-21,0,Concluída,58.4,Google
M0005863,A00492,O20240162,2024,Redação,2024-02-12,0,Concluída,53.2,Indicação
M0005864,A00492,O20240165,2024,Sociologia,2024-03-14,10,Concluída,77.8,
M0005865,A00493,O20250191,2025,Biologia,2025-03-08,50,Cancelada,52.8,WhatsApp
M0005866,A00493,O20250189,2025,Física,2025-02-07,50,Ativa,80.8,Indicação
M0005867,A00493,O20250193,2025,Geografia,2025-03-04,,Concluída,63.7,Google
M0005868,A00493,O20250192,2025,História,2025-03-13,,Concluída,34.5,
M0005869,A00493,O20250188,2025,Matemática,2025-03-23,25,Concluída,54.6,Indicação
M0005870,A00493,O20250194,2025,PORTUGUÊS,2025-03-20,25,Ativa,62.1,
M0005871,A00493,O20250190,2025,Química,2025-04-11,0,Concluída,57.4,Feira escolar
M0005872,A00493,O20250195,2025,Redação,2025-01-07,50,Concluída,45.3,Instagram
M0005873,A00494,O20210026,2021,Biologia,01/03/2021,50,Concluída,61.8,Instagram
M0005874,A00494,O20210032,2021,Filosofia,2021-04-06,50,Cancelada,38.6,Indicação
M0005875,A00494,O20210028,2021,Geografia,2021-02-07,,Concluída,44.4,Instagram
M0005876,A00494,O20210031,2021,Inglês,2021-01-23,,Concluída,74.9,Feira escolar
M0005877,A00494,O20210023,2021,Matemática,19/03/2021,,Ativa,63.7,Feira escolar
M0005878,A00494,O20210029,2021,Português,11/01/2021,50,Concluída,71.8,Indicação
M0005879,A00494,O20210025,2021,Química,2021-02-28,0,Concluída,49.8,Instagram
M0005880,A00494,O20210030,2021,Redação,2021-01-09,0,Trancada,57.6,WhatsApp
M0005881,A00494,O20210033,2021,Sociologia,2021-02-24,0,Concluída,33.4,
M0005882,A00495,O20230103,2023,Biologia,03/01/2023,,Concluída,73.4,WhatsApp
M0005883,A00495,O20230105,2023,Geografia,2023-03-01,50,Cancelada,50.1,Indicação
M0005884,A00495,O20230108,2023,Inglês,2023-04-11,,Trancada,37.8,Google
M0005885,A00495,O20230100,2023,Matemática,2023-04-23,0,Concluída,39.5,WhatsApp
M0005886,A00495,O20230106,2023,Português,2023-01-24,30,Concluída,53.1,
M0005887,A00495,O20230107,2023,Redacao,2023-02-23,50,Concluída,77.6,Feira escolar
M0005888,A00495,O20230110,2023,Sociologia,2023-01-23,0,Trancada,73.7,WhatsApp
M0005889,A00496,O20250178,2025,Física,2025-01-18,0,Concluída,83.6,
M0005890,A00496,O20250182,2025,Geografia,2025-01-09,,Concluída,54.3,WhatsApp
M0005891,A00496,O20250181,2025,História,2025-01-24,50,Concluída,57.3,Instagram
M0005892,A00496,O20250185,2025,Inglês,2025-02-01,0,concluida,87.2,Instagram
M0005893,A00496,O20250177,2025,Matemática,2025-02-22,10,Concluída,71.8,
M0005894,A00496,O20250183,2025,Português,2025-01-23,20,Ativa,35.2,Feira escolar
M0005895,A00496,O20250184,2025,Redação,2025-02-02,10,Concluída,44.2,Instagram
M0005896,A00496,O20250187,2025,Sociologia,2025-02-11,,Concluída,59.7,
M0005897,A00497,O20240164,2024,Filosofia,2024-01-09,0,Concluída,58.5,WhatsApp
M0005898,A00497,O20240156,2024,Física,2024-01-15,30,Concluída,68.3,Indicação
M0005899,A00497,O20240160,2024,Geografia,2024-02-21,,concluida,48.2,Feira escolar
M0005900,A00497,O20240159,2024,História,2024-02-18,15,Ativa,51.8,Indicação
M0005901,A00497,O20240163,2024,Inglês,2024-04-06,25,Concluída,71.5,Instagram
M0005902,A00497,O20240155,2024,Matemática,2024-03-09,0,,75.7,Instagram
M0005903,A00497,O20240161,2024,Português,2024-02-22,0,Concluída,40.2,Instagram
M0005904,A00497,O20240162,2024,Redação,28/03/2024,0,Concluída,43.6,WhatsApp
M0005905,A00498,O20240136,2024,Biologia,01-09-2024,50,Ativa,74.6,Google
M0005906,A00498,O20240142,2024,Filosofia,2024-01-14,20,Concluída,60.2,Feira escolar
M0005907,A00498,O20240134,2024,Física,2024-04-16,50,Concluída,44.0,Google
M0005908,A00498,O20240138,2024,Geografia,2024-02-09,0,Cancelada,74.7,Indicação
M0005909,A00498,O20240137,2024,Historia,2024-01-23,50,Concluída,48.5,WhatsApp
M0005910,A00498,O20240133,2024,Matemática,2024-03-18,0,Concluída,43.4,Google
M0005911,A00498,O20240139,2024,Português,2024-04-24,,Concluída,59.7,
M0005912,A00498,O20240140,2024,Redação,2024-04-12,,Ativa,78.8,Instagram
M0005913,A00498,O20240143,2024,Sociologia,2024-03-04,0,Concluída,37.2,Google
M0005914,A00499,O20210004,2021,Biologia,21/01/2021,0,Trancada,57.0,Instagram
M0005915,A00499,O20210010,2021,Filosofia,2021-03-18,20,Concluída,58.4,WhatsApp
M0005916,A00499,O20210002,2021,FÍSICA,2021-04-04,25,Concluída,43.6,WhatsApp
M0005917,A00499,O20210005,2021,História,2021-03-02,30,Ativa,70.5,Indicação
M0005918,A00499,O20210009,2021,Inglês,2021-03-23,50,Ativa,82.3,
M0005919,A00499,O20210001,2021,Matemática,2021-01-28,10,Concluída,52.9,Indicação
M0005920,A00499,O20210007,2021,Português,10/04/2021,0,Ativa,65.0,Indicação
M0005921,A00499,O20210003,2021,Química,03-23-2021,0,Concluída,33.3,Google
M0005922,A00499,O20210008,2021,Redação,2021-01-09,0,Cancelada,40.5,Google
M0005923,A00499,O20210011,2021,Sociologia,2021-03-20,10,Concluída,55.2,Feira escolar
M0005924,A00500,O20230125,2023,Biologia,2023-04-28,0,Concluída,65.1,Indicação
M0005925,A00500,O20230131,2023,FILOSOFIA,2023-01-28,0,Cancelada,60.7,Indicação
M0005926,A00500,O20230123,2023,Física,2023-03-20,0,Concluída,59.4,Indicação
M0005927,A00500,O20230130,2023,Inglês,2023-02-13,0,Trancada,57.1,Feira escolar
M0005928,A00500,O20230122,2023,Matematica,2023-02-13,0,Concluída,61.4,Google
M0005929,A00500,O20230128,2023,Português,2023-01-03,,Ativa,51.0,
M0005930,A00500,O20230124,2023,Química,2023-04-02,10,Concluída,41.2,Feira escolar
M0005931,A00500,O20230129,2023,Redação,2023-02-28,0,Concluída,67.3,Google
M0005932,A00501,O20240134,2024,Física,2024-01-27,30,Concluída,70.8,Feira escolar
M0005933,A00501,O20240138,2024,Geografia,2024/02/18,0,Concluída,53.7,Indicação
M0005934,A00501,O20240133,2024,Matemática,2024-04-01,20,Concluída,49.0,Google
M0005935,A00501,O20240139,2024,PORTUGUÊS,2024-03-05,25,Concluída,63.7,Feira escolar
M0005936,A00501,O20240135,2024,QUÍMICA,2024-01-09,10,Ativa,66.1,Indicação
M0005937,A00501,O20240140,2024,Redação,2024-02-12,,Cancelada,58.5,Instagram
M0005938,A00502,O20210037,2021,BIOLOGIA,2021-03-14,25,Concluída,74.8,Google
M0005939,A00502,O20210043,2021,Filosofia,2021-04-19,0,Concluída,74.2,WhatsApp
M0005940,A00502,O20210035,2021,Física,2021-03-09,30,Concluída,74.6,WhatsApp
M0005941,A00502,O20210039,2021,Geografia,02-24-2021,15,Ativa,58.1,Feira escolar
M0005942,A00502,O20210038,2021,História,2021-04-07,20,Concluída,51.2,Google
M0005943,A00502,O20210042,2021,Inglês,2021-02-15,15,Concluída,46.8,Instagram
M0005944,A00502,O20210034,2021,Matemática,2021-02-20,50,Concluída,85.6,Indicação
M0005945,A00502,O20210040,2021,Português,2021-04-24,20,Concluída,37.3,Feira escolar
M0005946,A00502,O20210036,2021,Química,2021-04-10,50,Ativa,50.3,
M0005947,A00502,O20210041,2021,Redação,2021-02-16,0,Ativa,63.3,Instagram
M0005948,A00502,O20210044,2021,Sociologia,2021-04-11,15,Concluída,44.6,WhatsApp
M0005949,A00503,O20250202,2025,Biologia,2025-02-13,50,Concluída,59.1,Indicação
M0005950,A00503,O20250204,2025,Geografia,2025-01-02,15,Ativa,65.6,
M0005951,A00503,O20250199,2025,Matemática,2025-01-25,50,Ativa,71.5,WhatsApp
M0005952,A00503,O20250205,2025,Português,2025-03-28,30,Concluída,57.1,
M0005953,A00503,O20250201,2025,Química,2025-03-23,,concluida,66.1,Indicação
M0005954,A00503,O20250206,2025,Redação,2025-04-09,30,Concluída,58.0,
M0005955,A00503,O20250209,2025,Sociologia,2025-03-26,,Concluída,75.4,Indicação
M0005956,A00504,O20250180,2025,Biologia,2025-02-22,50,Cancelada,67.8,WhatsApp
M0005957,A00504,O20250186,2025,Filosofia,2025/03/12,0,Ativa,53.0,Feira escolar
M0005958,A00504,O20250178,2025,Física,2025-01-05,0,Ativa,63.4,Feira escolar
M0005959,A00504,O20250182,2025,Geografia,2025-03-05,10,Concluída,84.5,Feira escolar
M0005960,A00504,O20250181,2025,História,2025-02-11,15,Concluída,67.9,WhatsApp
M0005961,A00504,O20250185,2025,Inglês,2025-03-24,50,Concluída,66.3,Instagram
M0005962,A00504,O20250177,2025,Matemática,2025-02-19,20,Concluída,74.2,Google
M0005963,A00504,O20250183,2025,Português,2025-02-25,,Concluída,44.8,
M0005964,A00504,O20250179,2025,Química,2025-03-25,25,Concluída,64.0,Feira escolar
M0005965,A00504,O20250184,2025,Redação,2025-04-01,,Cancelada,67.4,Indicação
M0005966,A00504,O20250187,2025,Sociologia,2025-03-13,10,Ativa,44.3,Google
M0005967,A00505,O20250180,2025,Biologia,2025-03-22,10,Ativa,43.3,Instagram
M0005968,A00505,O20250178,2025,Física,2025-02-18,0,Concluída,47.3,WhatsApp
M0005969,A00505,O20250182,2025,Geografia,2025-03-17,50,Concluída,12.5,Indicação
M0005970,A00505,O20250181,2025,História,2025-04-16,15,Concluída,67.7,Feira escolar
M0005971,A00505,O20250185,2025,Inglês,2025-03-20,0,Concluída,49.9,Google
M0005972,A00505,O20250177,2025,Matemática,2025-03-27,0,Concluída,82.0,Feira escolar
M0005973,A00505,O20250183,2025,Português,2025-03-10,20,concluida,42.6,
M0005974,A00505,O20250184,2025,Redação,2025-01-27,15,Concluída,59.4,Google
M0005975,A00505,O20250187,2025,Sociologia,2025-02-02,25,Concluída,46.4,
M0005976,A00506,O20240158,2024,Biologia,2024-02-28,50,Concluída,72.5,WhatsApp
M0005977,A00506,O20240164,2024,Filosofia,2024-02-06,30,Ativa,60.5,WhatsApp
M0005978,A00506,O20240156,2024,Física,2024-03-12,25,Concluída,49.1,
M0005979,A00506,O20240160,2024,Geografia,2024-03-04,50,Concluída,65.0,Instagram
M0005980,A00506,O20240159,2024,História,2024-03-08,10,Ativa,69.9,WhatsApp
M0005981,A00506,O20240163,2024,Inglês,2024-04-15,0,Concluída,69.7,Google
M0005982,A00506,O20240155,2024,Matemática,2024-03-03,50,Concluída,62.2,Indicação
M0005983,A00506,O20240161,2024,Português,2024-03-06,,Concluída,57.6,Feira escolar
M0005984,A00506,O20240162,2024,Redação,2024-03-16,10,Concluída,51.8,Feira escolar
M0005985,A00506,O20240165,2024,SOCIOLOGIA,2024-04-02,15,Ativa,44.8,Indicação
M0005986,A00507,O20210004,2021,Biologia,2021-03-15,0,,55.4,WhatsApp
M0005987,A00507,O20210010,2021,Filosofia,2021-03-22,25,Ativa,70.3,Feira escolar
M0005988,A00507,O20210002,2021,Física,2021-03-17,0,Concluída,46.8,Indicação
M0005989,A00507,O20210006,2021,GEOGRAFIA,2021-03-02,25,Concluída,67.5,Feira escolar
M0005990,A00507,O20210005,2021,História,2021-01-12,0,Ativa,55.8,Instagram
M0005991,A00507,O20210001,2021,Matemática,2021-01-22,50,Concluída,81.1,WhatsApp
M0005992,A00507,O20210007,2021,Português,2021-01-18,30,Concluída,71.9,Google
M0005993,A00507,O20210003,2021,Química,2021-03-14,0,Concluída,68.3,
M0005994,A00507,O20210008,2021,Redação,2021-03-08,30,Concluída,51.6,Feira escolar
M0005995,A00507,O20210011,2021,Sociologia,2021-03-10,,Concluída,47.7,Indicação
M0005996,A00507,O20220048,2022,Biologia,2022/03/10,10,Cancelada,68.9,Instagram
M0005997,A00507,O20220054,2022,Filosofia,01-06-2022,,Concluída,70.0,Feira escolar
M0005998,A00507,O20220046,2022,Física,2022-02-09,0,Concluída,42.5,WhatsApp
M0005999,A00507,O20220049,2022,História,2022-02-12,25,Concluída,57.3,
M0006000,A00507,O20220053,2022,Inglês,2022-03-25,15,concluida,55.0,Google
M0006001,A00507,O20220045,2022,Matemática,2022-01-25,15,Concluída,54.0,Instagram
M0006002,A00507,O20220051,2022,Português,28/01/2022,20,Concluída,60.5,WhatsApp
M0006003,A00507,O20220047,2022,Química,2022-04-06,10,Concluída,48.3,
M0006004,A00507,O20220052,2022,Redação,2022-04-16,50,Concluída,65.5,Google
M0006005,A00507,O20220055,2022,Sociologia,01-16-2022,30,Concluída,63.9,
M0006006,A00508,O20240136,2024,BIOLOGIA,2024-03-12,20,Concluída,49.3,Feira escolar
M0006007,A00508,O20240142,2024,Filosofia,2024-02-06,25,Ativa,65.7,Indicação
M0006008,A00508,O20240138,2024,Geografia,2024-03-24,25,Concluída,106.4,Google
M0006009,A00508,O20240141,2024,Inglês,2024-03-16,25,Ativa,35.2,Feira escolar
M0006010,A00508,O20240133,2024,Matemática,2024-01-17,0,Concluída,43.9,Feira escolar
M0006011,A00508,O20240139,2024,Português,2024-04-06,0,Concluída,63.1,Indicação
M0006012,A00508,O20240135,2024,Química,2024-03-26,30,Concluída,45.6,Indicação
M0006013,A00508,O20240140,2024,Redação,2024-01-14,0,Ativa,70.9,Indicação
M0006014,A00508,O20240143,2024,Sociologia,2024-04-24,25,Cancelada,51.8,Google
M0006015,A00509,O20230125,2023,Biologia,2023-01-06,25,Ativa,58.4,Indicação
M0006016,A00509,O20230131,2023,Filosofia,2023-01-09,20,Trancada,64.6,Indicação
M0006017,A00509,O20230123,2023,Física,2023-01-28,50,Ativa,59.1,Google
M0006018,A00509,O20230127,2023,Geografia,2023-02-11,30,Concluída,36.2,Feira escolar
M0006019,A00509,O20230126,2023,História,2023-03-24,30,Cancelada,57.8,Google
M0006020,A00509,O20230130,2023,Inglês,2023-04-20,0,,87.1,
M0006021,A00509,O20230122,2023,Matemática,2023-02-15,20,Concluída,69.0,Google
M0006022,A00509,O20230128,2023,Portugues,2023-01-19,0,Concluída,72.2,Indicação
M0006023,A00509,O20230124,2023,Química,2023-03-24,15,Concluída,55.8,Instagram
M0006024,A00509,O20230129,2023,Redação,2023-03-25,0,Concluída,22.9,Feira escolar
M0006025,A00509,O20230132,2023,Sociologia,2023-03-22,0,Concluída,50.1,Instagram
M0006026,A00509,O20240147,2024,Biologia,2024-03-19,,Concluída,57.7,Instagram
M0006027,A00509,O20240153,2024,Filosofia,2024-01-11,15,Concluída,52.1,WhatsApp
M0006028,A00509,O20240149,2024,Geografia,2024-01-14,,Ativa,64.9,WhatsApp
M0006029,A00509,O20240152,2024,Inglês,2024-03-02,20,Concluída,53.5,Feira escolar
M0006030,A00509,O20240144,2024,Matemática,2024-04-24,50,Ativa,36.8,Indicação
M0006031,A00509,O20240150,2024,Português,2024-02-22,25,Ativa,84.2,Google
M0006032,A00509,O20240151,2024,Redação,2024-02-15,0,Concluída,72.1,WhatsApp
M0006033,A00509,O20240154,2024,Sociologia,2024-03-23,25,Concluída,39.7,Google
M0006034,A00510,O20230105,2023,Geografia,2023-04-02,15,Concluída,48.8,Google
M0006035,A00510,O20230104,2023,História,2023-04-02,10,Cancelada,63.6,Feira escolar
M0006036,A00510,O20230108,2023,Inglês,2023-01-10,,Ativa,88.2,Instagram
M0006037,A00510,O20230100,2023,Matemática,2023-01-01,25,Concluída,67.2,WhatsApp
M0006038,A00510,O20230106,2023,Português,2023-02-26,10,Concluída,67.1,Indicação
M0006039,A00510,O20230102,2023,Química,2023-04-17,20,Concluída,34.3,WhatsApp
M0006040,A00510,O20230107,2023,Redação,2023-02-17,20,Concluída,61.7,
M0006041,A00510,O20230110,2023,Sociologia,2023-03-02,20,Ativa,54.0,Indicação
M0006042,A00511,O20240136,2024,Biologia,2024-02-12,30,Concluída,54.8,Instagram
M0006043,A00511,O20240142,2024,Filosofia,2024-02-10,30,Trancada,54.2,Indicação
M0006044,A00511,O20240138,2024,Geografia,2024-03-06,30,Concluída,55.4,WhatsApp
M0006045,A00511,O20240137,2024,História,2024-04-02,15,Ativa,78.3,Feira escolar
M0006046,A00511,O20240141,2024,Inglês,2024-02-17,50,Concluída,23.0,
M0006047,A00511,O20240133,2024,Mat.,2024-04-26,50,Concluída,72.7,WhatsApp
M0006048,A00511,O20240139,2024,Português,2024-02-03,20,Cancelada,42.7,WhatsApp
M0006049,A00511,O20240135,2024,QUÍMICA,2024-02-19,0,Concluída,43.1,Feira escolar
M0006050,A00511,O20240140,2024,REDAÇÃO,2024-02-15,15,Concluída,52.8,Feira escolar
M0006051,A00511,O20240143,2024,Sociologia,2024-03-19,,Concluída,26.7,Instagram
M0006052,A00511,O20250202,2025,Biologia,2025-01-04,,Concluída,87.9,WhatsApp
M0006053,A00511,O20250208,2025,Filosofia,2025/01/07,50,Concluída,59.7,Feira escolar
M0006054,A00511,O20250200,2025,Física,2025-02-04,10,Concluída,52.0,WhatsApp
M0006055,A00511,O20250204,2025,Geografia,2025-03-05,20,Concluída,77.6,Instagram
M0006056,A00511,O20250203,2025,História,2025-02-14,20,Cancelada,66.3,Google
M0006057,A00511,O20250207,2025,Ingles,2025-01-07,15,Concluída,65.8,Google
M0006058,A00511,O20250199,2025,Matemática,2025-03-10,0,Concluída,67.8,Indicação
M0006059,A00511,O20250205,2025,Português,2025-03-21,0,Cancelada,54.5,
M0006060,A00511,O20250201,2025,Química,13/04/2025,0,Concluída,59.5,Google
M0006061,A00511,O20250206,2025,Redação,2025-01-22,0,Cancelada,55.4,WhatsApp
M0006062,A00511,O20250209,2025,Sociologia,2025-02-14,15,Ativa,72.7,Instagram
M0006063,A00512,O20250191,2025,Biologia,01-18-2025,20,Ativa,48.0,Google
M0006064,A00512,O20250197,2025,Filosofia,2025-04-09,20,Concluída,47.8,Instagram
M0006065,A00512,O20250189,2025,Física,2025-04-28,0,Concluída,85.3,Google
M0006066,A00512,O20250193,2025,GEOGRAFIA,2025-03-12,0,Concluída,75.5,Indicação
M0006067,A00512,O20250192,2025,Historia,03-05-2025,0,Concluída,52.3,
M0006068,A00512,O20250188,2025,Matematica,2025-03-20,0,concluida,51.8,Instagram
M0006069,A00512,O20250194,2025,Português,2025-04-03,25,Concluída,76.8,Instagram
M0006070,A00512,O20250195,2025,Redação,2025-03-21,0,Concluída,49.2,Feira escolar
M0006071,A00512,O20250198,2025,Sociologia,2025-02-27,25,Concluída,50.4,Instagram
M0006072,A00513,O20240158,2024,Biologia,2024/04/09,20,Concluída,42.5,
M0006073,A00513,O20240164,2024,Filosofia,2024-03-04,10,Concluída,48.3,Feira escolar
M0006074,A00513,O20240156,2024,Física,05/02/2024,15,Cancelada,54.6,Instagram
M0006075,A00513,O20240160,2024,Geografia,2024-03-26,10,Concluída,53.1,Feira escolar
M0006076,A00513,O20240159,2024,História,2024-01-17,30,Concluída,49.2,
M0006077,A00513,O20240163,2024,Inglês,2024-04-22,10,Concluída,63.0,
M0006078,A00513,O20240155,2024,Matemática,2024-02-22,0,,65.3,Instagram
M0006079,A00513,O20240161,2024,Português,2024-04-21,,concluida,72.9,Google
M0006080,A00513,O20240157,2024,Química,2024-03-18,20,Concluída,60.4,WhatsApp
M0006081,A00513,O20240162,2024,Redação,2024-03-18,0,Concluída,46.4,Google
M0006082,A00514,O20240142,2024,Filosofia,2024-01-26,30,Ativa,53.1,Indicação
M0006083,A00514,O20240138,2024,Geografia,2024-03-26,20,Concluída,62.4,Google
M0006084,A00514,O20240137,2024,História,2024-03-19,25,Concluída,60.1,
M0006085,A00514,O20240141,2024,Inglês,2024-03-12,0,Concluída,45.0,Google
M0006086,A00514,O20240133,2024,Matemática,2024-02-08,20,Cancelada,65.3,Indicação
M0006087,A00514,O20240139,2024,Português,2024-04-07,0,Ativa,49.5,Indicação
M0006088,A00514,O20240135,2024,Química,2024-01-11,20,Concluída,53.4,Feira escolar
M0006089,A00514,O20240140,2024,Redação,2024-03-15,30,Concluída,54.6,Google
M0006090,A00514,O20240143,2024,Sociologia,2024-01-10,30,Concluída,54.4,
M0006091,A00514,O20250180,2025,Biologia,2025-03-13,0,Ativa,54.2,Google
M0006092,A00514,O20250178,2025,Fisica,2025-04-27,25,Cancelada,66.1,WhatsApp
M0006093,A00514,O20250182,2025,Geografia,2025-04-08,0,Ativa,97.8,Indicação
M0006094,A00514,O20250185,2025,Inglês,2025-03-26,25,Ativa,57.1,Indicação
M0006095,A00514,O20250177,2025,Matemática,2025-04-28,25,Concluída,77.0,Indicação
M0006096,A00514,O20250183,2025,Português,2025-04-07,0,concluida,53.0,Google
M0006097,A00514,O20250179,2025,Química,01-16-2025,0,Concluída,44.6,Google
M0006098,A00514,O20250184,2025,Redação,01-24-2025,50,concluida,58.2,Instagram
M0006099,A00515,O20240147,2024,Biologia,2024-01-08,,Trancada,62.8,Instagram
M0006100,A00515,O20240153,2024,Filosofia,2024-04-19,30,Concluída,62.9,Indicação
M0006101,A00515,O20240145,2024,FÍSICA,2024-04-09,0,Concluída,77.4,Google
M0006102,A00515,O20240149,2024,Geografia,2024-02-11,10,Concluída,49.2,Google
M0006103,A00515,O20240152,2024,Inglês,2024-03-01,25,Concluída,84.6,Instagram
M0006104,A00515,O20240144,2024,Matemática,2024-04-20,0,Concluída,63.2,
M0006105,A00515,O20240150,2024,Português,2024-02-28,20,Concluída,75.6,Instagram
M0006106,A00515,O20240146,2024,Química,2024-02-08,0,Concluída,74.4,
M0006107,A00515,O20240151,2024,Redação,2024-02-24,0,Concluída,81.3,WhatsApp
M0006108,A00516,O20250180,2025,Biologia,2025-03-09,,Concluída,75.6,Google
M0006109,A00516,O20250186,2025,Filosofia,2025-02-28,20,concluida,56.2,
M0006110,A00516,O20250182,2025,Geografia,2025/02/22,30,Concluída,70.3,Indicação
M0006111,A00516,O20250181,2025,História,2025-02-05,,Concluída,22.8,Google
M0006112,A00516,O20250185,2025,Inglês,2025-03-15,0,Ativa,70.3,
M0006113,A00516,O20250177,2025,Matemática,2025-03-20,,Ativa,86.3,WhatsApp
M0006114,A00516,O20250183,2025,Português,2025-02-17,0,Concluída,75.5,Feira escolar
M0006115,A00516,O20250179,2025,Química,2025-02-06,50,Cancelada,57.5,Instagram
M0006116,A00516,O20250184,2025,Redação,2025-03-15,25,Ativa,44.7,Instagram
M0006117,A00516,O20250187,2025,Sociologia,2025-03-02,10,Trancada,54.6,
M0006118,A00517,O20240175,2024,Filosofia,2024-03-11,15,Concluída,52.5,Instagram
M0006119,A00517,O20240171,2024,Geografia,2024-02-10,25,Concluída,71.2,Instagram
M0006120,A00517,O20240170,2024,História,2024-02-04,50,Concluída,39.6,WhatsApp
M0006121,A00517,O20240174,2024,Inglês,02-04-2024,50,Concluída,77.1,Google
M0006122,A00517,O20240166,2024,Matemática,2024-04-23,25,Concluída,58.1,Instagram
M0006123,A00517,O20240172,2024,Português,2024-04-24,0,Ativa,64.3,WhatsApp
M0006124,A00517,O20240168,2024,Química,2024-04-12,25,Concluída,84.8,Indicação
M0006125,A00517,O20240173,2024,Redação,2024-04-09,10,Concluída,53.5,WhatsApp
M0006126,A00518,O20220059,2022,Biologia,2022-01-03,0,Trancada,46.2,WhatsApp
M0006127,A00518,O20220057,2022,FÍSICA,2022-01-25,,Concluída,61.0,
M0006128,A00518,O20220061,2022,Geografia,2022-03-17,20,Concluída,73.9,Indicação
M0006129,A00518,O20220056,2022,Mat.,2022-01-19,0,Concluída,56.2,WhatsApp
M0006130,A00518,O20220062,2022,Português,2022-01-01,,Concluída,44.2,Feira escolar
M0006131,A00518,O20220058,2022,Química,2022-02-13,25,Concluída,63.9,
M0006132,A00518,O20220063,2022,Redação,2022-03-28,30,Concluída,72.1,Instagram
M0006133,A00518,O20230125,2023,Biologia,11/03/2023,0,Concluída,65.3,Indicação
M0006134,A00518,O20230131,2023,Filosofia,2023-04-08,0,Cancelada,65.9,WhatsApp
M0006135,A00518,O20230123,2023,Física,2023-01-05,,Ativa,71.5,Indicação
M0006136,A00518,O20230127,2023,GEOGRAFIA,02-27-2023,,Ativa,43.6,Instagram
M0006137,A00518,O20230126,2023,História,2023-02-26,20,Concluída,48.7,
M0006138,A00518,O20230130,2023,Inglês,2023-04-05,15,Concluída,30.1,Google
M0006139,A00518,O20230122,2023,Matemática,2023-01-04,25,Concluída,72.3,Google
M0006140,A00518,O20230128,2023,Português,2023-01-03,0,Trancada,45.7,
M0006141,A00518,O20230124,2023,Química,2023-01-08,30,Concluída,67.9,Google
M0006142,A00518,O20230129,2023,Redação,2023-04-15,10,Ativa,87.0,Google
M0006143,A00518,O20230132,2023,Sociologia,2023-01-20,25,Concluída,57.4,
M0006144,A00518,O20240136,2024,Biologia,2024-02-20,10,Concluída,64.1,Google
M0006145,A00518,O20240142,2024,Filosofia,2024-01-04,0,Cancelada,62.4,Google
M0006146,A00518,O20240134,2024,Física,2024-02-15,30,Trancada,44.1,
M0006147,A00518,O20240138,2024,Geografia,2024-04-26,0,Concluída,41.5,Google
M0006148,A00518,O20240137,2024,História,2024-02-07,0,Concluída,41.4,Google
M0006149,A00518,O20240141,2024,Inglês,2024-04-08,15,Ativa,40.9,WhatsApp
M0006150,A00518,O20240133,2024,Matemática,2024-02-05,10,Concluída,63.9,Google
M0006151,A00518,O20240139,2024,PORTUGUÊS,2024-01-08,0,Cancelada,82.3,Indicação
M0006152,A00518,O20240135,2024,Química,2024-03-05,50,Ativa,48.8,Google
M0006153,A00518,O20240140,2024,Redação,2024-01-01,20,Concluída,56.0,Google
M0006154,A00518,O20240143,2024,Sociologia,14/02/2024,0,Concluída,68.0,WhatsApp
M0006155,A00519,O20250213,2025,Biologia,2025-04-09,25,concluida,66.4,
M0006156,A00519,O20250219,2025,Filosofia,2025-03-26,25,Ativa,51.9,WhatsApp
M0006157,A00519,O20250211,2025,Física,2025-03-03,20,Concluída,55.3,Instagram
M0006158,A00519,O20250218,2025,Inglês,2025-01-28,20,Concluída,51.3,
M0006159,A00519,O20250210,2025,Matemática,03/02/2025,,Trancada,32.0,Feira escolar
M0006160,A00519,O20250216,2025,Português,2025-04-07,25,Concluída,62.9,WhatsApp
M0006161,A00519,O20250212,2025,Química,2025-04-24,,concluida,63.4,Google
M0006162,A00519,O20250217,2025,Redação,2025-01-15,30,Trancada,54.2,WhatsApp
M0006163,A00519,O20250220,2025,Sociologia,2025-02-25,20,Concluída,47.5,Indicação
M0006164,A00520,O20210004,2021,Biologia,2021-02-28,0,Concluída,32.9,Instagram
M0006165,A00520,O20210010,2021,Filosofia,2021-03-04,30,Concluída,63.1,
M0006166,A00520,O20210002,2021,Física,04/02/2021,30,Concluída,71.1,Google
M0006167,A00520,O20210006,2021,Geografia,2021-02-14,,Cancelada,54.5,Indicação
M0006168,A00520,O20210005,2021,História,2021-01-15,0,Concluída,55.1,Google
M0006169,A00520,O20210009,2021,Ingles,2021-04-22,0,Concluída,61.7,Feira escolar
M0006170,A00520,O20210001,2021,Matemática,2021-01-17,,Concluída,58.8,
M0006171,A00520,O20210007,2021,Português,2021-02-14,0,Concluída,63.8,Feira escolar
M0006172,A00520,O20210003,2021,Química,2021-03-03,0,Concluída,39.6,WhatsApp
M0006173,A00520,O20210008,2021,REDAÇÃO,2021-04-10,50,Ativa,78.0,WhatsApp
M0006174,A00520,O20210011,2021,Sociologia,2021-02-15,20,Concluída,47.4,WhatsApp
M0006175,A00520,O20220076,2022,Filosofia,2022-03-09,0,Concluída,39.9,Google
M0006176,A00520,O20220075,2022,Inglês,2022-03-27,0,Concluída,48.2,Google
M0006177,A00520,O20220067,2022,Matemática,2022-02-01,25,Concluída,40.8,Instagram
M0006178,A00520,O20220073,2022,Português,2022-03-23,50,Ativa,31.4,Feira escolar
M0006179,A00520,O20220069,2022,Química,2022-04-03,50,Ativa,55.6,WhatsApp
M0006180,A00520,O20220074,2022,Redação,2022-01-25,15,Concluída,47.9,Google
M0006181,A00520,O20220077,2022,Sociologia,27/04/2022,10,Concluída,64.2,
M0006182,A00521,O20210013,2021,Física,2021-03-18,25,Ativa,44.1,Feira escolar
M0006183,A00521,O20210017,2021,Geografia,2021-02-03,25,Ativa,57.3,Feira escolar
M0006184,A00521,O20210016,2021,Historia,2021-04-02,25,Ativa,60.6,Feira escolar
M0006185,A00521,O20210020,2021,Inglês,2021-03-27,0,Concluída,44.0,Instagram
M0006186,A00521,O20210012,2021,Matemática,2021-01-09,0,Concluída,38.2,WhatsApp
M0006187,A00521,O20210018,2021,Português,2021-03-18,50,Concluída,56.3,WhatsApp
M0006188,A00521,O20210014,2021,QUÍMICA,2021-04-19,15,Concluída,41.3,Indicação
M0006189,A00521,O20210019,2021,Redação,04-07-2021,20,Ativa,52.4,Feira escolar
M0006190,A00521,O20210022,2021,Sociologia,2021-02-23,15,Concluída,39.9,Indicação
M0006191,A00522,O20220059,2022,Biologia,2022-01-19,15,Concluída,38.4,Indicação
M0006192,A00522,O20220065,2022,Filosofia,2022-03-18,0,Concluída,50.6,Google
M0006193,A00522,O20220057,2022,Física,2022-02-01,30,Concluída,18.2,Google
M0006194,A00522,O20220061,2022,Geografia,2022-01-21,20,Ativa,68.7,Instagram
M0006195,A00522,O20220060,2022,História,2022-02-08,,Ativa,61.3,Instagram
M0006196,A00522,O20220064,2022,Inglês,2022-01-08,,concluida,65.8,Google
M0006197,A00522,O20220056,2022,Matemática,2022-01-26,25,Ativa,59.7,Google
M0006198,A00522,O20220062,2022,Português,2022-04-22,0,Concluída,46.5,Instagram
M0006199,A00522,O20220058,2022,QUÍMICA,2022-02-24,0,Concluída,59.8,Feira escolar
M0006200,A00522,O20220063,2022,Redação,2022-01-20,50,Ativa,50.8,WhatsApp
M0006201,A00522,O20220066,2022,Sociologia,2022-04-16,25,concluida,42.4,WhatsApp
M0006202,A00522,O20230114,2023,Biologia,2023-01-16,50,Concluída,47.4,Instagram
M0006203,A00522,O20230116,2023,Geografia,2023-04-14,,Concluída,33.0,Indicação
M0006204,A00522,O20230111,2023,Matemática,2023-02-05,0,Concluída,69.9,Indicação
M0006205,A00522,O20230117,2023,Português,2023-03-17,20,Ativa,50.6,Feira escolar
M0006206,A00522,O20230113,2023,Química,2023-04-26,15,Concluída,72.8,Instagram
M0006207,A00522,O20230118,2023,Redacao,2023-02-25,0,Concluída,57.2,
M0006208,A00522,O20230121,2023,Sociologia,03-04-2023,50,Concluída,60.9,WhatsApp
M0006209,A00523,O20230114,2023,Biologia,2023-04-24,20,Concluída,53.3,Google
M0006210,A00523,O20230120,2023,FILOSOFIA,2023-03-01,0,Concluída,63.4,Google
M0006211,A00523,O20230112,2023,Física,2023-03-16,15,Concluída,86.2,WhatsApp
M0006212,A00523,O20230116,2023,Geografia,2023-02-07,50,Ativa,61.0,
M0006213,A00523,O20230115,2023,História,22/01/2023,50,Concluída,54.0,
M0006214,A00523,O20230119,2023,Inglês,2023-04-24,20,Concluída,81.1,WhatsApp
M0006215,A00523,O20230111,2023,Matemática,2023-01-03,0,concluida,64.8,Indicação
M0006216,A00523,O20230117,2023,Português,2023-01-03,20,Concluída,64.1,Indicação
M0006217,A00523,O20230113,2023,Química,2023-04-09,30,Concluída,36.9,WhatsApp
M0006218,A00523,O20230118,2023,Redação,2023-04-10,20,Concluída,64.1,Indicação
M0006219,A00523,O20230121,2023,SOCIOLOGIA,2023-02-23,0,Concluída,60.6,Google
M0006220,A00524,O20210035,2021,Física,2021-03-27,50,Ativa,68.7,WhatsApp
M0006221,A00524,O20210038,2021,História,2021-04-09,50,Concluída,76.7,Google
M0006222,A00524,O20210042,2021,Inglês,2021-02-10,0,Concluída,45.8,Feira escolar
M0006223,A00524,O20210034,2021,Matemática,2021-01-28,0,Concluída,56.0,
M0006224,A00524,O20210040,2021,Português,2021-02-07,30,Trancada,47.2,Indicação
M0006225,A00524,O20210041,2021,Redação,2021-01-14,10,Concluída,67.1,Instagram
M0006226,A00524,O20210044,2021,Sociologia,2021-01-19,30,Concluída,47.0,
M0006227,A00525,O20230103,2023,Biologia,2023-03-05,0,Cancelada,43.5,
M0006228,A00525,O20230101,2023,Física,2023-02-01,0,Trancada,54.6,
M0006229,A00525,O20230105,2023,Geografia,2023-01-19,10,Concluída,59.6,
M0006230,A00525,O20230104,2023,História,2023-02-09,0,Concluída,45.1,WhatsApp
M0006231,A00525,O20230108,2023,Inglês,2023-01-01,10,Concluída,32.0,Feira escolar
M0006232,A00525,O20230100,2023,Mat.,2023-02-02,0,Concluída,73.0,Indicação
M0006233,A00525,O20230106,2023,Português,2023-03-25,20,Concluída,48.7,Google
M0006234,A00525,O20230102,2023,Quimica,2023-04-02,0,Concluída,45.1,Google
M0006235,A00525,O20230107,2023,Redação,2023-03-12,50,Concluída,43.9,WhatsApp
M0006236,A00525,O20230110,2023,Sociologia,2023-03-11,,Ativa,66.6,Indicação
M0006237,A00525,O20240158,2024,Biologia,2024-02-27,30,Concluída,53.1,Google
M0006238,A00525,O20240164,2024,Filosofia,2024-02-20,0,Ativa,60.0,Indicação
M0006239,A00525,O20240156,2024,Física,2024-03-01,0,Concluída,41.7,Feira escolar
M0006240,A00525,O20240160,2024,Geografia,2024-04-26,25,Concluída,56.2,
M0006241,A00525,O20240159,2024,Historia,2024-04-09,15,Concluída,68.3,WhatsApp
M0006242,A00525,O20240163,2024,Inglês,2024-04-15,0,Concluída,73.3,
M0006243,A00525,O20240155,2024,Matemática,2024-04-01,0,Concluída,60.9,Indicação
M0006244,A00525,O20240161,2024,Português,2024-02-09,0,Concluída,37.1,
M0006245,A00525,O20240157,2024,Química,2024-03-23,25,Concluída,54.3,Feira escolar
M0006246,A00525,O20240162,2024,Redação,2024-01-26,50,Concluída,55.9,Google
M0006247,A00525,O20240165,2024,Sociologia,2024-04-13,0,Concluída,62.6,Indicação
M0006248,A00526,O20210026,2021,BIOLOGIA,2021-02-17,20,Concluída,58.1,Instagram
M0006249,A00526,O20210032,2021,Filosofia,2021-01-27,10,Trancada,42.7,WhatsApp
M0006250,A00526,O20210024,2021,Física,2021-01-18,15,Ativa,76.9,Feira escolar
M0006251,A00526,O20210028,2021,Geografia,2021-02-24,30,Concluída,46.7,WhatsApp
M0006252,A00526,O20210027,2021,História,2021-04-24,,concluida,53.5,Instagram
M0006253,A00526,O20210031,2021,Ingles,2021-02-13,50,Concluída,36.9,WhatsApp
M0006254,A00526,O20210023,2021,Matemática,2021-04-04,10,Ativa,47.9,Google
M0006255,A00526,O20210029,2021,Português,2021-03-25,0,Concluída,55.5,Instagram
M0006256,A00526,O20210025,2021,Química,2021-01-19,25,Cancelada,78.2,WhatsApp
M0006257,A00526,O20210030,2021,Redação,2021-04-13,20,Concluída,50.8,Instagram
M0006258,A00526,O20210033,2021,Sociologia,2021-01-24,15,Concluída,73.9,Feira escolar
M0006259,A00527,O20240136,2024,BIOLOGIA,2024-02-19,,Concluída,60.1,Feira escolar
M0006260,A00527,O20240142,2024,Filosofia,2024-01-22,25,Ativa,35.9,Google
M0006261,A00527,O20240134,2024,Física,2024-02-12,0,Concluída,68.4,
M0006262,A00527,O20240138,2024,Geografia,2024-03-10,10,Concluída,66.4,
M0006263,A00527,O20240137,2024,História,2024-02-06,,Concluída,52.1,
M0006264,A00527,O20240141,2024,Ingles,2024-02-22,30,Concluída,70.0,
M0006265,A00527,O20240133,2024,Matemática,2024-01-01,0,concluida,72.4,Google
M0006266,A00527,O20240139,2024,Português,2024-03-12,0,Ativa,28.9,Google
M0006267,A00527,O20240135,2024,Química,2024-01-08,30,Concluída,74.2,Indicação
M0006268,A00527,O20240140,2024,Redacao,2024-02-04,10,Concluída,52.6,Indicação
M0006269,A00527,O20240143,2024,Sociologia,2024-03-07,0,Concluída,63.5,WhatsApp
M0006270,A00528,O20220059,2022,Biologia,2022-04-25,50,Ativa,40.1,Indicação
M0006271,A00528,O20220065,2022,Filosofia,2022-04-23,30,Concluída,52.9,WhatsApp
M0006272,A00528,O20220057,2022,Física,2022-01-15,0,Trancada,35.9,Google
M0006273,A00528,O20220061,2022,Geografia,2022-01-06,15,Concluída,75.3,Feira escolar
M0006274,A00528,O20220060,2022,História,03-01-2022,30,Concluída,64.1,Indicação
M0006275,A00528,O20220056,2022,Matemática,2022-03-15,50,Ativa,52.9,
M0006276,A00528,O20220062,2022,Português,19/02/2022,,Concluída,88.4,Instagram
M0006277,A00528,O20220058,2022,Química,2022-03-09,0,Concluída,64.1,Indicação
M0006278,A00528,O20220063,2022,Redação,2022-01-18,10,Concluída,74.7,WhatsApp
M0006279,A00528,O20220066,2022,SOCIOLOGIA,2022-01-09,30,Concluída,57.0,WhatsApp
M0006280,A00529,O20240153,2024,Filosofia,2024-04-17,20,Concluída,54.6,WhatsApp
M0006281,A00529,O20240145,2024,Física,2024-02-12,0,Concluída,41.2,Google
M0006282,A00529,O20240149,2024,Geografia,2024/04/27,0,Concluída,84.4,
M0006283,A00529,O20240148,2024,Historia,2024-03-05,0,Concluída,54.7,Feira escolar
M0006284,A00529,O20240152,2024,Inglês,02-02-2024,0,Ativa,66.2,Google
M0006285,A00529,O20240144,2024,Matemática,2024-02-10,50,Concluída,58.5,WhatsApp
M0006286,A00529,O20240150,2024,Português,2024-01-04,30,Ativa,46.9,Instagram
M0006287,A00529,O20240146,2024,Química,02-19-2024,10,Ativa,69.8,Instagram
M0006288,A00529,O20240151,2024,REDAÇÃO,2024-01-13,20,Ativa,66.3,Indicação
M0006289,A00529,O20240154,2024,Sociologia,2024-02-02,0,Concluída,99.4,Google
M0006290,A00530,O20210015,2021,BIOLOGIA,2021-04-04,20,Concluída,46.7,WhatsApp
M0006291,A00530,O20210021,2021,FILOSOFIA,2021-03-22,25,Concluída,68.8,
M0006292,A00530,O20210013,2021,Física,2021-01-26,30,Ativa,72.0,Google
M0006293,A00530,O20210017,2021,Geografia,2021-01-12,0,Ativa,59.1,WhatsApp
M0006294,A00530,O20210016,2021,História,2021-04-20,15,Ativa,39.6,
M0006295,A00530,O20210020,2021,Inglês,2021-02-10,50,Concluída,84.0,Instagram
M0006296,A00530,O20210012,2021,Matemática,2021-03-24,25,Concluída,54.2,Instagram
M0006297,A00530,O20210018,2021,Português,2021-01-05,0,concluida,55.3,
M0006298,A00530,O20210014,2021,Química,2021-04-25,10,Concluída,64.0,Indicação
M0006299,A00530,O20210019,2021,Redação,2021-04-04,20,Cancelada,47.2,Instagram
M0006300,A00530,O20210022,2021,Sociologia,2021-02-06,50,Ativa,41.1,Instagram
M0006301,A00531,O20210015,2021,Biologia,28/02/2021,30,Cancelada,74.7,WhatsApp
M0006302,A00531,O20210013,2021,Física,2021-02-06,25,Ativa,47.9,Instagram
M0006303,A00531,O20210017,2021,Geografia,2021-02-20,50,,61.2,Indicação
M0006304,A00531,O20210016,2021,História,2021-01-03,0,Concluída,79.1,Indicação
M0006305,A00531,O20210020,2021,Inglês,2021-04-03,0,Concluída,40.0,Indicação
M0006306,A00531,O20210012,2021,Matemática,2021-03-07,30,Trancada,73.8,WhatsApp
M0006307,A00531,O20210018,2021,Português,2021-01-15,15,Ativa,49.3,Google
M0006308,A00531,O20210019,2021,Redação,2021-01-28,,Concluída,69.1,Instagram
M0006309,A00531,O20210022,2021,Sociologia,2021-03-08,50,Concluída,64.8,Instagram
M0006310,A00531,O20220070,2022,Biologia,2022-02-07,15,Ativa,47.0,Indicação
M0006311,A00531,O20220076,2022,Filosofia,2022-03-08,20,Concluída,70.8,Feira escolar
M0006312,A00531,O20220068,2022,FÍSICA,2022-04-10,15,concluida,47.7,WhatsApp
M0006313,A00531,O20220072,2022,Geografia,2022-03-25,25,Concluída,58.8,Instagram
M0006314,A00531,O20220071,2022,Historia,2022-04-28,50,concluida,48.5,Indicação
M0006315,A00531,O20220075,2022,Inglês,2022-03-02,50,Cancelada,57.5,Feira escolar
M0006316,A00531,O20220067,2022,Matemática,04-14-2022,25,Concluída,56.8,Google
M0006317,A00531,O20220073,2022,Português,17/02/2022,25,,52.4,Instagram
M0006318,A00531,O20220069,2022,Química,2022-03-06,0,Ativa,50.0,WhatsApp
M0006319,A00531,O20220074,2022,Redacao,2022-01-01,0,Concluída,63.5,Indicação
M0006320,A00531,O20220077,2022,Sociologia,2022-03-10,15,Concluída,47.5,WhatsApp
M0006321,A00531,O20230125,2023,Biologia,2023-01-23,0,Concluída,56.5,WhatsApp
M0006322,A00531,O20230131,2023,Filosofia,2023-02-10,25,Concluída,63.9,
M0006323,A00531,O20230123,2023,Física,2023-03-19,0,Concluída,69.5,WhatsApp
M0006324,A00531,O20230127,2023,Geografia,2023-01-20,,Concluída,57.5,Feira escolar
M0006325,A00531,O20230126,2023,História,2023-02-13,10,Ativa,61.7,Indicação
M0006326,A00531,O20230130,2023,Inglês,2023-01-27,10,Trancada,64.9,Google
M0006327,A00531,O20230122,2023,Matemática,2023-03-25,0,Ativa,49.6,Google
M0006328,A00531,O20230128,2023,Portugues,2023-04-16,10,Cancelada,71.1,Feira escolar
M0006329,A00531,O20230124,2023,Quimica,2023/02/10,50,Ativa,78.7,Google
M0006330,A00531,O20230129,2023,Redação,2023-01-07,0,Concluída,56.6,
M0006331,A00531,O20230132,2023,Sociologia,2023-04-12,30,Ativa,63.0,Instagram
M0006332,A00532,O20250180,2025,Biologia,2025-02-21,30,Ativa,65.2,Google
M0006333,A00532,O20250186,2025,FILOSOFIA,2025-03-28,0,Concluída,53.6,Indicação
M0006334,A00532,O20250178,2025,Física,2025-03-01,30,Concluída,43.9,Instagram
M0006335,A00532,O20250182,2025,GEOGRAFIA,02-07-2025,10,Ativa,77.6,Indicação
M0006336,A00532,O20250181,2025,História,2025-04-10,10,Cancelada,65.2,Indicação
M0006337,A00532,O20250185,2025,Inglês,2025-04-28,10,Ativa,52.7,Instagram
M0006338,A00532,O20250177,2025,MATEMÁTICA,2025-03-07,15,Concluída,45.3,Feira escolar
M0006339,A00532,O20250183,2025,Português,2025-04-28,20,Concluída,74.1,
M0006340,A00532,O20250179,2025,Química,2025-01-10,0,Concluída,67.4,Feira escolar
M0006341,A00532,O20250184,2025,Redação,2025-03-26,30,Concluída,55.8,Feira escolar
M0006342,A00532,O20250187,2025,Sociologia,2025-04-10,0,,73.6,Instagram
M0006343,A00533,O20250180,2025,Biologia,2025-02-10,30,Concluída,60.5,Instagram
M0006344,A00533,O20250186,2025,Filosofia,2025-03-16,,Ativa,75.3,
M0006345,A00533,O20250178,2025,Física,2025-01-07,,Concluída,38.8,Feira escolar
M0006346,A00533,O20250182,2025,Geografia,2025-04-24,0,Concluída,80.2,Instagram
M0006347,A00533,O20250181,2025,História,10/04/2025,30,Concluída,51.7,Instagram
M0006348,A00533,O20250185,2025,Inglês,2025-02-27,15,Concluída,64.8,Google
M0006349,A00533,O20250177,2025,Matemática,2025-01-18,20,Cancelada,68.2,WhatsApp
M0006350,A00533,O20250183,2025,Português,2025-02-14,50,Concluída,76.7,Indicação
M0006351,A00533,O20250179,2025,Química,2025-01-28,50,Concluída,62.8,
M0006352,A00533,O20250184,2025,Redação,2025-01-02,10,Concluída,67.6,Google
M0006353,A00533,O20250187,2025,Sociologia,2025-03-18,0,Ativa,86.9,WhatsApp
M0006354,A00534,O20210013,2021,Fisica,2021-01-19,15,,55.1,Feira escolar
M0006355,A00534,O20210017,2021,Geografia,2021-01-02,,Cancelada,52.0,WhatsApp
M0006356,A00534,O20210016,2021,História,02-05-2021,0,Concluída,61.9,Indicação
M0006357,A00534,O20210020,2021,Inglês,2021-01-26,0,Concluída,61.0,Instagram
M0006358,A00534,O20210012,2021,MATEMÁTICA,2021-03-01,20,Concluída,74.8,Feira escolar
M0006359,A00534,O20210018,2021,Português,2021-02-26,20,Concluída,49.8,WhatsApp
M0006360,A00534,O20210014,2021,Química,08/02/2021,10,Cancelada,56.4,
M0006361,A00534,O20210019,2021,Redação,2021-04-19,0,Cancelada,51.5,Feira escolar
M0006362,A00534,O20210022,2021,Sociologia,2021-03-06,0,concluida,32.3,WhatsApp
M0006363,A00535,O20230092,2023,Biologia,2023-02-22,25,Concluída,36.3,WhatsApp
M0006364,A00535,O20230090,2023,Física,2023-02-11,50,,50.5,Indicação
M0006365,A00535,O20230093,2023,História,2023-04-21,25,Concluída,86.2,WhatsApp
M0006366,A00535,O20230097,2023,Inglês,2023-01-17,0,Concluída,71.3,WhatsApp
M0006367,A00535,O20230089,2023,Matemática,2023-01-12,,Ativa,42.8,Feira escolar
M0006368,A00535,O20230095,2023,Português,2023/02/05,,Concluída,61.7,WhatsApp
M0006369,A00535,O20230096,2023,Redação,2023-01-25,50,Concluída,57.4,Indicação
M0006370,A00535,O20230099,2023,Sociologia,2023-04-08,15,Concluída,48.7,Feira escolar
M0006371,A00536,O20210026,2021,Biologia,2021-01-12,0,Concluída,62.5,Google
M0006372,A00536,O20210024,2021,Física,2021-03-18,10,Concluída,42.4,Google
M0006373,A00536,O20210028,2021,Geografia,2021-01-19,0,Concluída,62.2,Feira escolar
M0006374,A00536,O20210027,2021,História,03-01-2021,20,Concluída,44.4,Indicação
M0006375,A00536,O20210023,2021,Matemática,2021-01-19,30,Concluída,50.1,Feira escolar
M0006376,A00536,O20210029,2021,PORTUGUÊS,2021-04-17,50,concluida,39.0,Feira escolar
M0006377,A00536,O20210030,2021,Redação,2021-01-03,0,Ativa,55.2,Feira escolar
M0006378,A00537,O20220070,2022,Biologia,2022-01-23,20,Concluída,82.0,WhatsApp
M0006379,A00537,O20220076,2022,FILOSOFIA,2022-03-13,0,Concluída,68.1,Google
M0006380,A00537,O20220068,2022,Física,2022-02-09,,Concluída,28.8,
M0006381,A00537,O20220071,2022,História,2022/04/04,10,concluida,66.2,Feira escolar
M0006382,A00537,O20220075,2022,Inglês,2022-02-14,,,65.7,
M0006383,A00537,O20220067,2022,Matemática,2022-01-21,0,Concluída,46.3,
M0006384,A00537,O20220073,2022,Português,2022-03-06,0,Ativa,48.2,WhatsApp
M0006385,A00537,O20220074,2022,Redação,2022-03-28,0,Cancelada,67.5,
M0006386,A00537,O20220077,2022,Sociologia,2022-03-14,10,Concluída,70.1,Indicação
M0006387,A00538,O20220065,2022,FILOSOFIA,2022-01-08,0,Concluída,62.8,WhatsApp
M0006388,A00538,O20220057,2022,Física,2022-04-15,10,concluida,48.7,Indicação
M0006389,A00538,O20220061,2022,Geografia,2022-01-12,10,Concluída,42.8,Google
M0006390,A00538,O20220060,2022,História,2022-01-10,,Trancada,37.0,Instagram
M0006391,A00538,O20220064,2022,Inglês,2022-01-05,,Concluída,69.8,Feira escolar
M0006392,A00538,O20220056,2022,Matemática,2022-04-23,30,Ativa,53.0,Feira escolar
M0006393,A00538,O20220062,2022,Português,2022-01-24,0,Concluída,72.9,Indicação
M0006394,A00538,O20220058,2022,Química,2022-01-14,0,Ativa,50.5,Google
M0006395,A00538,O20220063,2022,Redação,2022-02-07,0,Ativa,64.8,
M0006396,A00538,O20220066,2022,Sociologia,04-18-2022,50,Ativa,64.5,Instagram
M0006397,A00539,O20240164,2024,Filosofia,2024-01-18,30,Concluída,62.9,Feira escolar
M0006398,A00539,O20240156,2024,Física,2024-02-16,15,concluida,35.8,
M0006399,A00539,O20240160,2024,Geografia,2024-04-04,0,Concluída,68.1,
M0006400,A00539,O20240163,2024,Inglês,14/01/2024,20,Concluída,55.1,Feira escolar
M0006401,A00539,O20240155,2024,Matemática,2024-02-14,20,Cancelada,36.9,Google
M0006402,A00539,O20240161,2024,Português,2024/02/01,25,Concluída,76.1,
M0006403,A00539,O20240157,2024,Química,2024-01-04,0,Concluída,48.6,Feira escolar
M0006404,A00539,O20240162,2024,Redação,2024-01-11,25,Concluída,46.1,
M0006405,A00539,O20240165,2024,Sociologia,2024-04-19,,Concluída,60.2,Indicação
M0006406,A00540,O20250202,2025,Biologia,2025-01-13,25,Cancelada,52.2,WhatsApp
M0006407,A00540,O20250208,2025,Filosofia,2025-01-05,0,Concluída,42.9,Feira escolar
M0006408,A00540,O20250200,2025,Física,2025-04-06,15,Concluída,71.8,Indicação
M0006409,A00540,O20250204,2025,Geografia,2025-02-22,,Concluída,66.1,WhatsApp
M0006410,A00540,O20250203,2025,História,2025-03-24,25,Ativa,51.8,Feira escolar
M0006411,A00540,O20250207,2025,Inglês,2025-03-09,10,Concluída,64.6,Indicação
M0006412,A00540,O20250199,2025,Matemática,2025/04/24,0,Concluída,43.1,Google
M0006413,A00540,O20250205,2025,Português,2025-03-14,15,Concluída,35.3,WhatsApp
M0006414,A00540,O20250201,2025,Química,2025-04-04,0,Concluída,44.2,Instagram
M0006415,A00540,O20250206,2025,Redação,2025-01-08,50,Concluída,57.1,WhatsApp
M0006416,A00540,O20250209,2025,Sociologia,2025-04-21,30,Concluída,46.2,Feira escolar
M0006417,A00541,O20250180,2025,Biologia,2025-02-04,10,Concluída,35.8,
M0006418,A00541,O20250178,2025,Física,2025-04-14,0,Concluída,34.1,Google
M0006419,A00541,O20250182,2025,Geografia,2025-03-16,25,Concluída,64.1,
M0006420,A00541,O20250181,2025,História,25/04/2025,0,Ativa,63.5,Google
M0006421,A00541,O20250185,2025,Inglês,03/02/2025,30,Ativa,56.5,Instagram
M0006422,A00541,O20250177,2025,Matemática,2025-04-14,30,Concluída,53.8,Instagram
M0006423,A00541,O20250183,2025,Português,2025-03-10,10,Concluída,44.4,WhatsApp
M0006424,A00541,O20250184,2025,Redação,2025-01-24,0,Concluída,54.1,Feira escolar
M0006425,A00542,O20210026,2021,Biologia,2021-03-07,,Concluída,42.8,WhatsApp
M0006426,A00542,O20210032,2021,Filosofia,2021-01-13,0,,53.1,
M0006427,A00542,O20210024,2021,Física,21/01/2021,10,Concluída,41.3,Indicação
M0006428,A00542,O20210028,2021,Geografia,2021-03-18,25,Concluída,41.7,
M0006429,A00542,O20210027,2021,História,2021-03-17,0,Concluída,77.7,
M0006430,A00542,O20210031,2021,Inglês,2021-02-18,10,Concluída,81.2,
M0006431,A00542,O20210023,2021,Matemática,2021-04-21,50,Concluída,70.2,
M0006432,A00542,O20210029,2021,Português,2021-02-11,0,concluida,67.2,Indicação
M0006433,A00542,O20210025,2021,Química,2021-01-23,25,Ativa,40.0,Feira escolar
M0006434,A00542,O20210030,2021,Redação,2021-03-11,,Concluída,71.4,Instagram
M0006435,A00542,O20210033,2021,Sociologia,01-10-2021,0,Concluída,67.5,WhatsApp
M0006436,A00543,O20230125,2023,Biologia,21/02/2023,0,Concluída,47.9,Indicação
M0006437,A00543,O20230131,2023,Filosofia,2023-01-09,50,Trancada,65.6,Indicação
M0006438,A00543,O20230123,2023,Física,2023-02-25,20,Concluída,74.0,
M0006439,A00543,O20230126,2023,História,2023-02-16,,Concluída,62.0,WhatsApp
M0006440,A00543,O20230122,2023,Matemática,2023/03/21,20,,49.2,Instagram
M0006441,A00543,O20230128,2023,Português,2023-03-04,0,Concluída,88.7,WhatsApp
M0006442,A00543,O20230129,2023,Redação,2023-03-16,,Concluída,43.0,Instagram
M0006443,A00543,O20230132,2023,Sociologia,2023-03-16,15,Concluída,40.2,
M0006444,A00544,O20220048,2022,Biologia,2022-01-20,50,Concluída,41.4,Instagram
M0006445,A00544,O20220054,2022,Filosofia,2022-03-05,,Concluída,42.0,Feira escolar
M0006446,A00544,O20220046,2022,Física,2022-01-11,50,Concluída,58.3,Instagram
M0006447,A00544,O20220050,2022,GEOGRAFIA,2022-04-02,0,Cancelada,63.9,Instagram
M0006448,A00544,O20220049,2022,História,2022-03-11,0,Concluída,49.3,Instagram
M0006449,A00544,O20220053,2022,Inglês,2022-04-08,0,Concluída,59.2,WhatsApp
M0006450,A00544,O20220045,2022,Matemática,2022/03/05,0,Concluída,67.2,Instagram
M0006451,A00544,O20220051,2022,Português,2022-03-14,10,Trancada,50.6,
M0006452,A00544,O20220047,2022,Química,03-27-2022,50,Ativa,59.5,
M0006453,A00544,O20220052,2022,Redação,2022-04-09,15,Concluída,61.7,
M0006454,A00544,O20220055,2022,Sociologia,2022-03-14,10,Concluída,79.6,Indicação
M0006455,A00544,O20230125,2023,Biologia,2023-04-27,,Concluída,65.3,Feira escolar
M0006456,A00544,O20230131,2023,Filosofia,2023-04-03,10,Concluída,30.3,Feira escolar
M0006457,A00544,O20230123,2023,Física,2023-03-10,0,Cancelada,50.6,WhatsApp
M0006458,A00544,O20230126,2023,História,2023-04-19,10,Concluída,59.9,Feira escolar
M0006459,A00544,O20230130,2023,Inglês,2023-04-22,10,Ativa,58.5,Feira escolar
M0006460,A00544,O20230122,2023,MATEMÁTICA,2023-03-20,,Concluída,41.1,
M0006461,A00544,O20230128,2023,Português,2023-02-02,10,Concluída,43.7,Google
M0006462,A00544,O20230124,2023,Química,2023-02-24,0,Concluída,53.5,Instagram
M0006463,A00544,O20230129,2023,Redação,2023/01/01,25,Ativa,46.7,Indicação
M0006464,A00544,O20230132,2023,SOCIOLOGIA,2023-02-01,30,Concluída,53.8,Google
M0006465,A00545,O20250186,2025,Filosofia,2025-03-01,0,Concluída,57.2,WhatsApp
M0006466,A00545,O20250185,2025,Inglês,2025-04-25,20,Concluída,58.9,
M0006467,A00545,O20250177,2025,Matemática,2025-03-27,20,Concluída,54.5,Feira escolar
M0006468,A00545,O20250183,2025,Português,2025-03-11,20,Concluída,51.6,WhatsApp
M0006469,A00545,O20250179,2025,Química,2025-04-19,20,Concluída,43.7,WhatsApp
M0006470,A00545,O20250184,2025,Redação,2025-03-22,10,Cancelada,60.4,Feira escolar
M0006471,A00545,O20250187,2025,Sociologia,2025-03-02,20,Concluída,47.2,WhatsApp
M0006472,A00546,O20250213,2025,Biologia,2025-04-12,50,Concluída,69.6,Indicação
M0006473,A00546,O20250219,2025,Filosofia,01-07-2025,0,Concluída,56.3,Google
M0006474,A00546,O20250211,2025,Física,2025-02-24,,Concluída,61.7,Feira escolar
M0006475,A00546,O20250215,2025,Geografia,2025-03-17,0,Concluída,34.9,WhatsApp
M0006476,A00546,O20250214,2025,História,2025-04-04,30,Concluída,61.7,Google
M0006477,A00546,O20250218,2025,Inglês,03-19-2025,0,Concluída,63.5,
M0006478,A00546,O20250210,2025,Matemática,2025-03-23,25,Cancelada,62.3,Google
M0006479,A00546,O20250216,2025,Português,2025-02-27,0,Concluída,50.9,WhatsApp
M0006480,A00546,O20250217,2025,Redação,2025-01-16,30,Concluída,52.0,Google
M0006481,A00546,O20250220,2025,Sociologia,2025-02-02,15,Concluída,55.7,Feira escolar
M0006482,A00547,O20210026,2021,Biologia,2021-02-01,15,Ativa,70.4,
M0006483,A00547,O20210032,2021,Filosofia,2021-02-08,,Concluída,64.5,Google
M0006484,A00547,O20210028,2021,Geografia,2021-04-12,0,Ativa,54.5,Indicação
M0006485,A00547,O20210027,2021,História,2021-01-24,0,Concluída,53.6,
M0006486,A00547,O20210031,2021,Inglês,2021-04-09,,Concluída,65.1,Google
M0006487,A00547,O20210023,2021,Matemática,2021-01-17,50,Concluída,59.9,Google
M0006488,A00547,O20210029,2021,Portugues,2021-03-09,10,Concluída,83.9,
M0006489,A00547,O20210025,2021,Química,2021-01-21,20,Concluída,68.4,Instagram
M0006490,A00547,O20210030,2021,Redação,2021-03-15,30,concluida,71.9,Indicação
M0006491,A00547,O20210033,2021,Sociologia,2021-01-27,15,Concluída,61.9,WhatsApp
M0006492,A00548,O20230120,2023,Filosofia,2023-02-06,0,Cancelada,51.8,WhatsApp
M0006493,A00548,O20230112,2023,Física,03/01/2023,20,Ativa,86.5,Indicação
M0006494,A00548,O20230116,2023,Geografia,2023-01-23,20,Concluída,49.3,Google
M0006495,A00548,O20230115,2023,História,2023-02-25,20,Concluída,70.3,WhatsApp
M0006496,A00548,O20230119,2023,Inglês,2023-04-11,0,Cancelada,73.9,Google
M0006497,A00548,O20230111,2023,Matematica,2023-01-12,20,Cancelada,54.8,Feira escolar
M0006498,A00548,O20230117,2023,Português,2023-02-03,10,Concluída,44.4,Instagram
M0006499,A00548,O20230113,2023,Química,2023-04-13,15,Concluída,38.7,Instagram
M0006500,A00548,O20230118,2023,Redação,2023-03-21,30,Trancada,67.8,Google
M0006501,A00548,O20230121,2023,Sociologia,2023-01-10,25,Concluída,73.0,
M0006502,A00549,O20240158,2024,Biologia,2024-01-26,0,Concluída,57.6,Feira escolar
M0006503,A00549,O20240156,2024,Física,2024-01-19,50,Trancada,45.0,Instagram
M0006504,A00549,O20240160,2024,GEOGRAFIA,2024-03-13,10,Ativa,85.0,Google
M0006505,A00549,O20240155,2024,Matemática,2024-02-22,15,Concluída,50.5,Google
M0006506,A00549,O20240161,2024,Português,2024-03-08,,Ativa,76.4,
M0006507,A00549,O20240157,2024,Química,2024-03-25,25,Ativa,41.5,Feira escolar
M0006508,A00549,O20240162,2024,Redação,2024-03-05,0,Concluída,62.5,
M0006509,A00549,O20240165,2024,SOCIOLOGIA,2024-02-14,30,Ativa,78.8,
M0006510,A00550,O20210037,2021,Biologia,2021-02-07,0,Concluída,84.1,Feira escolar
M0006511,A00550,O20210043,2021,Filosofia,2021-01-21,0,Concluída,51.8,Indicação
M0006512,A00550,O20210035,2021,Física,2021-04-11,0,Concluída,66.5,Indicação
M0006513,A00550,O20210039,2021,Geografia,2021-04-22,15,Concluída,57.6,Google
M0006514,A00550,O20210042,2021,Inglês,2021-02-04,50,Concluída,90.9,Instagram
M0006515,A00550,O20210034,2021,Mat.,2021-01-02,30,Ativa,69.8,WhatsApp
M0006516,A00550,O20210040,2021,Português,2021-03-22,,Concluída,40.4,Indicação
M0006517,A00550,O20210041,2021,Redação,2021-02-27,15,Cancelada,63.2,Google
M0006518,A00550,O20210044,2021,SOCIOLOGIA,2021-03-07,0,Concluída,56.8,Feira escolar
M0006519,A00551,O20220081,2022,Biologia,2022-03-17,30,Concluída,68.9,Indicação
M0006520,A00551,O20220087,2022,FILOSOFIA,2022-02-11,20,Ativa,52.3,Indicação
M0006521,A00551,O20220079,2022,Física,2022-04-27,50,Concluída,33.3,Google
M0006522,A00551,O20220083,2022,Geografia,2022-04-28,0,Concluída,63.8,Feira escolar
M0006523,A00551,O20220082,2022,História,2022-03-18,30,Concluída,59.3,Google
M0006524,A00551,O20220086,2022,Inglês,2022-03-09,10,Concluída,63.6,WhatsApp
M0006525,A00551,O20220078,2022,Matemática,2022-01-21,50,Concluída,63.0,Indicação
M0006526,A00551,O20220084,2022,Português,2022-02-15,50,Concluída,62.9,Instagram
M0006527,A00551,O20220085,2022,Redação,2022-02-15,10,Concluída,58.8,
M0006528,A00551,O20220088,2022,Sociologia,2022-01-13,0,Concluída,68.3,WhatsApp
M0006529,A00552,O20240158,2024,Biologia,2024-04-08,30,Trancada,50.1,Feira escolar
M0006530,A00552,O20240164,2024,Filosofia,2024-04-12,15,Concluída,78.1,Feira escolar
M0006531,A00552,O20240156,2024,Física,2024-03-07,15,Concluída,67.0,Feira escolar
M0006532,A00552,O20240163,2024,Inglês,2024-04-12,20,Concluída,48.9,Indicação
M0006533,A00552,O20240155,2024,Matemática,2024-01-16,30,Concluída,57.8,
M0006534,A00552,O20240161,2024,Português,2024-01-17,30,Concluída,69.9,Instagram
M0006535,A00552,O20240157,2024,Química,04-12-2024,15,Concluída,38.3,Instagram
M0006536,A00552,O20240162,2024,Redação,2024-02-26,15,Concluída,63.0,Feira escolar
M0006537,A00552,O20240165,2024,Sociologia,02-09-2024,50,Concluída,51.9,Feira escolar
M0006538,A00553,O20220087,2022,Filosofia,2022-01-12,15,Ativa,62.1,
M0006539,A00553,O20220079,2022,Física,2022-04-28,0,Concluída,82.6,Feira escolar
M0006540,A00553,O20220082,2022,História,2022-02-11,25,Concluída,46.1,Instagram
M0006541,A00553,O20220078,2022,Matemática,2022-04-17,50,Concluída,71.8,Google
M0006542,A00553,O20220084,2022,Português,12/01/2022,0,concluida,55.1,Instagram
M0006543,A00553,O20220080,2022,Química,2022-03-17,,Concluída,58.9,Google
M0006544,A00553,O20220085,2022,Redação,2022-03-09,0,Concluída,54.3,Indicação
M0006545,A00553,O20230125,2023,Biologia,2023/02/05,30,Trancada,64.1,Indicação
M0006546,A00553,O20230131,2023,Filosofia,2023-01-20,,Concluída,60.5,Google
M0006547,A00553,O20230123,2023,Física,2023-01-22,0,Concluída,56.1,WhatsApp
M0006548,A00553,O20230127,2023,Geografia,2023-02-10,,Trancada,64.5,Google
M0006549,A00553,O20230130,2023,Ingles,2023-02-15,15,Concluída,70.2,
M0006550,A00553,O20230122,2023,Matemática,2023-04-15,20,concluida,64.2,Google
M0006551,A00553,O20230128,2023,Português,2023-01-20,0,Concluída,66.6,Instagram
M0006552,A00553,O20230124,2023,Química,2023-03-01,20,Cancelada,43.7,
M0006553,A00553,O20230129,2023,Redação,2023-02-01,,Concluída,89.7,Feira escolar
M0006554,A00553,O20230132,2023,Sociologia,2023-02-19,,Ativa,58.1,Instagram
M0006555,A00553,O20240147,2024,Biologia,2024-03-10,25,Concluída,66.1,Instagram
M0006556,A00553,O20240153,2024,Filosofia,2024-01-01,20,Concluída,45.0,WhatsApp
M0006557,A00553,O20240145,2024,Física,2024-02-15,50,Concluída,49.0,
M0006558,A00553,O20240149,2024,Geografia,2024-01-15,15,Concluída,65.3,Instagram
M0006559,A00553,O20240148,2024,História,2024/02/25,30,Concluída,50.6,
M0006560,A00553,O20240152,2024,Inglês,2024-04-27,0,Concluída,43.6,Google
M0006561,A00553,O20240144,2024,Matemática,2024-01-18,0,Concluída,65.0,WhatsApp
M0006562,A00553,O20240150,2024,Português,2024-01-05,0,,71.1,Feira escolar
M0006563,A00553,O20240146,2024,Química,2024-02-19,0,Concluída,65.7,Instagram
M0006564,A00553,O20240151,2024,Redação,2024-04-03,20,Ativa,43.3,Google
M0006565,A00553,O20240154,2024,Sociologia,2024-04-13,15,Concluída,51.5,Indicação
M0006566,A00554,O20210032,2021,Filosofia,2021-02-06,,Concluída,59.6,Indicação
M0006567,A00554,O20210024,2021,Física,2021-02-14,15,concluida,69.0,Feira escolar
M0006568,A00554,O20210028,2021,Geografia,2021-03-15,20,Concluída,49.5,Indicação
M0006569,A00554,O20210027,2021,História,03/04/2021,0,Concluída,65.8,Instagram
M0006570,A00554,O20210031,2021,Inglês,2021-01-27,10,Cancelada,49.3,Feira escolar
M0006571,A00554,O20210023,2021,Matemática,2021-04-16,10,Concluída,40.7,Feira escolar
M0006572,A00554,O20210029,2021,Português,2021-02-22,15,Ativa,63.3,Indicação
M0006573,A00554,O20210025,2021,Química,2021-03-04,0,Ativa,76.6,Feira escolar
M0006574,A00554,O20210030,2021,Redação,2021-01-05,25,Concluída,80.4,Google
M0006575,A00554,O20210033,2021,Sociologia,2021-02-06,0,Concluída,51.4,Google
M0006576,A00555,O20230092,2023,Biologia,2023-01-16,30,,46.5,Feira escolar
M0006577,A00555,O20230098,2023,Filosofia,2023-03-22,0,Concluída,39.0,
M0006578,A00555,O20230094,2023,Geografia,2023-02-11,10,Concluída,87.0,Feira escolar
M0006579,A00555,O20230093,2023,História,2023-01-19,0,Concluída,69.4,Instagram
M0006580,A00555,O20230097,2023,Inglês,27/03/2023,0,Concluída,50.9,Google
M0006581,A00555,O20230089,2023,Matemática,2023-04-18,10,Trancada,60.1,Indicação
M0006582,A00555,O20230095,2023,Português,2023-02-15,,concluida,34.9,
M0006583,A00555,O20230091,2023,QUÍMICA,2023-03-07,50,Concluída,66.6,Instagram
M0006584,A00555,O20230096,2023,Redação,2023/03/06,50,Cancelada,45.2,Instagram
M0006585,A00555,O20230099,2023,Sociologia,2023-02-14,0,Concluída,67.7,Indicação
M0006586,A00556,O20220057,2022,Física,2022-03-16,25,Concluída,68.8,Google
M0006587,A00556,O20220061,2022,Geografia,2022-03-03,0,Concluída,77.1,Indicação
M0006588,A00556,O20220060,2022,História,2022-03-28,30,Concluída,53.2,WhatsApp
M0006589,A00556,O20220064,2022,Inglês,2022-01-27,20,Concluída,78.3,Feira escolar
M0006590,A00556,O20220056,2022,Matemática,2022-03-10,15,Ativa,52.7,WhatsApp
M0006591,A00556,O20220062,2022,Português,2022-02-14,25,Concluída,73.6,Instagram
M0006592,A00556,O20220058,2022,Química,2022-04-18,0,Cancelada,42.1,WhatsApp
M0006593,A00556,O20220063,2022,Redação,2022-02-12,50,Concluída,51.3,Instagram
M0006594,A00556,O20220066,2022,Sociologia,2022-02-05,0,Ativa,29.7,WhatsApp
M0006595,A00557,O20230125,2023,Biologia,2023-03-12,0,Concluída,54.4,Google
M0006596,A00557,O20230131,2023,Filosofia,01/01/2023,0,Concluída,82.5,Instagram
M0006597,A00557,O20230123,2023,Física,02-24-2023,10,Concluída,76.0,Feira escolar
M0006598,A00557,O20230126,2023,História,2023-01-22,25,Concluída,16.8,Instagram
M0006599,A00557,O20230130,2023,Ingles,2023-01-04,20,concluida,70.7,Indicação
M0006600,A00557,O20230122,2023,Matemática,01-12-2023,0,concluida,70.8,Google
M0006601,A00557,O20230128,2023,Português,2023-03-26,30,Concluída,85.1,Google
M0006602,A00557,O20230124,2023,Química,2023-02-05,10,Concluída,48.9,Google
M0006603,A00557,O20230129,2023,Redação,2023-04-28,10,Ativa,35.9,Google
M0006604,A00557,O20230132,2023,Sociologia,2023-04-07,0,Concluída,40.7,Instagram
M0006605,A00558,O20230114,2023,Biologia,2023-04-10,,Concluída,55.3,Feira escolar
M0006606,A00558,O20230120,2023,Filosofia,2023-02-09,10,concluida,72.4,Instagram
M0006607,A00558,O20230116,2023,Geografia,2023-01-28,0,Concluída,83.0,Google
M0006608,A00558,O20230115,2023,História,03-15-2023,50,Concluída,37.4,Indicação
M0006609,A00558,O20230119,2023,Inglês,2023-01-13,0,Concluída,63.3,Feira escolar
M0006610,A00558,O20230111,2023,Matemática,2023-04-27,,Ativa,54.1,Google
M0006611,A00558,O20230117,2023,Português,2023-04-14,0,Concluída,8.1,Google
M0006612,A00558,O20230118,2023,Redação,2023-04-26,15,Concluída,61.0,Feira escolar
M0006613,A00558,O20230121,2023,Sociologia,2023-02-25,15,Cancelada,52.6,WhatsApp
M0006614,A00559,O20210037,2021,Biologia,2021-03-05,20,Concluída,48.6,Google
M0006615,A00559,O20210043,2021,Filosofia,2021-04-20,0,Concluída,33.3,Instagram
M0006616,A00559,O20210035,2021,Física,2021-04-12,50,Ativa,52.4,Google
M0006617,A00559,O20210038,2021,História,2021-03-16,30,Trancada,74.8,Indicação
M0006618,A00559,O20210034,2021,Matemática,2021-01-11,,Concluída,67.5,WhatsApp
M0006619,A00559,O20210040,2021,Português,2021-04-23,,Concluída,51.9,Google
M0006620,A00559,O20210041,2021,Redação,2021-02-07,0,Concluída,60.4,Google
M0006621,A00559,O20210044,2021,Sociologia,2021-02-26,25,Ativa,68.3,
M0006622,A00559,O20220070,2022,Biologia,2022-04-23,15,Trancada,65.9,WhatsApp
M0006623,A00559,O20220076,2022,Filosofia,2022-01-09,20,Concluída,75.3,
M0006624,A00559,O20220068,2022,Física,2022-03-28,10,Concluída,47.2,
M0006625,A00559,O20220075,2022,Inglês,2022-02-01,20,Concluída,54.0,WhatsApp
M0006626,A00559,O20220067,2022,Matemática,2022-04-21,25,Ativa,60.5,WhatsApp
M0006627,A00559,O20220073,2022,Português,2022-03-26,,Ativa,51.7,Indicação
M0006628,A00559,O20220069,2022,Química,2022/02/21,0,Trancada,39.0,Instagram
M0006629,A00559,O20220074,2022,REDAÇÃO,2022-04-19,30,Concluída,62.1,Google
M0006630,A00559,O20220077,2022,Sociologia,2022-02-05,0,Trancada,52.6,WhatsApp
M0006631,A00560,O20210037,2021,Biologia,2021/02/11,15,Trancada,64.1,
M0006632,A00560,O20210043,2021,Filosofia,2021-04-24,20,Concluída,44.3,WhatsApp
M0006633,A00560,O20210035,2021,Física,2021-04-08,15,Ativa,77.8,
M0006634,A00560,O20210039,2021,Geografia,2021-04-25,10,Cancelada,52.2,Indicação
M0006635,A00560,O20210038,2021,Historia,2021-01-22,0,Concluída,35.2,
M0006636,A00560,O20210042,2021,Inglês,2021-01-28,30,Concluída,54.5,Indicação
M0006637,A00560,O20210034,2021,Matemática,2021-02-05,,Concluída,62.7,Instagram
M0006638,A00560,O20210040,2021,Português,2021-02-25,,concluida,68.4,Indicação
M0006639,A00560,O20210036,2021,Quimica,2021-01-07,,Concluída,57.5,Indicação
M0006640,A00560,O20210041,2021,Redação,2021-01-06,20,Concluída,63.2,
M0006641,A00560,O20210044,2021,Sociologia,2021-01-20,30,Concluída,60.8,Instagram
M0006642,A00561,O20230103,2023,Biologia,2023-02-25,50,concluida,42.7,WhatsApp
M0006643,A00561,O20230109,2023,Filosofia,2023-04-02,20,Concluída,55.3,Instagram
M0006644,A00561,O20230101,2023,Física,2023-03-07,15,Trancada,70.8,Instagram
M0006645,A00561,O20230105,2023,Geografia,2023-04-17,25,Concluída,57.0,Instagram
M0006646,A00561,O20230104,2023,História,19/02/2023,50,Ativa,80.4,Google
M0006647,A00561,O20230108,2023,Inglês,2023-01-09,25,Concluída,58.3,Indicação
M0006648,A00561,O20230100,2023,Matemática,2023-03-07,,Ativa,58.7,Instagram
M0006649,A00561,O20230106,2023,Português,2023-02-03,25,Trancada,40.9,Google
M0006650,A00561,O20230102,2023,Química,2023-02-13,25,Ativa,66.0,Feira escolar
M0006651,A00561,O20230107,2023,Redação,2023-04-12,20,Cancelada,66.5,WhatsApp
M0006652,A00561,O20230110,2023,Sociologia,2023-04-15,0,Concluída,58.0,WhatsApp
M0006653,A00562,O20220059,2022,Biologia,2022-02-21,10,Ativa,46.8,WhatsApp
M0006654,A00562,O20220065,2022,Filosofia,2022-04-28,25,Concluída,56.5,Instagram
M0006655,A00562,O20220057,2022,Física,2022/03/18,0,concluida,57.3,Instagram
M0006656,A00562,O20220061,2022,Geografia,2022-01-25,25,Concluída,42.4,
M0006657,A00562,O20220060,2022,História,2022-04-05,0,Ativa,28.9,WhatsApp
M0006658,A00562,O20220064,2022,Inglês,2022-03-12,25,concluida,78.5,Feira escolar
M0006659,A00562,O20220056,2022,Matemática,2022-01-13,0,,59.2,Google
M0006660,A00562,O20220062,2022,Português,2022-03-06,50,Cancelada,56.6,Indicação
M0006661,A00562,O20220058,2022,Química,2022-02-21,50,Concluída,58.6,Indicação
M0006662,A00562,O20220063,2022,Redação,2022-03-06,30,Concluída,80.0,Indicação
M0006663,A00562,O20220066,2022,Sociologia,2022-04-25,50,Concluída,56.5,Indicação
M0006664,A00563,O20210037,2021,Biologia,2021-03-10,0,Concluída,58.3,WhatsApp
M0006665,A00563,O20210043,2021,Filosofia,2021-02-25,50,concluida,35.7,Indicação
M0006666,A00563,O20210035,2021,FÍSICA,2021-01-03,,Concluída,57.1,Feira escolar
M0006667,A00563,O20210039,2021,Geografia,2021-01-03,0,Concluída,49.7,WhatsApp
M0006668,A00563,O20210038,2021,História,2021-03-16,25,Concluída,29.6,Instagram
M0006669,A00563,O20210034,2021,Matemática,2021-03-23,15,Concluída,77.3,Google
M0006670,A00563,O20210040,2021,Português,2021-02-05,15,Concluída,56.3,WhatsApp
M0006671,A00563,O20210036,2021,Quimica,2021-03-27,0,Concluída,46.8,Indicação
M0006672,A00563,O20210041,2021,Redação,2021-03-21,25,Concluída,61.2,WhatsApp
M0006673,A00563,O20210044,2021,Sociologia,2021-01-19,,Concluída,56.7,Feira escolar
M0006674,A00564,O20250202,2025,Biologia,2025-03-24,10,Ativa,61.9,WhatsApp
M0006675,A00564,O20250208,2025,Filosofia,2025-01-12,,Concluída,70.2,Google
M0006676,A00564,O20250200,2025,Física,2025-01-27,0,Cancelada,52.6,
M0006677,A00564,O20250204,2025,Geografia,2025-03-12,20,Concluída,71.0,Google
M0006678,A00564,O20250203,2025,História,2025-02-18,,concluida,95.0,Google
M0006679,A00564,O20250207,2025,Inglês,2025-04-28,30,concluida,42.6,Feira escolar
M0006680,A00564,O20250199,2025,Matemática,2025-04-20,20,Concluída,57.4,WhatsApp
M0006681,A00564,O20250205,2025,Português,2025-04-22,0,Concluída,45.2,WhatsApp
M0006682,A00564,O20250206,2025,Redação,2025-03-14,0,Concluída,58.6,
M0006683,A00564,O20250209,2025,Sociologia,22/03/2025,10,Concluída,36.3,Feira escolar
M0006684,A00565,O20230092,2023,Biologia,2023-04-01,,Ativa,57.9,Indicação
M0006685,A00565,O20230090,2023,Física,2023-04-23,15,Concluída,39.5,Google
M0006686,A00565,O20230093,2023,História,2023-03-11,10,Ativa,36.9,Indicação
M0006687,A00565,O20230097,2023,Inglês,2023-01-21,0,Concluída,51.9,
M0006688,A00565,O20230089,2023,Matemática,2023/04/10,,Concluída,46.6,
M0006689,A00565,O20230095,2023,Português,2023-02-24,10,concluida,72.8,Feira escolar
M0006690,A00565,O20230091,2023,Química,2023-01-11,50,Ativa,48.0,Instagram
M0006691,A00565,O20230096,2023,Redação,2023-04-16,0,Concluída,67.8,Instagram
M0006692,A00565,O20230099,2023,Sociologia,2023-02-14,15,Concluída,60.0,Instagram
M0006693,A00566,O20220070,2022,Biologia,2022-01-05,20,Concluída,55.4,Feira escolar
M0006694,A00566,O20220076,2022,Filosofia,2022-03-22,30,Concluída,24.6,WhatsApp
M0006695,A00566,O20220072,2022,Geografia,2022-04-20,30,Ativa,44.7,
M0006696,A00566,O20220071,2022,História,2022-02-05,0,Concluída,46.9,Instagram
M0006697,A00566,O20220067,2022,Matemática,2022-01-21,50,Concluída,79.8,Indicação
M0006698,A00566,O20220073,2022,PORTUGUÊS,2022-01-24,25,Cancelada,55.9,Feira escolar
M0006699,A00566,O20220069,2022,Química,2022-03-06,25,Concluída,50.1,Indicação
M0006700,A00566,O20220074,2022,Redação,2022-02-20,20,Cancelada,53.7,
M0006701,A00566,O20220077,2022,Sociologia,2022-04-23,15,Concluída,52.8,Indicação
M0006702,A00567,O20230114,2023,Biologia,2023-01-23,25,Cancelada,35.9,Google
M0006703,A00567,O20230120,2023,Filosofia,2023-04-25,30,Concluída,65.9,Google
M0006704,A00567,O20230112,2023,FÍSICA,2023-04-02,15,Concluída,56.6,Indicação
M0006705,A00567,O20230115,2023,História,2023-04-27,0,Concluída,50.6,Instagram
M0006706,A00567,O20230119,2023,Inglês,2023/04/28,0,Concluída,37.8,WhatsApp
M0006707,A00567,O20230111,2023,MATEMÁTICA,2023-04-10,0,Concluída,52.6,Indicação
M0006708,A00567,O20230117,2023,Português,2023-02-27,0,Ativa,57.9,Instagram
M0006709,A00567,O20230118,2023,Redação,2023-01-24,10,Ativa,79.1,WhatsApp
M0006710,A00568,O20250180,2025,Biologia,04-27-2025,10,Concluída,62.4,Feira escolar
M0006711,A00568,O20250186,2025,Filosofia,2025-04-27,20,concluida,53.2,Indicação
M0006712,A00568,O20250178,2025,Física,2025-03-10,30,Concluída,51.7,
M0006713,A00568,O20250182,2025,Geografia,2025-01-16,,Ativa,50.2,Instagram
M0006714,A00568,O20250181,2025,História,2025-03-01,50,Concluída,68.3,WhatsApp
M0006715,A00568,O20250185,2025,Inglês,11/04/2025,50,Ativa,55.0,Instagram
M0006716,A00568,O20250177,2025,Mat.,2025-03-13,30,Concluída,31.5,Feira escolar
M0006717,A00568,O20250183,2025,Português,02-10-2025,10,concluida,64.7,Google
M0006718,A00568,O20250179,2025,Química,2025-02-04,25,Ativa,62.6,WhatsApp
M0006719,A00568,O20250184,2025,Redação,2025-01-18,0,Concluída,60.6,Indicação
M0006720,A00568,O20250187,2025,Sociologia,2025-01-26,0,Cancelada,66.3,Instagram
M0006721,A00569,O20220087,2022,Filosofia,2022-01-16,0,Concluída,70.2,
M0006722,A00569,O20220082,2022,História,2022-02-13,20,Ativa,52.5,
M0006723,A00569,O20220086,2022,Inglês,2022-04-07,20,Concluída,74.0,
M0006724,A00569,O20220078,2022,Matemática,2022-01-14,0,Ativa,50.7,Instagram
M0006725,A00569,O20220084,2022,Português,2022-04-17,25,Concluída,83.0,
M0006726,A00569,O20220080,2022,Química,2022-03-20,50,Cancelada,66.6,Instagram
M0006727,A00569,O20220085,2022,Redação,2022-02-19,0,Concluída,50.9,Feira escolar
M0006728,A00569,O20220088,2022,Sociologia,2022-04-12,0,Trancada,42.8,Instagram
M0006729,A00570,O20250213,2025,Biologia,2025-03-17,0,Concluída,36.6,Google
M0006730,A00570,O20250211,2025,Física,2025-03-15,15,Ativa,64.2,Feira escolar
M0006731,A00570,O20250215,2025,Geografia,2025-03-06,0,Concluída,68.2,
M0006732,A00570,O20250214,2025,História,2025-04-08,25,Concluída,60.8,Instagram
M0006733,A00570,O20250210,2025,Matemática,2025-03-02,25,Concluída,29.3,
M0006734,A00570,O20250216,2025,Português,2025-03-05,10,Concluída,67.7,Instagram
M0006735,A00570,O20250212,2025,Química,2025-03-06,50,Concluída,29.6,WhatsApp
M0006736,A00570,O20250217,2025,Redação,2025-04-15,,Concluída,65.6,Instagram
M0006737,A00571,O20220065,2022,Filosofia,2022-02-25,,Concluída,38.6,WhatsApp
M0006738,A00571,O20220061,2022,Geografia,2022-01-28,30,Concluída,36.3,Feira escolar
M0006739,A00571,O20220064,2022,Inglês,2022-03-24,10,Concluída,57.7,Indicação
M0006740,A00571,O20220056,2022,Matemática,2022-01-09,15,Concluída,65.2,WhatsApp
M0006741,A00571,O20220062,2022,Português,2022/01/10,0,Concluída,108.1,Instagram
M0006742,A00571,O20220058,2022,Química,2022-02-13,0,Concluída,59.6,Indicação
M0006743,A00571,O20220063,2022,Redação,2022-01-05,30,Concluída,56.7,Instagram
M0006744,A00571,O20220066,2022,Sociologia,2022-03-22,,Concluída,60.6,Instagram
M0006745,A00571,O20230114,2023,Biologia,2023-03-02,15,Concluída,54.4,WhatsApp
M0006746,A00571,O20230120,2023,Filosofia,2023-02-02,0,Concluída,67.4,WhatsApp
M0006747,A00571,O20230112,2023,Física,2023-02-10,15,Concluída,95.8,Instagram
M0006748,A00571,O20230116,2023,Geografia,2023-03-14,,Cancelada,53.4,Instagram
M0006749,A00571,O20230115,2023,História,2023-04-22,20,Concluída,49.7,Indicação
M0006750,A00571,O20230119,2023,Inglês,2023-02-25,15,Concluída,68.0,WhatsApp
M0006751,A00571,O20230111,2023,Matemática,2023-03-01,0,Concluída,56.0,Google
M0006752,A00571,O20230117,2023,Português,2023-04-05,0,Concluída,74.8,WhatsApp
M0006753,A00571,O20230113,2023,Química,2023-03-17,30,Concluída,73.4,Google
M0006754,A00571,O20230118,2023,Redação,2023-01-22,0,Concluída,67.3,Indicação
M0006755,A00571,O20230121,2023,Sociologia,02-15-2023,0,Concluída,55.2,
M0006756,A00571,O20240136,2024,Biologia,2024-01-13,50,Ativa,72.3,Google
M0006757,A00571,O20240142,2024,Filosofia,2024-03-03,10,Concluída,50.0,
M0006758,A00571,O20240134,2024,Física,2024/01/09,0,Concluída,56.5,
M0006759,A00571,O20240138,2024,GEOGRAFIA,06/02/2024,0,Concluída,81.6,Indicação
M0006760,A00571,O20240141,2024,Inglês,2024-01-27,15,Ativa,71.5,Feira escolar
M0006761,A00571,O20240133,2024,Matemática,2024-02-05,10,Concluída,58.2,Indicação
M0006762,A00571,O20240139,2024,Português,2024-04-17,25,Cancelada,55.3,Google
M0006763,A00571,O20240135,2024,Química,2024-04-05,30,Concluída,50.9,WhatsApp
M0006764,A00571,O20240140,2024,Redação,2024-02-12,25,Ativa,58.2,Instagram
M0006765,A00572,O20240169,2024,Biologia,03-15-2024,0,Concluída,63.9,Feira escolar
M0006766,A00572,O20240175,2024,Filosofia,2024-03-15,25,Concluída,45.5,Indicação
M0006767,A00572,O20240167,2024,Física,2024-04-01,,Concluída,47.5,Instagram
M0006768,A00572,O20240171,2024,Geografia,2024-04-07,,Ativa,87.8,Google
M0006769,A00572,O20240166,2024,Matemática,2024-03-19,,Concluída,47.7,Instagram
M0006770,A00572,O20240172,2024,Português,2024-04-20,0,Trancada,23.3,WhatsApp
M0006771,A00572,O20240173,2024,Redação,2024-04-17,15,Ativa,60.0,Feira escolar
M0006772,A00572,O20240176,2024,SOCIOLOGIA,13/03/2024,0,Cancelada,51.0,
M0006773,A00573,O20250191,2025,Biologia,2025-04-10,50,Concluída,75.3,WhatsApp
M0006774,A00573,O20250189,2025,Fisica,2025-01-26,20,,86.2,Instagram
M0006775,A00573,O20250192,2025,Historia,16/03/2025,15,Concluída,72.0,Google
M0006776,A00573,O20250196,2025,Inglês,2025-01-04,0,Concluída,78.8,Google
M0006777,A00573,O20250188,2025,Matemática,2025-03-09,15,Cancelada,51.5,Indicação
M0006778,A00573,O20250194,2025,Português,2025-01-06,15,Concluída,52.9,WhatsApp
M0006779,A00573,O20250190,2025,Quimica,2025-02-02,0,Concluída,72.4,Google
M0006780,A00573,O20250195,2025,Redação,2025-01-03,,Ativa,51.9,WhatsApp
M0006781,A00573,O20250198,2025,Sociologia,2025-04-10,0,Concluída,61.0,WhatsApp
M0006782,A00574,O20230114,2023,Biologia,2023-02-28,25,Ativa,41.1,Feira escolar
M0006783,A00574,O20230112,2023,Física,2023-04-13,0,Concluída,54.5,
M0006784,A00574,O20230116,2023,Geografia,2023-04-27,10,concluida,67.5,Indicação
M0006785,A00574,O20230115,2023,História,2023-03-13,15,concluida,49.3,Instagram
M0006786,A00574,O20230119,2023,Inglês,2023-03-05,15,Concluída,48.7,Google
M0006787,A00574,O20230111,2023,Matemática,2023-01-09,0,Concluída,34.1,Google
M0006788,A00574,O20230117,2023,Português,2023-03-23,15,Concluída,83.6,Google
M0006789,A00574,O20230118,2023,Redação,2023-04-14,20,Ativa,54.0,Instagram
M0006790,A00575,O20230092,2023,Biologia,2023-01-26,50,Ativa,46.5,Indicação
M0006791,A00575,O20230098,2023,FILOSOFIA,08/01/2023,0,Ativa,53.6,Feira escolar
M0006792,A00575,O20230090,2023,Física,2023-01-16,0,Concluída,26.9,
M0006793,A00575,O20230094,2023,Geografia,2023/04/06,30,Cancelada,49.4,Indicação
M0006794,A00575,O20230093,2023,História,2023-02-08,0,Concluída,66.2,WhatsApp
M0006795,A00575,O20230097,2023,Inglês,03-21-2023,10,Concluída,64.6,Feira escolar
M0006796,A00575,O20230089,2023,Matemática,2023-02-24,10,Concluída,39.7,Feira escolar
M0006797,A00575,O20230095,2023,Português,2023-03-20,,Cancelada,70.4,
M0006798,A00575,O20230091,2023,Química,2023-04-06,10,Concluída,35.6,Instagram
M0006799,A00575,O20230096,2023,Redação,2023-03-22,25,Concluída,57.5,Google
M0006800,A00575,O20230099,2023,Sociologia,2023-04-15,10,Concluída,64.1,Feira escolar
M0006801,A00575,O20240142,2024,Filosofia,2024-04-21,0,Concluída,73.8,Google
M0006802,A00575,O20240138,2024,GEOGRAFIA,2024-03-18,50,Cancelada,56.8,WhatsApp
M0006803,A00575,O20240137,2024,História,2024-03-14,0,Concluída,73.4,Indicação
M0006804,A00575,O20240133,2024,Matemática,2024-04-24,25,Concluída,76.8,
M0006805,A00575,O20240139,2024,Português,2024-02-21,10,Concluída,82.4,
M0006806,A00575,O20240135,2024,Química,2024-02-03,15,Ativa,67.6,
M0006807,A00575,O20240140,2024,REDAÇÃO,2024-02-23,0,Cancelada,50.1,Google
M0006808,A00575,O20240143,2024,Sociologia,2024-04-14,0,Trancada,59.0,WhatsApp
M0006809,A00576,O20230125,2023,Biologia,2023-03-18,50,Ativa,55.0,WhatsApp
M0006810,A00576,O20230127,2023,Geografia,2023-02-17,0,Concluída,37.2,Instagram
M0006811,A00576,O20230126,2023,História,2023-03-28,0,Concluída,99.7,Indicação
M0006812,A00576,O20230130,2023,Inglês,2023-01-05,0,Ativa,32.2,WhatsApp
M0006813,A00576,O20230122,2023,Matemática,2023-02-08,20,Concluída,63.4,
M0006814,A00576,O20230128,2023,Português,2023-04-04,25,concluida,44.4,Feira escolar
M0006815,A00576,O20230124,2023,Química,2023-01-13,50,Concluída,76.6,Indicação
M0006816,A00576,O20230129,2023,Redação,2023-03-16,50,Concluída,50.4,Google
M0006817,A00577,O20240147,2024,Biologia,2024-01-25,50,Cancelada,64.9,Google
M0006818,A00577,O20240153,2024,Filosofia,2024-04-11,0,Concluída,61.9,WhatsApp
M0006819,A00577,O20240145,2024,Fisica,2024-02-20,10,Concluída,34.7,Instagram
M0006820,A00577,O20240149,2024,Geografia,2024-03-27,0,Concluída,82.8,Indicação
M0006821,A00577,O20240148,2024,História,2024-04-28,0,Concluída,63.7,Indicação
M0006822,A00577,O20240152,2024,Inglês,2024-04-04,0,Concluída,53.2,Indicação
M0006823,A00577,O20240144,2024,Matemática,2024-04-09,10,Concluída,57.6,
M0006824,A00577,O20240150,2024,PORTUGUÊS,2024-02-27,50,Ativa,55.0,
M0006825,A00577,O20240151,2024,Redação,2024-01-13,20,Concluída,41.9,
M0006826,A00578,O20210004,2021,Biologia,2021-03-07,0,Concluída,51.6,Google
M0006827,A00578,O20210010,2021,Filosofia,2021-04-26,50,Concluída,60.0,Indicação
M0006828,A00578,O20210006,2021,Geografia,2021-02-07,,Concluída,51.6,WhatsApp
M0006829,A00578,O20210005,2021,História,2021-02-13,20,Concluída,63.8,
M0006830,A00578,O20210009,2021,Inglês,2021-01-23,0,Concluída,61.4,WhatsApp
M0006831,A00578,O20210001,2021,Matemática,2021-04-04,,Ativa,71.5,
M0006832,A00578,O20210007,2021,Português,2021-02-27,0,Cancelada,84.7,Indicação
M0006833,A00578,O20210003,2021,Química,2021/01/28,10,Concluída,19.0,Feira escolar
M0006834,A00578,O20210008,2021,Redação,2021-04-08,,Concluída,68.1,Indicação
M0006835,A00578,O20210011,2021,Sociologia,2021-02-23,50,Concluída,44.6,
M0006836,A00579,O20250186,2025,Filosofia,2025-02-16,,Cancelada,75.2,Google
M0006837,A00579,O20250178,2025,Física,2025-03-12,30,Concluída,64.1,WhatsApp
M0006838,A00579,O20250182,2025,Geografia,2025-03-03,20,Concluída,43.6,WhatsApp
M0006839,A00579,O20250181,2025,História,2025-03-20,0,Concluída,33.2,Feira escolar
M0006840,A00579,O20250185,2025,Inglês,2025-04-19,0,Concluída,70.8,Feira escolar
M0006841,A00579,O20250177,2025,Matemática,2025-02-26,50,Ativa,45.0,Google
M0006842,A00579,O20250183,2025,Português,2025-04-08,20,Ativa,65.5,WhatsApp
M0006843,A00579,O20250179,2025,QUÍMICA,2025-01-16,50,Concluída,65.6,Feira escolar
M0006844,A00579,O20250184,2025,Redação,2025-04-11,50,Ativa,57.0,Google
M0006845,A00579,O20250187,2025,Sociologia,2025-04-24,10,concluida,70.0,Google
M0006846,A00580,O20250186,2025,Filosofia,2025-01-08,15,Concluída,56.3,
M0006847,A00580,O20250182,2025,Geografia,2025-02-20,20,,65.1,
M0006848,A00580,O20250185,2025,Inglês,2025/04/14,50,Concluída,40.4,Indicação
M0006849,A00580,O20250177,2025,Matemática,2025-02-01,50,Ativa,68.8,
M0006850,A00580,O20250183,2025,Portugues,2025-01-13,,Concluída,53.3,Indicação
M0006851,A00580,O20250184,2025,Redação,2025-03-26,,Cancelada,73.3,Indicação
M0006852,A00580,O20250187,2025,Sociologia,2025-03-20,0,Concluída,51.5,Indicação
M0006853,A00581,O20250202,2025,Biologia,2025-04-14,50,Concluída,73.2,Indicação
M0006854,A00581,O20250208,2025,Filosofia,2025-02-10,20,Concluída,62.7,
M0006855,A00581,O20250200,2025,Física,2025-04-25,0,Concluída,58.6,Google
M0006856,A00581,O20250204,2025,Geografia,2025-04-01,0,Concluída,59.0,
M0006857,A00581,O20250207,2025,Inglês,2025-03-23,10,Cancelada,58.8,Indicação
M0006858,A00581,O20250199,2025,Matemática,2025-02-15,10,Concluída,65.5,Instagram
M0006859,A00581,O20250205,2025,Português,2025-01-01,50,Concluída,68.4,Google
M0006860,A00581,O20250201,2025,Química,2025-03-04,15,Concluída,68.4,Feira escolar
M0006861,A00581,O20250206,2025,Redação,2025-04-01,,Concluída,79.3,Indicação
M0006862,A00581,O20250209,2025,Sociologia,2025-04-11,10,Ativa,46.4,Instagram
M0006863,A00582,O20210004,2021,Biologia,2021-02-28,0,Concluída,82.0,Instagram
M0006864,A00582,O20210010,2021,Filosofia,2021/01/09,25,Concluída,69.1,Google
M0006865,A00582,O20210002,2021,Física,2021-02-02,,Concluída,63.9,
M0006866,A00582,O20210006,2021,Geografia,2021-03-02,50,Concluída,55.8,Feira escolar
M0006867,A00582,O20210005,2021,História,2021-01-03,15,Ativa,62.7,Feira escolar
M0006868,A00582,O20210009,2021,Inglês,2021-04-04,0,Ativa,34.1,Google
M0006869,A00582,O20210001,2021,Matemática,2021-04-23,0,concluida,21.3,Feira escolar
M0006870,A00582,O20210007,2021,Português,2021-03-09,30,concluida,56.4,Instagram
M0006871,A00582,O20210003,2021,Química,2021-02-11,0,Concluída,39.0,WhatsApp
M0006872,A00582,O20210008,2021,Redação,2021-03-22,15,Concluída,54.8,WhatsApp
M0006873,A00582,O20210011,2021,Sociologia,2021-04-15,50,Ativa,69.5,Feira escolar
M0006874,A00583,O20240147,2024,Biologia,2024-04-15,10,Cancelada,59.6,Instagram
M0006875,A00583,O20240153,2024,Filosofia,2024-04-03,50,Ativa,68.0,Google
M0006876,A00583,O20240145,2024,Física,2024-04-08,0,Concluída,58.2,
M0006877,A00583,O20240149,2024,Geografia,2024-02-22,25,Concluída,57.3,Indicação
M0006878,A00583,O20240148,2024,História,2024-01-14,25,Concluída,56.9,Instagram
M0006879,A00583,O20240152,2024,Inglês,2024-02-01,,Concluída,69.2,Feira escolar
M0006880,A00583,O20240144,2024,Mat.,2024-01-25,50,Ativa,45.0,Google
M0006881,A00583,O20240150,2024,Português,2024-02-08,20,Cancelada,66.7,WhatsApp
M0006882,A00583,O20240146,2024,Química,2024-01-28,15,Concluída,45.5,
M0006883,A00583,O20240151,2024,Redação,2024-04-13,25,Cancelada,75.1,Instagram
M0006884,A00583,O20240154,2024,Sociologia,01-02-2024,15,Concluída,50.3,Feira escolar
M0006885,A00584,O20250213,2025,BIOLOGIA,2025-04-14,30,Concluída,74.8,WhatsApp
M0006886,A00584,O20250211,2025,Física,2025-01-10,15,Concluída,72.1,Indicação
M0006887,A00584,O20250215,2025,Geografia,2025-01-18,10,Concluída,65.5,
M0006888,A00584,O20250214,2025,História,14/04/2025,50,Concluída,75.2,Indicação
M0006889,A00584,O20250218,2025,Ingles,2025-03-07,,Ativa,73.9,Feira escolar
M0006890,A00584,O20250210,2025,Matemática,2025-04-22,0,Concluída,50.0,Google
M0006891,A00584,O20250216,2025,Português,2025-03-06,0,Ativa,70.3,Feira escolar
M0006892,A00584,O20250212,2025,Química,2025-03-07,30,Ativa,49.0,WhatsApp
M0006893,A00584,O20250217,2025,Redação,2025-04-22,50,Concluída,52.7,Instagram
M0006894,A00584,O20250220,2025,Sociologia,2025-03-17,30,Concluída,68.1,Instagram
M0006895,A00585,O20240136,2024,Biologia,2024-03-10,0,Concluída,53.0,WhatsApp
M0006896,A00585,O20240142,2024,Filosofia,2024-01-06,10,Concluída,32.4,
M0006897,A00585,O20240134,2024,Física,2024-01-23,0,Concluída,35.0,Google
M0006898,A00585,O20240138,2024,GEOGRAFIA,2024-04-03,,Concluída,79.9,
M0006899,A00585,O20240137,2024,História,2024-04-09,0,Concluída,57.5,Feira escolar
M0006900,A00585,O20240133,2024,Matemática,2024-04-07,,Ativa,83.4,WhatsApp
M0006901,A00585,O20240139,2024,Português,2024-04-04,0,concluida,57.8,
M0006902,A00585,O20240135,2024,Química,2024-02-06,10,Ativa,34.0,
M0006903,A00585,O20240140,2024,Redação,2024-02-28,0,Concluída,56.0,Google
M0006904,A00585,O20240143,2024,Sociologia,2024-01-12,10,Concluída,69.7,Instagram
M0006905,A00586,O20210015,2021,BIOLOGIA,2021/04/23,0,Concluída,51.8,Instagram
M0006906,A00586,O20210021,2021,Filosofia,2021-01-16,15,Concluída,52.6,
M0006907,A00586,O20210013,2021,Física,2021-01-03,0,Concluída,63.8,WhatsApp
M0006908,A00586,O20210016,2021,História,2021-03-06,0,concluida,85.6,Indicação
M0006909,A00586,O20210020,2021,Inglês,2021-03-08,50,Concluída,44.5,Instagram
M0006910,A00586,O20210012,2021,Matemática,2021-01-12,0,Ativa,64.2,
M0006911,A00586,O20210018,2021,Português,2021-04-16,25,Concluída,32.0,WhatsApp
M0006912,A00586,O20210014,2021,Química,2021-03-07,25,Concluída,65.0,Google
M0006913,A00586,O20210019,2021,Redação,2021-02-10,30,Ativa,66.4,Indicação
M0006914,A00586,O20210022,2021,Sociologia,2021-03-17,0,Concluída,30.8,Feira escolar
M0006915,A00587,O20250191,2025,Biologia,2025-01-02,30,Concluída,48.3,Indicação
M0006916,A00587,O20250197,2025,Filosofia,2025/03/28,0,Ativa,85.5,Instagram
M0006917,A00587,O20250189,2025,Física,2025-04-22,15,Concluída,52.6,Indicação
M0006918,A00587,O20250193,2025,Geografia,2025-04-17,0,Trancada,46.8,Instagram
M0006919,A00587,O20250192,2025,História,2025/04/12,0,,54.2,Feira escolar
M0006920,A00587,O20250196,2025,Inglês,2025-01-01,10,Cancelada,54.9,Instagram
M0006921,A00587,O20250188,2025,Matemática,2025-01-14,50,Concluída,50.8,Google
M0006922,A00587,O20250194,2025,Portugues,2025-03-23,10,,64.2,Indicação
M0006923,A00587,O20250195,2025,Redação,2025-02-10,0,Concluída,64.5,Feira escolar
M0006924,A00587,O20250198,2025,Sociologia,2025-03-17,30,Concluída,35.6,
M0006925,A00588,O20240158,2024,Biologia,2024-01-07,,Concluída,54.3,WhatsApp
M0006926,A00588,O20240156,2024,Física,2024-04-07,0,Ativa,55.5,Indicação
M0006927,A00588,O20240163,2024,Inglês,2024-04-09,10,Concluída,68.0,Feira escolar
M0006928,A00588,O20240155,2024,Matemática,2024/04/18,15,,74.3,Indicação
M0006929,A00588,O20240161,2024,Português,2024-03-05,50,Trancada,47.4,WhatsApp
M0006930,A00588,O20240157,2024,Química,2024-02-01,25,Concluída,75.5,WhatsApp
M0006931,A00588,O20240162,2024,Redação,2024-03-10,15,Trancada,53.6,Google
M0006932,A00588,O20240165,2024,Sociologia,2024-04-06,50,Concluída,60.1,WhatsApp
M0006933,A00588,O20250180,2025,Biologia,2025/01/18,0,Ativa,54.7,Feira escolar
M0006934,A00588,O20250186,2025,Filosofia,2025-02-23,0,Trancada,58.8,Google
M0006935,A00588,O20250178,2025,FÍSICA,2025-01-11,0,Ativa,77.0,Google
M0006936,A00588,O20250182,2025,Geografia,2025-03-23,50,Concluída,43.1,
M0006937,A00588,O20250181,2025,História,2025-04-16,0,Ativa,69.3,Indicação
M0006938,A00588,O20250185,2025,Inglês,2025-04-20,25,Ativa,80.2,Instagram
M0006939,A00588,O20250177,2025,Matemática,2025-01-05,15,Ativa,58.3,
M0006940,A00588,O20250183,2025,Português,2025-01-09,0,Concluída,56.8,Google
M0006941,A00588,O20250179,2025,Química,02-27-2025,30,Concluída,61.2,
M0006942,A00588,O20250184,2025,Redação,2025-02-22,0,Concluída,74.1,
M0006943,A00588,O20250187,2025,Sociologia,2025-02-27,30,Concluída,38.0,WhatsApp
M0006944,A00589,O20250180,2025,Biologia,2025-03-02,15,Ativa,84.1,Instagram
M0006945,A00589,O20250186,2025,Filosofia,2025-02-12,,Concluída,75.6,Feira escolar
M0006946,A00589,O20250178,2025,Física,2025-02-16,30,Concluída,54.3,WhatsApp
M0006947,A00589,O20250182,2025,Geografia,25/01/2025,50,Concluída,47.0,Indicação
M0006948,A00589,O20250181,2025,História,2025-03-12,15,Concluída,75.7,WhatsApp
M0006949,A00589,O20250185,2025,Inglês,2025-03-26,15,Concluída,60.4,Instagram
M0006950,A00589,O20250177,2025,Matemática,2025-01-24,15,Ativa,49.4,WhatsApp
M0006951,A00589,O20250183,2025,Português,2025-03-19,0,Concluída,38.3,Google
M0006952,A00589,O20250179,2025,Química,2025-03-19,20,Concluída,51.2,Feira escolar
M0006953,A00589,O20250184,2025,Redação,2025-02-22,20,Concluída,72.9,Feira escolar
M0006954,A00589,O20250187,2025,Sociologia,2025-02-15,15,Concluída,63.5,Indicação
M0006955,A00590,O20230114,2023,Biologia,2023-03-27,0,Concluída,73.4,Indicação
M0006956,A00590,O20230120,2023,Filosofia,2023-02-04,25,Concluída,56.6,Indicação
M0006957,A00590,O20230112,2023,Física,2023-03-08,0,Concluída,63.8,WhatsApp
M0006958,A00590,O20230116,2023,Geografia,2023-02-08,,Concluída,56.9,Feira escolar
M0006959,A00590,O20230115,2023,História,2023-01-18,,Cancelada,65.9,Feira escolar
M0006960,A00590,O20230119,2023,Inglês,2023-01-01,50,Ativa,71.4,
M0006961,A00590,O20230111,2023,Matemática,2023-02-16,30,Cancelada,47.1,Google
M0006962,A00590,O20230117,2023,Português,2023-04-17,10,Ativa,36.5,Google
M0006963,A00590,O20230118,2023,Redação,2023-04-20,10,Concluída,50.5,Instagram
M0006964,A00590,O20230121,2023,Sociologia,2023-03-22,15,Concluída,20.5,Google
M0006965,A00591,O20210015,2021,Biologia,2021-04-27,20,Concluída,50.8,
M0006966,A00591,O20210021,2021,Filosofia,2021-01-07,30,Concluída,62.6,Indicação
M0006967,A00591,O20210017,2021,Geografia,2021-04-09,15,Concluída,68.9,WhatsApp
M0006968,A00591,O20210016,2021,História,2021-02-15,0,Cancelada,66.3,Google
M0006969,A00591,O20210012,2021,Matemática,2021-02-20,0,Concluída,81.2,Google
M0006970,A00591,O20210018,2021,Português,2021-03-13,15,Ativa,48.8,Google
M0006971,A00591,O20210014,2021,Química,2021-01-05,50,Concluída,88.7,Indicação
M0006972,A00591,O20210019,2021,Redação,2021-02-19,30,Concluída,50.4,Google
M0006973,A00592,O20240136,2024,Biologia,2024-01-11,0,Concluída,67.2,Indicação
M0006974,A00592,O20240142,2024,Filosofia,2024-04-27,25,Concluída,77.1,WhatsApp
M0006975,A00592,O20240134,2024,Física,2024/02/06,15,Concluída,55.7,Indicação
M0006976,A00592,O20240138,2024,Geografia,2024-02-01,0,Concluída,46.4,Feira escolar
M0006977,A00592,O20240137,2024,História,2024-01-28,0,Concluída,70.8,Indicação
M0006978,A00592,O20240141,2024,Inglês,2024-03-12,0,Ativa,57.2,Indicação
M0006979,A00592,O20240133,2024,Matemática,2024-04-08,0,Trancada,70.4,Instagram
M0006980,A00592,O20240139,2024,Português,2024-03-12,15,Concluída,53.2,Instagram
M0006981,A00592,O20240135,2024,Química,2024/01/09,0,Concluída,48.1,Feira escolar
M0006982,A00592,O20240140,2024,Redação,2024-04-17,10,Concluída,53.3,
M0006983,A00592,O20240143,2024,Sociologia,2024-04-04,0,concluida,52.9,WhatsApp
M0006984,A00593,O20220081,2022,Biologia,2022-04-09,15,Ativa,53.7,Feira escolar
M0006985,A00593,O20220087,2022,Filosofia,2022/02/09,25,Concluída,61.8,WhatsApp
M0006986,A00593,O20220079,2022,Física,2022-04-03,25,Ativa,46.4,Instagram
M0006987,A00593,O20220083,2022,Geografia,2022-04-11,50,Trancada,47.3,Feira escolar
M0006988,A00593,O20220082,2022,História,2022-01-05,25,Concluída,52.5,Instagram
M0006989,A00593,O20220086,2022,Inglês,2022/02/24,30,Concluída,69.8,Feira escolar
M0006990,A00593,O20220078,2022,Mat.,2022-04-03,30,Cancelada,63.5,Feira escolar
M0006991,A00593,O20220084,2022,Português,2022-03-27,0,Concluída,59.7,Feira escolar
M0006992,A00593,O20220080,2022,Química,2022-02-23,15,Concluída,33.4,Instagram
M0006993,A00593,O20220085,2022,Redação,2022-04-01,10,Concluída,93.6,WhatsApp
M0006994,A00593,O20220088,2022,Sociologia,2022-02-09,20,Concluída,42.3,WhatsApp
M0006995,A00593,O20230092,2023,Biologia,2023-02-03,10,Ativa,49.7,Instagram
M0006996,A00593,O20230098,2023,Filosofia,2023-01-02,20,Ativa,60.4,Google
M0006997,A00593,O20230090,2023,Física,2023-04-22,25,Concluída,70.6,Google
M0006998,A00593,O20230094,2023,Geografia,2023-01-24,0,Concluída,54.2,Indicação
M0006999,A00593,O20230097,2023,Inglês,2023-02-15,50,Concluída,47.9,Indicação
M0007000,A00593,O20230089,2023,Matemática,2023-04-22,15,Concluída,47.1,Google
M0007001,A00593,O20230095,2023,Português,2023-04-06,50,,47.2,
M0007002,A00593,O20230091,2023,Química,2023-01-23,30,Concluída,79.5,Indicação
M0007003,A00593,O20230096,2023,Redação,2023-03-15,10,Ativa,60.8,Google
M0007004,A00593,O20230099,2023,Sociologia,2023-04-10,,Ativa,47.9,Google
M0007005,A00594,O20230103,2023,Biologia,2023/01/20,30,Concluída,23.1,Feira escolar
M0007006,A00594,O20230109,2023,Filosofia,2023-02-02,15,Concluída,70.5,Indicação
M0007007,A00594,O20230101,2023,Física,2023-03-17,30,Concluída,65.9,Feira escolar
M0007008,A00594,O20230105,2023,Geografia,01-09-2023,20,Concluída,57.7,Feira escolar
M0007009,A00594,O20230108,2023,Inglês,2023-04-21,0,Ativa,62.3,Indicação
M0007010,A00594,O20230100,2023,Matemática,2023-01-11,0,concluida,62.9,Feira escolar
M0007011,A00594,O20230106,2023,Português,2023-01-16,50,Concluída,53.8,Instagram
M0007012,A00594,O20230102,2023,Química,2023-01-08,25,Concluída,63.5,Indicação
M0007013,A00594,O20230107,2023,Redação,2023-04-17,25,Ativa,70.4,WhatsApp
M0007014,A00595,O20210032,2021,Filosofia,01-01-2021,,Concluída,55.2,Feira escolar
M0007015,A00595,O20210024,2021,Física,2021-01-05,0,Ativa,58.4,Google
M0007016,A00595,O20210028,2021,Geografia,03-12-2021,20,Ativa,76.7,Indicação
M0007017,A00595,O20210027,2021,História,2021-03-19,30,Concluída,75.8,Google
M0007018,A00595,O20210031,2021,Inglês,2021-01-20,15,Cancelada,78.2,Google
M0007019,A00595,O20210023,2021,MATEMÁTICA,2021-02-22,20,Concluída,66.1,Feira escolar
M0007020,A00595,O20210029,2021,Português,2021-04-06,25,Ativa,46.3,WhatsApp
M0007021,A00595,O20210025,2021,Química,2021-03-05,0,Concluída,40.1,WhatsApp
M0007022,A00595,O20210030,2021,Redação,2021-01-23,25,Concluída,71.5,WhatsApp
M0007023,A00595,O20220059,2022,BIOLOGIA,2022-04-08,25,Concluída,65.0,Feira escolar
M0007024,A00595,O20220061,2022,Geografia,2022-01-18,0,Concluída,48.5,WhatsApp
M0007025,A00595,O20220060,2022,História,2022-03-11,20,concluida,58.4,WhatsApp
M0007026,A00595,O20220056,2022,Matemática,2022-02-17,15,Concluída,21.3,
M0007027,A00595,O20220062,2022,Português,2022-03-27,15,Concluída,62.0,Instagram
M0007028,A00595,O20220063,2022,Redação,2022-02-01,25,Concluída,57.5,
M0007029,A00595,O20220066,2022,Sociologia,2022/03/06,0,Concluída,44.2,WhatsApp
M0007030,A00596,O20240156,2024,Física,2024-04-18,0,Concluída,58.2,Instagram
M0007031,A00596,O20240160,2024,Geografia,2024-01-03,25,Cancelada,54.3,
M0007032,A00596,O20240159,2024,História,2024-01-05,15,Ativa,58.4,
M0007033,A00596,O20240163,2024,Inglês,2024-01-19,10,Concluída,58.6,WhatsApp
M0007034,A00596,O20240155,2024,Matemática,2024-01-03,25,Ativa,53.4,Feira escolar
M0007035,A00596,O20240161,2024,Português,2024-02-26,20,Concluída,60.4,WhatsApp
M0007036,A00596,O20240157,2024,Química,2024-01-10,0,Concluída,39.1,WhatsApp
M0007037,A00596,O20240162,2024,Redação,2024-01-09,,Concluída,48.8,
M0007038,A00597,O20240147,2024,Biologia,2024-01-20,0,Concluída,28.3,Google
M0007039,A00597,O20240153,2024,Filosofia,01-18-2024,25,Ativa,69.8,WhatsApp
M0007040,A00597,O20240145,2024,Física,2024-04-07,15,Cancelada,75.5,Indicação
M0007041,A00597,O20240149,2024,Geografia,2024-04-05,10,Concluída,64.5,Indicação
M0007042,A00597,O20240148,2024,História,2024-02-09,0,Concluída,57.0,Indicação
M0007043,A00597,O20240152,2024,Inglês,01-11-2024,15,Concluída,82.4,Feira escolar
M0007044,A00597,O20240144,2024,Matemática,2024-01-09,25,Concluída,62.6,WhatsApp
M0007045,A00597,O20240150,2024,Português,2024/03/19,30,Concluída,69.4,Feira escolar
M0007046,A00597,O20240146,2024,Química,2024-04-27,0,Ativa,32.7,Google
M0007047,A00597,O20240151,2024,Redação,2024-02-04,0,Concluída,58.9,Feira escolar
M0007048,A00598,O20240169,2024,Biologia,2024-01-06,0,Concluída,67.6,WhatsApp
M0007049,A00598,O20240167,2024,Física,2024-01-22,,Ativa,57.0,WhatsApp
M0007050,A00598,O20240171,2024,Geografia,2024-02-09,0,Concluída,15.6,Google
M0007051,A00598,O20240170,2024,História,2024-03-21,25,Concluída,55.7,
M0007052,A00598,O20240174,2024,Inglês,2024-03-12,0,Concluída,68.1,Google
M0007053,A00598,O20240166,2024,Mat.,2024/04/27,0,Concluída,67.1,Google
M0007054,A00598,O20240172,2024,Português,2024-04-21,50,Ativa,56.7,Feira escolar
M0007055,A00598,O20240168,2024,Química,2024-02-02,10,Concluída,70.7,Indicação
M0007056,A00598,O20240173,2024,Redação,2024/03/02,30,Concluída,45.7,Instagram
M0007057,A00598,O20240176,2024,Sociologia,2024-03-15,20,Concluída,63.3,WhatsApp
M0007058,A00599,O20220048,2022,Biologia,01-17-2022,,concluida,64.1,Indicação
M0007059,A00599,O20220054,2022,Filosofia,2022-01-19,15,Ativa,60.5,Feira escolar
M0007060,A00599,O20220046,2022,Física,2022-04-02,0,Concluída,73.0,WhatsApp
M0007061,A00599,O20220050,2022,GEOGRAFIA,2022-02-11,15,Ativa,62.2,Instagram
M0007062,A00599,O20220053,2022,Inglês,2022-04-21,30,Ativa,79.5,WhatsApp
M0007063,A00599,O20220045,2022,Matemática,2022-04-16,,Concluída,54.4,Instagram
M0007064,A00599,O20220051,2022,Português,02-13-2022,50,Concluída,66.6,
M0007065,A00599,O20220047,2022,Química,2022-04-10,0,Concluída,63.6,Instagram
M0007066,A00599,O20220052,2022,Redação,01-27-2022,50,Ativa,59.7,Indicação
M0007067,A00599,O20220055,2022,Sociologia,2022-01-10,0,Ativa,46.0,
M0007068,A00600,O20220070,2022,Biologia,2022-02-25,20,Ativa,65.7,Indicação
M0007069,A00600,O20220068,2022,Física,2022-02-02,20,Concluída,51.1,Instagram
M0007070,A00600,O20220072,2022,Geografia,2022-01-02,20,concluida,82.2,Google
M0007071,A00600,O20220071,2022,História,2022-02-13,,Concluída,64.1,Instagram
M0007072,A00600,O20220075,2022,Inglês,2022-02-05,10,Concluída,54.0,
M0007073,A00600,O20220067,2022,Matematica,2022-04-25,20,Concluída,64.7,
M0007074,A00600,O20220073,2022,Português,2022-04-15,,Concluída,44.9,Feira escolar
M0007075,A00600,O20220069,2022,Química,2022-01-16,20,Ativa,62.4,WhatsApp
M0007076,A00600,O20220074,2022,Redação,2022-03-11,0,Ativa,64.7,Indicação
M0007077,A00600,O20220077,2022,Sociologia,2022-02-11,50,Concluída,54.0,Instagram
M0007078,A00601,O20230098,2023,Filosofia,2023-01-20,0,Ativa,62.0,Indicação
M0007079,A00601,O20230090,2023,Física,2023-02-02,20,Concluída,79.0,Instagram
M0007080,A00601,O20230094,2023,Geografia,2023-01-19,15,Ativa,42.0,Instagram
M0007081,A00601,O20230093,2023,História,2023-04-24,0,Concluída,49.5,WhatsApp
M0007082,A00601,O20230097,2023,Inglês,2023-01-12,15,Concluída,36.3,Indicação
M0007083,A00601,O20230089,2023,Matemática,2023-01-22,20,Concluída,55.8,Indicação
M0007084,A00601,O20230095,2023,Português,2023-02-08,15,Concluída,53.8,Google
M0007085,A00601,O20230091,2023,Química,2023-02-06,0,Concluída,52.4,
M0007086,A00601,O20230096,2023,Redacao,2023-02-01,30,Ativa,69.4,Google
M0007087,A00601,O20230099,2023,Sociologia,2023-04-27,30,Ativa,34.6,Indicação
M0007088,A00601,O20240136,2024,Biologia,2024-04-15,50,Concluída,65.3,Google
M0007089,A00601,O20240142,2024,Filosofia,2024/02/16,30,Trancada,70.5,WhatsApp
M0007090,A00601,O20240138,2024,Geografia,2024-01-23,0,Ativa,77.4,Indicação
M0007091,A00601,O20240137,2024,História,2024-02-18,50,Concluída,70.2,Feira escolar
M0007092,A00601,O20240141,2024,Inglês,2024-01-13,10,Concluída,76.4,Indicação
M0007093,A00601,O20240133,2024,Matemática,2024-02-14,0,Concluída,57.7,WhatsApp
M0007094,A00601,O20240139,2024,Português,2024-04-08,15,Ativa,59.9,Instagram
M0007095,A00601,O20240140,2024,Redação,2024-03-13,10,concluida,45.7,Indicação
M0007096,A00601,O20240143,2024,Sociologia,2024-01-19,30,Concluída,31.1,Instagram
M0007097,A00602,O20250213,2025,Biologia,2025-03-01,30,Concluída,55.5,Feira escolar
M0007098,A00602,O20250219,2025,Filosofia,2025-01-05,50,Concluída,74.1,
M0007099,A00602,O20250211,2025,Física,2025-03-13,25,Concluída,24.1,Google
M0007100,A00602,O20250215,2025,Geografia,2025-01-20,50,Concluída,40.9,
M0007101,A00602,O20250214,2025,História,2025-03-14,15,Concluída,44.2,Instagram
M0007102,A00602,O20250218,2025,Inglês,2025-04-11,,concluida,62.1,Indicação
M0007103,A00602,O20250210,2025,Matemática,2025-01-07,,Concluída,63.8,
M0007104,A00602,O20250216,2025,PORTUGUÊS,2025-03-22,,Concluída,51.2,Feira escolar
M0007105,A00602,O20250212,2025,Química,2025-04-18,0,Cancelada,49.5,Indicação
M0007106,A00602,O20250217,2025,Redação,2025-03-14,0,Concluída,85.0,WhatsApp
M0007107,A00602,O20250220,2025,Sociologia,2025-02-27,15,Ativa,58.7,Indicação
M0007108,A00603,O20240169,2024,Biologia,2024-03-28,50,Concluída,57.1,Instagram
M0007109,A00603,O20240175,2024,Filosofia,2024-02-28,30,Concluída,70.1,
M0007110,A00603,O20240167,2024,Física,2024-03-22,0,Ativa,67.2,
M0007111,A00603,O20240171,2024,Geografia,2024-04-11,30,Concluída,61.4,
M0007112,A00603,O20240170,2024,História,2024-01-21,25,Ativa,78.4,
M0007113,A00603,O20240174,2024,Inglês,2024-02-03,10,concluida,76.4,Feira escolar
M0007114,A00603,O20240166,2024,Matemática,2024-04-26,50,Cancelada,68.6,Indicação
M0007115,A00603,O20240172,2024,Português,2024-02-20,,Concluída,72.9,Feira escolar
M0007116,A00603,O20240168,2024,Química,2024-02-18,20,Concluída,26.7,
M0007117,A00603,O20240173,2024,Redação,2024-03-10,15,Concluída,45.3,Indicação
M0007118,A00603,O20240176,2024,Sociologia,07/04/2024,0,Concluída,47.7,Google
M0007119,A00604,O20230105,2023,Geografia,2023-04-18,15,Trancada,48.5,Instagram
M0007120,A00604,O20230104,2023,História,2023-01-02,0,Concluída,63.6,
M0007121,A00604,O20230108,2023,Inglês,2023-03-26,0,Concluída,31.4,WhatsApp
M0007122,A00604,O20230100,2023,Matemática,2023-02-13,15,Concluída,42.3,Indicação
M0007123,A00604,O20230106,2023,Português,2023-02-25,0,Concluída,71.0,Google
M0007124,A00604,O20230102,2023,Química,2023-04-11,0,Concluída,72.1,Instagram
M0007125,A00604,O20230107,2023,Redação,2023-03-23,15,Concluída,53.6,Indicação
M0007126,A00604,O20230110,2023,Sociologia,2023-03-06,15,Concluída,63.4,Feira escolar
M0007127,A00605,O20210037,2021,Biologia,2021-04-22,20,Concluída,52.4,Indicação
M0007128,A00605,O20210043,2021,Filosofia,2021-01-17,15,Ativa,64.2,Instagram
M0007129,A00605,O20210035,2021,Física,2021-03-04,50,Trancada,66.1,Google
M0007130,A00605,O20210039,2021,Geografia,08/01/2021,10,Ativa,54.6,Feira escolar
M0007131,A00605,O20210038,2021,História,2021-02-04,15,Ativa,41.6,
M0007132,A00605,O20210042,2021,Inglês,2021-03-05,10,Concluída,58.4,Instagram
M0007133,A00605,O20210034,2021,Matemática,2021-03-18,20,Concluída,63.7,Feira escolar
M0007134,A00605,O20210040,2021,Português,2021-01-04,15,Ativa,49.2,Feira escolar
M0007135,A00605,O20210036,2021,Química,2021-03-11,50,Concluída,30.1,WhatsApp
M0007136,A00605,O20210041,2021,Redação,2021-04-02,15,Ativa,54.3,Feira escolar
M0007137,A00605,O20210044,2021,Sociologia,2021-02-11,50,Ativa,52.7,Google
M0007138,A00606,O20230098,2023,Filosofia,27/01/2023,0,Concluída,58.0,Feira escolar
M0007139,A00606,O20230090,2023,Física,2023-02-25,25,Concluída,56.4,Google
M0007140,A00606,O20230094,2023,Geografia,16/03/2023,10,Ativa,30.4,Feira escolar
M0007141,A00606,O20230093,2023,História,2023-04-11,0,Concluída,60.6,
M0007142,A00606,O20230097,2023,Ingles,2023-04-27,0,Concluída,60.9,Indicação
M0007143,A00606,O20230089,2023,Matemática,2023-01-11,20,concluida,44.1,WhatsApp
M0007144,A00606,O20230095,2023,Português,2023-02-09,20,Concluída,57.2,Google
M0007145,A00606,O20230091,2023,Química,2023-02-24,15,Concluída,81.1,WhatsApp
M0007146,A00606,O20230096,2023,Redação,2023-01-22,,Cancelada,64.8,
M0007147,A00607,O20220057,2022,Física,2022-04-07,,Ativa,43.3,Instagram
M0007148,A00607,O20220061,2022,Geografia,2022-04-23,0,Concluída,26.6,Indicação
M0007149,A00607,O20220064,2022,Inglês,2022-02-14,,Concluída,53.6,Feira escolar
M0007150,A00607,O20220056,2022,MATEMÁTICA,2022-03-05,20,Concluída,62.9,Instagram
M0007151,A00607,O20220062,2022,Português,04-11-2022,,Cancelada,58.9,Indicação
M0007152,A00607,O20220063,2022,Redação,2022-03-02,25,Concluída,72.8,WhatsApp
M0007153,A00608,O20230092,2023,Biologia,2023-03-06,10,Concluída,58.4,WhatsApp
M0007154,A00608,O20230090,2023,FÍSICA,2023-01-20,,Ativa,71.6,Instagram
M0007155,A00608,O20230094,2023,Geografia,2023-01-02,25,Concluída,69.8,Google
M0007156,A00608,O20230093,2023,História,2023-04-28,0,Concluída,65.8,Feira escolar
M0007157,A00608,O20230097,2023,Inglês,2023-01-06,15,Ativa,35.5,Instagram
M0007158,A00608,O20230089,2023,Matemática,2023-04-07,20,Trancada,61.3,Feira escolar
M0007159,A00608,O20230095,2023,Portugues,2023-03-16,0,Concluída,67.9,Indicação
M0007160,A00608,O20230091,2023,Química,2023-03-03,15,Concluída,61.9,Indicação
M0007161,A00608,O20230096,2023,Redação,2023/01/01,30,Concluída,46.4,WhatsApp
M0007162,A00608,O20230099,2023,Sociologia,2023-02-12,15,concluida,70.8,Instagram
M0007163,A00609,O20240136,2024,Biologia,2024-03-12,20,Concluída,43.0,
M0007164,A00609,O20240138,2024,Geografia,2024-03-19,10,Concluída,69.0,Google
M0007165,A00609,O20240137,2024,História,2024-03-04,10,Concluída,49.9,
M0007166,A00609,O20240141,2024,Inglês,2024-03-19,0,Concluída,67.3,
M0007167,A00609,O20240133,2024,Matematica,2024-03-07,,Concluída,66.5,WhatsApp
M0007168,A00609,O20240139,2024,Português,2024-02-04,0,Concluída,43.6,Indicação
M0007169,A00609,O20240135,2024,Química,2024-01-21,0,Ativa,69.3,WhatsApp
M0007170,A00609,O20240140,2024,Redação,2024-01-12,20,Concluída,60.3,Instagram
M0007171,A00610,O20220048,2022,Biologia,2022-02-05,,concluida,62.2,Google
M0007172,A00610,O20220054,2022,Filosofia,19/01/2022,25,Concluída,66.8,Instagram
M0007173,A00610,O20220046,2022,Física,2022-01-17,0,Concluída,52.4,Google
M0007174,A00610,O20220049,2022,História,2022-01-09,10,Concluída,42.7,Google
M0007175,A00610,O20220053,2022,Inglês,2022-01-21,20,Concluída,57.3,Instagram
M0007176,A00610,O20220045,2022,Matemática,2022-03-26,15,,66.5,Feira escolar
M0007177,A00610,O20220051,2022,Português,06/01/2022,20,Concluída,93.4,Feira escolar
M0007178,A00610,O20220047,2022,Química,2022-02-05,15,Concluída,52.9,Instagram
M0007179,A00610,O20220052,2022,Redação,2022-01-28,20,Ativa,55.7,
M0007180,A00610,O20220055,2022,Sociologia,2022-01-12,10,Ativa,39.3,
M0007181,A00611,O20240153,2024,Filosofia,2024-03-27,25,Concluída,40.9,Google
M0007182,A00611,O20240145,2024,Física,2024-03-17,20,Ativa,70.5,Indicação
M0007183,A00611,O20240148,2024,História,2024-02-01,10,Concluída,55.5,Indicação
M0007184,A00611,O20240144,2024,Matemática,2024-01-02,0,Concluída,44.9,
M0007185,A00611,O20240150,2024,Português,2024-02-17,50,Ativa,62.6,WhatsApp
M0007186,A00611,O20240146,2024,Química,2024-04-13,0,Concluída,38.6,Feira escolar
M0007187,A00611,O20240151,2024,Redação,2024-04-11,,Ativa,65.9,WhatsApp
M0007188,A00611,O20240154,2024,Sociologia,2024-04-14,,Concluída,77.4,Instagram
M0007189,A00612,O20250213,2025,Biologia,2025-01-27,0,Concluída,66.9,
M0007190,A00612,O20250211,2025,Física,01/02/2025,15,Concluída,56.6,Indicação
M0007191,A00612,O20250215,2025,Geografia,2025-04-10,10,Concluída,15.9,Indicação
M0007192,A00612,O20250214,2025,História,2025-01-09,30,concluida,44.5,
M0007193,A00612,O20250218,2025,Inglês,2025-03-22,0,Concluída,36.2,Instagram
M0007194,A00612,O20250210,2025,Matemática,2025-02-14,,Concluída,75.3,Indicação
M0007195,A00612,O20250216,2025,Português,02-09-2025,10,Concluída,74.2,Feira escolar
M0007196,A00612,O20250217,2025,Redação,2025-02-15,30,Concluída,62.7,Instagram
M0007197,A00613,O20220046,2022,Física,2022-01-06,,Ativa,57.6,
M0007198,A00613,O20220050,2022,Geografia,2022-02-15,,Concluída,86.1,Instagram
M0007199,A00613,O20220049,2022,História,2022-04-05,20,Concluída,82.2,
M0007200,A00613,O20220053,2022,Inglês,2022-02-10,0,Concluída,51.6,Google
M0007201,A00613,O20220045,2022,Matemática,2022-02-24,0,Concluída,92.3,Instagram
M0007202,A00613,O20220051,2022,Portugues,2022-04-21,30,Trancada,51.0,Feira escolar
M0007203,A00613,O20220047,2022,Química,2022-03-14,20,Concluída,41.1,Google
M0007204,A00613,O20220052,2022,Redação,2022-01-04,50,,34.4,
M0007205,A00614,O20240136,2024,Biologia,2024-04-04,0,Concluída,79.4,WhatsApp
M0007206,A00614,O20240142,2024,Filosofia,2024-03-01,10,Concluída,31.0,Indicação
M0007207,A00614,O20240138,2024,Geografia,2024-02-09,30,Concluída,63.1,Google
M0007208,A00614,O20240137,2024,Historia,2024-02-23,10,Ativa,73.8,Google
M0007209,A00614,O20240133,2024,Matemática,2024-04-22,25,Concluída,39.7,Google
M0007210,A00614,O20240139,2024,Português,2024-01-03,0,Concluída,72.2,Indicação
M0007211,A00614,O20240140,2024,Redacao,2024-01-18,0,Concluída,70.0,
M0007212,A00614,O20240143,2024,Sociologia,2024-03-14,20,Concluída,64.6,Google
M0007213,A00615,O20230098,2023,FILOSOFIA,2023-04-18,0,Cancelada,75.6,Feira escolar
M0007214,A00615,O20230094,2023,Geografia,2023-03-07,20,Concluída,84.6,
M0007215,A00615,O20230093,2023,História,2023-01-20,10,Concluída,48.9,
M0007216,A00615,O20230097,2023,Inglês,2023-02-05,25,Trancada,61.1,WhatsApp
M0007217,A00615,O20230089,2023,Matemática,2023-04-25,15,Concluída,59.0,Indicação
M0007218,A00615,O20230095,2023,Português,02-14-2023,,Ativa,66.0,Instagram
M0007219,A00615,O20230091,2023,Química,2023-04-01,20,Concluída,75.1,Instagram
M0007220,A00615,O20230096,2023,Redação,2023-03-17,0,Concluída,47.6,Instagram
M0007221,A00615,O20240158,2024,Biologia,2024-03-06,25,Concluída,49.8,
M0007222,A00615,O20240156,2024,Física,2024-01-27,10,Concluída,48.6,Google
M0007223,A00615,O20240163,2024,Inglês,2024-03-22,30,Concluída,75.6,Indicação
M0007224,A00615,O20240155,2024,MATEMÁTICA,2024-04-28,50,Concluída,62.4,WhatsApp
M0007225,A00615,O20240161,2024,Português,2024-03-07,,Concluída,42.0,Indicação
M0007226,A00615,O20240157,2024,Química,2024-01-02,50,Cancelada,68.9,Google
M0007227,A00615,O20240162,2024,Redação,2024-04-07,,Concluída,76.2,Google
M0007228,A00615,O20240165,2024,Sociologia,2024-04-28,10,Concluída,75.2,WhatsApp
M0007229,A00615,O20250186,2025,Filosofia,2025-04-25,0,Concluída,48.5,
M0007230,A00615,O20250182,2025,Geografia,2025-02-10,30,Concluída,33.6,Instagram
M0007231,A00615,O20250181,2025,História,2025-02-03,30,Concluída,49.0,
M0007232,A00615,O20250177,2025,Matemática,2025-02-15,20,Concluída,84.2,Google
M0007233,A00615,O20250183,2025,Português,2025-01-03,50,Ativa,43.8,Instagram
M0007234,A00615,O20250179,2025,Química,2025-04-28,20,Ativa,50.3,
M0007235,A00615,O20250184,2025,Redação,2025-03-01,50,Concluída,68.5,WhatsApp
M0007236,A00615,O20250187,2025,Sociologia,2025-04-04,20,Ativa,66.4,
M0007237,A00616,O20220059,2022,Biologia,2022-01-02,25,Concluída,35.9,WhatsApp
M0007238,A00616,O20220057,2022,Física,2022-04-09,50,Concluída,96.7,Instagram
M0007239,A00616,O20220056,2022,Matemática,2022-02-09,,Concluída,45.0,Google
M0007240,A00616,O20220062,2022,Português,2022-04-26,0,Cancelada,49.7,Feira escolar
M0007241,A00616,O20220058,2022,Química,2022-01-18,0,Concluída,46.1,Feira escolar
M0007242,A00616,O20220063,2022,Redação,2022-03-16,0,Ativa,60.9,Indicação
M0007243,A00617,O20230131,2023,Filosofia,2023-02-12,0,concluida,61.4,WhatsApp
M0007244,A00617,O20230123,2023,Física,2023-01-15,50,Concluída,59.1,Google
M0007245,A00617,O20230127,2023,Geografia,2023-03-03,20,Concluída,54.4,Instagram
M0007246,A00617,O20230126,2023,História,2023-04-02,0,Concluída,72.5,Indicação
M0007247,A00617,O20230122,2023,Matemática,2023-04-24,15,Concluída,70.8,Indicação
M0007248,A00617,O20230128,2023,Português,2023-03-21,30,Concluída,69.6,Indicação
M0007249,A00617,O20230129,2023,Redação,2023-04-11,15,Concluída,32.1,Google
M0007250,A00617,O20230132,2023,Sociologia,2023-03-16,20,Concluída,59.3,Indicação
M0007251,A00618,O20210004,2021,Biologia,2021-01-18,20,Concluída,67.8,Indicação
M0007252,A00618,O20210010,2021,Filosofia,2021-01-06,30,Trancada,56.3,Instagram
M0007253,A00618,O20210002,2021,Física,2021-02-08,25,Ativa,55.4,
M0007254,A00618,O20210006,2021,Geografia,2021-04-07,0,Concluída,29.0,Indicação
M0007255,A00618,O20210005,2021,História,2021-02-09,25,Concluída,35.4,
M0007256,A00618,O20210009,2021,Ingles,2021-03-20,10,Concluída,52.6,Google
M0007257,A00618,O20210001,2021,Mat.,2021-01-08,50,Concluída,41.4,Feira escolar
M0007258,A00618,O20210007,2021,Português,2021-02-05,50,Concluída,45.4,WhatsApp
M0007259,A00618,O20210003,2021,Química,2021-01-19,50,Concluída,42.8,Google
M0007260,A00618,O20210008,2021,Redação,2021-01-23,0,Ativa,61.0,WhatsApp
M0007261,A00618,O20210011,2021,Sociologia,2021-02-28,30,Concluída,70.4,WhatsApp
M0007262,A00619,O20240153,2024,Filosofia,2024-02-09,30,Concluída,61.4,Instagram
M0007263,A00619,O20240145,2024,FÍSICA,2024-04-03,0,Concluída,71.8,Feira escolar
M0007264,A00619,O20240148,2024,História,2024-03-26,25,concluida,53.6,Feira escolar
M0007265,A00619,O20240152,2024,Inglês,2024-02-03,20,Concluída,43.4,
M0007266,A00619,O20240144,2024,Matemática,2024-04-25,0,Ativa,68.7,
M0007267,A00619,O20240150,2024,Português,2024-04-03,30,Cancelada,53.3,Feira escolar
M0007268,A00619,O20240146,2024,Química,2024-04-16,15,Concluída,61.9,Google
M0007269,A00619,O20240151,2024,Redacao,2024-02-12,25,Ativa,49.8,Feira escolar
M0007270,A00619,O20240154,2024,Sociologia,2024-04-01,25,Concluída,44.9,
M0007271,A00620,O20250189,2025,Fisica,2025-04-26,25,Cancelada,56.8,Feira escolar
M0007272,A00620,O20250193,2025,GEOGRAFIA,2025-03-03,,Concluída,54.0,Indicação
M0007273,A00620,O20250196,2025,Inglês,2025-03-15,50,Ativa,59.1,Feira escolar
M0007274,A00620,O20250188,2025,Matemática,2025-03-25,20,Concluída,62.7,Indicação
M0007275,A00620,O20250194,2025,Português,2025-01-02,25,Ativa,50.5,Instagram
M0007276,A00620,O20250190,2025,Química,2025-04-16,25,Concluída,40.9,Indicação
M0007277,A00620,O20250195,2025,Redação,2025-02-27,30,Ativa,65.9,
M0007278,A00621,O20210004,2021,Biologia,2021-01-05,30,Concluída,69.7,Feira escolar
M0007279,A00621,O20210010,2021,Filosofia,2021-04-12,50,Concluída,54.0,Instagram
M0007280,A00621,O20210002,2021,Física,2021-01-11,50,Concluída,60.1,Indicação
M0007281,A00621,O20210006,2021,Geografia,2021-02-10,0,Ativa,55.3,Feira escolar
M0007282,A00621,O20210001,2021,Matemática,2021-03-19,,Ativa,59.1,Feira escolar
M0007283,A00621,O20210007,2021,Português,2021-03-14,30,concluida,56.9,Google
M0007284,A00621,O20210003,2021,Química,2021-02-08,0,Concluída,91.6,Indicação
M0007285,A00621,O20210008,2021,Redação,2021-02-25,15,Concluída,51.2,Feira escolar
M0007286,A00622,O20230090,2023,Física,03-17-2023,15,Trancada,54.2,Instagram
M0007287,A00622,O20230097,2023,Inglês,2023-02-20,50,Concluída,63.0,Feira escolar
M0007288,A00622,O20230089,2023,MATEMÁTICA,2023-02-03,20,,83.7,Google
M0007289,A00622,O20230095,2023,Português,2023-01-23,0,Ativa,70.4,Google
M0007290,A00622,O20230091,2023,Química,2023-03-23,0,Concluída,38.1,WhatsApp
M0007291,A00622,O20230096,2023,Redação,2023-01-03,0,Cancelada,88.5,Feira escolar
M0007292,A00622,O20230099,2023,Sociologia,2023-03-19,0,Concluída,67.0,Indicação
M0007293,A00623,O20230092,2023,Biologia,2023/01/14,,Concluída,71.8,WhatsApp
M0007294,A00623,O20230098,2023,Filosofia,2023-02-05,25,Concluída,54.1,Google
M0007295,A00623,O20230090,2023,Física,2023-01-05,0,concluida,58.2,Instagram
M0007296,A00623,O20230093,2023,História,2023-04-21,0,Cancelada,62.5,Feira escolar
M0007297,A00623,O20230097,2023,Inglês,2023-02-03,0,Ativa,63.4,WhatsApp
M0007298,A00623,O20230089,2023,Matemática,2023-02-03,10,Concluída,58.5,
M0007299,A00623,O20230095,2023,Português,2023-03-21,25,Concluída,62.3,Instagram
M0007300,A00623,O20230096,2023,Redação,2023-03-21,,Concluída,44.9,Instagram
M0007301,A00623,O20230099,2023,Sociologia,2023-02-08,20,Concluída,70.6,Instagram
M0007302,A00624,O20230098,2023,Filosofia,2023-01-11,25,Concluída,73.3,Google
M0007303,A00624,O20230094,2023,Geografia,2023-03-28,0,Cancelada,58.8,Indicação
M0007304,A00624,O20230093,2023,História,2023/03/09,15,Concluída,39.8,
M0007305,A00624,O20230097,2023,Inglês,2023-02-26,0,Concluída,64.4,Indicação
M0007306,A00624,O20230089,2023,Matemática,2023-02-25,15,Concluída,57.7,Feira escolar
M0007307,A00624,O20230095,2023,Português,2023-04-23,0,Concluída,43.1,Feira escolar
M0007308,A00624,O20230091,2023,Quimica,2023-04-21,15,Concluída,58.8,Feira escolar
M0007309,A00624,O20230096,2023,Redação,04-25-2023,15,Ativa,64.3,
M0007310,A00624,O20230099,2023,SOCIOLOGIA,2023-03-02,0,Concluída,41.2,Indicação
M0007311,A00624,O20240164,2024,Filosofia,2024-04-10,50,Concluída,44.8,
M0007312,A00624,O20240156,2024,Física,2024-02-15,0,,50.6,Feira escolar
M0007313,A00624,O20240160,2024,GEOGRAFIA,2024/02/26,0,Concluída,50.8,
M0007314,A00624,O20240159,2024,História,2024-01-23,50,Concluída,31.0,
M0007315,A00624,O20240163,2024,Inglês,2024-01-19,0,Concluída,67.9,
M0007316,A00624,O20240155,2024,Matemática,2024-02-13,15,Cancelada,75.8,Google
M0007317,A00624,O20240161,2024,Português,2024-01-10,20,Concluída,64.3,Instagram
M0007318,A00624,O20240157,2024,Química,2024-01-11,50,Concluída,57.1,Feira escolar
M0007319,A00624,O20240162,2024,Redação,2024-04-17,10,Concluída,52.5,WhatsApp
M0007320,A00624,O20240165,2024,Sociologia,2024-01-14,0,Ativa,66.3,Google
M0007321,A00624,O20250180,2025,Biologia,2025-03-24,20,Concluída,51.1,Indicação
M0007322,A00624,O20250186,2025,Filosofia,2025-01-28,0,Concluída,72.4,Indicação
M0007323,A00624,O20250178,2025,Física,2025-01-04,25,Concluída,52.7,Feira escolar
M0007324,A00624,O20250182,2025,Geografia,2025/04/14,20,Concluída,54.9,
M0007325,A00624,O20250185,2025,Inglês,2025-04-19,20,Concluída,51.4,WhatsApp
M0007326,A00624,O20250177,2025,Matemática,05/04/2025,20,Concluída,70.6,Feira escolar
M0007327,A00624,O20250183,2025,Português,2025-03-04,15,Concluída,68.1,Instagram
M0007328,A00624,O20250179,2025,Química,2025/02/03,0,Concluída,58.7,Feira escolar
M0007329,A00624,O20250184,2025,Redação,2025-01-09,15,Concluída,58.3,Instagram
M0007330,A00624,O20250187,2025,Sociologia,2025-02-10,15,Ativa,95.8,Feira escolar
M0007331,A00625,O20210004,2021,Biologia,2021-02-12,0,Concluída,44.4,Indicação
M0007332,A00625,O20210010,2021,Filosofia,2021-04-28,,Ativa,47.1,Instagram
M0007333,A00625,O20210002,2021,Física,01-15-2021,10,Concluída,67.5,Feira escolar
M0007334,A00625,O20210006,2021,Geografia,2021-02-06,50,Concluída,43.0,Google
M0007335,A00625,O20210009,2021,Inglês,2021-02-05,0,Concluída,62.5,Instagram
M0007336,A00625,O20210001,2021,Matemática,2021-02-23,20,Concluída,54.6,Instagram
M0007337,A00625,O20210007,2021,Português,2021-04-07,25,Concluída,32.1,Feira escolar
M0007338,A00625,O20210003,2021,Química,2021-03-28,,Concluída,54.5,
M0007339,A00625,O20210008,2021,Redação,2021-04-25,,Concluída,69.4,Feira escolar
M0007340,A00625,O20210011,2021,Sociologia,2021-02-23,50,Concluída,63.7,WhatsApp
M0007341,A00625,O20220068,2022,Física,2022-02-09,0,Concluída,66.4,
M0007342,A00625,O20220072,2022,Geografia,2022-01-21,10,Cancelada,45.2,Instagram
M0007343,A00625,O20220075,2022,Inglês,2022-03-05,0,Concluída,69.9,Indicação
M0007344,A00625,O20220067,2022,Matemática,2022-01-22,,Concluída,75.8,
M0007345,A00625,O20220073,2022,Português,2022-01-15,15,Concluída,58.7,Feira escolar
M0007346,A00625,O20220069,2022,Química,2022-01-11,30,Trancada,70.5,Google
M0007347,A00625,O20220074,2022,Redação,2022-01-24,15,Concluída,60.5,
M0007348,A00625,O20230094,2023,Geografia,2023-01-12,50,Concluída,72.9,
M0007349,A00625,O20230093,2023,História,2023-03-22,0,Ativa,41.3,
M0007350,A00625,O20230097,2023,Inglês,2023-02-28,0,Trancada,42.0,Feira escolar
M0007351,A00625,O20230089,2023,Matemática,2023-01-23,50,,74.4,Instagram
M0007352,A00625,O20230095,2023,Português,2023-02-15,30,Concluída,30.0,
M0007353,A00625,O20230096,2023,Redação,04-27-2023,,Concluída,78.6,Instagram
M0007354,A00625,O20230099,2023,Sociologia,04/04/2023,0,Concluída,64.2,
M0007355,A00626,O20250186,2025,Filosofia,2025-04-19,15,Concluída,44.5,WhatsApp
M0007356,A00626,O20250178,2025,Física,2025-02-08,15,Trancada,71.0,Instagram
M0007357,A00626,O20250182,2025,Geografia,2025-01-14,10,Concluída,47.8,Feira escolar
M0007358,A00626,O20250181,2025,História,2025-04-08,25,,56.3,WhatsApp
M0007359,A00626,O20250185,2025,Ingles,2025-04-23,50,Concluída,48.2,Feira escolar
M0007360,A00626,O20250177,2025,Matemática,2025-02-21,0,Concluída,42.2,Feira escolar
M0007361,A00626,O20250183,2025,Português,2025-02-04,0,concluida,42.7,WhatsApp
M0007362,A00626,O20250184,2025,Redacao,2025-02-07,0,Ativa,55.5,Instagram
M0007363,A00626,O20250187,2025,Sociologia,14/04/2025,0,Concluída,52.4,
M0007364,A00627,O20210021,2021,FILOSOFIA,2021-03-27,10,Ativa,60.4,Feira escolar
M0007365,A00627,O20210013,2021,Física,2021-03-01,0,Ativa,60.4,Indicação
M0007366,A00627,O20210017,2021,Geografia,2021-03-23,20,Concluída,49.8,
M0007367,A00627,O20210016,2021,História,2021-01-24,0,concluida,64.6,Google
M0007368,A00627,O20210020,2021,Inglês,2021-03-28,15,Concluída,66.7,WhatsApp
M0007369,A00627,O20210012,2021,Matemática,2021-01-12,,concluida,67.3,Instagram
M0007370,A00627,O20210018,2021,Português,2021-03-05,0,Ativa,74.8,
M0007371,A00627,O20210014,2021,Química,04-26-2021,20,Concluída,54.7,
M0007372,A00627,O20210019,2021,Redação,2021-01-26,0,Ativa,85.5,WhatsApp
M0007373,A00627,O20210022,2021,Sociologia,2021-02-10,30,Concluída,31.4,Instagram
M0007374,A00627,O20220048,2022,Biologia,2022/04/26,50,Concluída,67.5,Instagram
M0007375,A00627,O20220054,2022,Filosofia,2022-04-21,20,Concluída,60.6,Instagram
M0007376,A00627,O20220046,2022,Física,2022-02-12,10,Ativa,61.5,
M0007377,A00627,O20220050,2022,GEOGRAFIA,2022-04-13,30,Concluída,65.7,Indicação
M0007378,A00627,O20220049,2022,História,2022-04-15,10,Concluída,65.5,Indicação
M0007379,A00627,O20220053,2022,Inglês,2022-01-06,15,Cancelada,53.8,Google
M0007380,A00627,O20220045,2022,Matemática,2022-04-08,0,Concluída,59.2,Feira escolar
M0007381,A00627,O20220051,2022,Português,2022-01-26,0,Concluída,57.3,Feira escolar
M0007382,A00627,O20220047,2022,Química,2022-01-13,30,Concluída,64.8,WhatsApp
M0007383,A00627,O20220052,2022,Redação,2022-04-23,0,Concluída,49.3,
M0007384,A00627,O20220055,2022,Sociologia,2022-03-15,20,Concluída,74.0,
M0007385,A00627,O20230092,2023,Biologia,2023-04-05,,Concluída,31.7,WhatsApp
M0007386,A00627,O20230098,2023,Filosofia,2023-03-05,10,Concluída,45.3,Google
M0007387,A00627,O20230090,2023,Física,2023-04-10,30,Concluída,79.5,Feira escolar
M0007388,A00627,O20230093,2023,História,2023-02-14,15,Concluída,38.7,Google
M0007389,A00627,O20230097,2023,Inglês,2023/01/04,10,Concluída,61.9,Instagram
M0007390,A00627,O20230089,2023,Matemática,2023-01-01,0,Concluída,19.2,WhatsApp
M0007391,A00627,O20230095,2023,Português,2023-03-12,30,Ativa,79.4,Feira escolar
M0007392,A00627,O20230096,2023,Redação,2023-01-12,30,Concluída,68.6,Instagram
M0007393,A00628,O20240136,2024,Biologia,2024-02-05,,concluida,60.0,Instagram
M0007394,A00628,O20240142,2024,Filosofia,2024-01-27,0,Cancelada,80.9,
M0007395,A00628,O20240134,2024,Física,2024/01/03,15,Concluída,84.5,Indicação
M0007396,A00628,O20240137,2024,História,2024-02-05,15,Concluída,59.6,Instagram
M0007397,A00628,O20240141,2024,Inglês,2024-04-15,25,Cancelada,72.0,Feira escolar
M0007398,A00628,O20240133,2024,Matemática,2024-04-22,,Concluída,29.0,
M0007399,A00628,O20240139,2024,Português,2024-04-01,10,Concluída,51.8,Feira escolar
M0007400,A00628,O20240135,2024,Química,2024-03-14,0,Concluída,40.4,WhatsApp
M0007401,A00628,O20240140,2024,Redação,2024-02-18,30,Concluída,46.8,Google
M0007402,A00628,O20250180,2025,Biologia,2025-01-03,25,Concluída,51.7,Instagram
M0007403,A00628,O20250186,2025,Filosofia,2025-04-05,20,Ativa,62.6,Indicação
M0007404,A00628,O20250178,2025,Física,2025-02-03,0,Concluída,75.4,Feira escolar
M0007405,A00628,O20250182,2025,Geografia,2025-03-17,15,Ativa,46.1,Google
M0007406,A00628,O20250181,2025,História,2025-03-03,0,Concluída,68.9,WhatsApp
M0007407,A00628,O20250185,2025,Inglês,2025-03-18,10,Concluída,73.5,Google
M0007408,A00628,O20250177,2025,Matemática,2025-04-02,20,Ativa,68.4,Indicação
M0007409,A00628,O20250183,2025,Português,2025-03-28,0,Concluída,60.2,Google
M0007410,A00628,O20250179,2025,Química,2025-03-27,,Concluída,58.8,Instagram
M0007411,A00628,O20250184,2025,Redação,2025-04-21,25,Ativa,28.9,Google
M0007412,A00628,O20250187,2025,Sociologia,2025-02-17,0,Concluída,80.9,Indicação
M0007413,A00629,O20220059,2022,Biologia,2022-02-23,15,Concluída,44.1,Indicação
M0007414,A00629,O20220065,2022,Filosofia,2022-02-05,25,Concluída,61.9,WhatsApp
M0007415,A00629,O20220057,2022,Física,2022/04/06,50,Ativa,65.1,Google
M0007416,A00629,O20220061,2022,GEOGRAFIA,2022-03-07,0,Concluída,66.5,WhatsApp
M0007417,A00629,O20220060,2022,História,2022-01-13,20,Concluída,35.2,Indicação
M0007418,A00629,O20220064,2022,Inglês,2022-02-10,50,Cancelada,64.5,Google
M0007419,A00629,O20220056,2022,Matemática,2022-04-06,,Concluída,65.4,Feira escolar
M0007420,A00629,O20220062,2022,Português,2022-02-15,15,Concluída,69.9,Google
M0007421,A00629,O20220058,2022,Química,2022-02-27,15,Concluída,51.1,WhatsApp
M0007422,A00629,O20220063,2022,Redação,2022/02/14,15,Concluída,67.6,
M0007423,A00629,O20220066,2022,Sociologia,2022-01-22,50,Concluída,62.4,Instagram
M0007424,A00630,O20230103,2023,Biologia,2023-02-20,0,Ativa,48.4,Google
M0007425,A00630,O20230109,2023,Filosofia,2023-04-24,0,Concluída,49.5,
M0007426,A00630,O20230101,2023,Física,2023-01-28,0,Concluída,65.1,WhatsApp
M0007427,A00630,O20230104,2023,História,2023-02-20,50,Ativa,70.6,
M0007428,A00630,O20230100,2023,Matemática,2023-01-03,20,Ativa,56.8,Instagram
M0007429,A00630,O20230106,2023,Português,2023-03-18,25,Ativa,40.5,Indicação
M0007430,A00630,O20230102,2023,Química,2023-04-04,10,Concluída,51.7,Feira escolar
M0007431,A00630,O20230107,2023,Redação,2023/02/18,,Trancada,58.8,WhatsApp
M0007432,A00630,O20230110,2023,Sociologia,2023-04-07,0,Concluída,71.9,Google
M0007433,A00630,O20240147,2024,Biologia,2024-03-16,30,Concluída,79.5,Feira escolar
M0007434,A00630,O20240153,2024,Filosofia,2024-02-07,,Concluída,65.3,Google
M0007435,A00630,O20240145,2024,Física,2024-01-15,50,Concluída,60.2,Instagram
M0007436,A00630,O20240149,2024,Geografia,2024-04-19,15,Concluída,44.0,Google
M0007437,A00630,O20240148,2024,História,2024-04-04,0,Concluída,54.1,Google
M0007438,A00630,O20240152,2024,Inglês,2024-02-28,15,Ativa,60.6,Feira escolar
M0007439,A00630,O20240144,2024,Matemática,2024-01-13,10,Concluída,44.1,WhatsApp
M0007440,A00630,O20240150,2024,Português,2024-01-19,15,Concluída,49.9,
M0007441,A00630,O20240151,2024,Redação,2024-02-22,30,Ativa,71.7,Indicação
M0007442,A00630,O20240154,2024,Sociologia,2024-03-26,25,Ativa,56.3,WhatsApp
M0007443,A00631,O20230109,2023,Filosofia,2023-03-27,20,Concluída,50.8,
M0007444,A00631,O20230101,2023,Física,2023-01-06,0,Ativa,59.5,WhatsApp
M0007445,A00631,O20230105,2023,Geografia,2023-04-23,,Ativa,66.2,
M0007446,A00631,O20230108,2023,Inglês,2023-01-27,0,Ativa,54.0,Indicação
M0007447,A00631,O20230100,2023,Matemática,2023-04-09,30,Concluída,65.9,Feira escolar
M0007448,A00631,O20230106,2023,Português,2023-03-17,0,Ativa,51.8,
M0007449,A00631,O20230107,2023,Redação,2023-04-19,0,Ativa,53.0,
M0007450,A00631,O20230110,2023,Sociologia,2023-04-13,0,Concluída,64.1,WhatsApp
M0007451,A00632,O20250213,2025,Biologia,2025-01-09,15,Concluída,69.9,Google
M0007452,A00632,O20250211,2025,Física,2025-01-19,,Concluída,54.9,Feira escolar
M0007453,A00632,O20250215,2025,Geografia,2025-02-22,30,Concluída,55.4,
M0007454,A00632,O20250214,2025,História,2025-02-22,0,Ativa,61.6,
M0007455,A00632,O20250218,2025,Inglês,2025-02-14,25,Concluída,68.6,
M0007456,A00632,O20250210,2025,Matemática,2025-03-20,10,Concluída,62.7,Google
M0007457,A00632,O20250216,2025,Português,2025-03-05,20,Concluída,67.7,Instagram
M0007458,A00632,O20250212,2025,Química,2025-03-27,0,Concluída,30.5,Google
M0007459,A00632,O20250217,2025,Redação,2025-01-19,50,Ativa,65.2,Instagram
M0007460,A00633,O20240136,2024,Biologia,2024-03-07,0,Concluída,76.3,WhatsApp
M0007461,A00633,O20240142,2024,Filosofia,2024-03-26,20,concluida,68.0,Instagram
M0007462,A00633,O20240134,2024,Física,2024-01-08,0,Ativa,45.7,Google
M0007463,A00633,O20240138,2024,Geografia,2024-01-14,30,Concluída,72.8,Indicação
M0007464,A00633,O20240137,2024,História,2024-04-06,10,Concluída,51.9,Google
M0007465,A00633,O20240141,2024,Inglês,2024-04-27,15,Concluída,80.3,Instagram
M0007466,A00633,O20240133,2024,Matemática,2024-02-27,0,Trancada,66.3,Feira escolar
M0007467,A00633,O20240139,2024,Português,2024-03-23,0,Ativa,43.2,Feira escolar
M0007468,A00633,O20240135,2024,Química,2024-02-15,15,Concluída,57.7,Feira escolar
M0007469,A00633,O20240140,2024,Redação,2024-04-21,0,Concluída,78.2,
M0007470,A00633,O20240143,2024,Sociologia,2024-03-09,25,Ativa,63.7,
M0007471,A00634,O20220048,2022,Biologia,2022-02-17,15,Concluída,62.6,Feira escolar
M0007472,A00634,O20220054,2022,FILOSOFIA,2022-01-02,0,Concluída,83.3,Indicação
M0007473,A00634,O20220046,2022,Física,2022-01-06,20,Concluída,73.8,Feira escolar
M0007474,A00634,O20220050,2022,Geografia,2022-02-12,,Concluída,74.3,
M0007475,A00634,O20220045,2022,Matemática,2022-04-01,,Concluída,40.7,
M0007476,A00634,O20220051,2022,Português,2022-03-09,25,Concluída,42.6,WhatsApp
M0007477,A00634,O20220052,2022,Redação,2022-02-10,50,Concluída,39.9,
M0007478,A00634,O20220055,2022,SOCIOLOGIA,24/01/2022,,Ativa,95.4,
M0007479,A00635,O20250180,2025,Biologia,2025-02-22,20,Concluída,81.0,Feira escolar
M0007480,A00635,O20250178,2025,Física,2025/02/25,30,Concluída,43.8,Indicação
M0007481,A00635,O20250182,2025,GEOGRAFIA,2025-03-02,30,Concluída,47.7,
M0007482,A00635,O20250181,2025,História,2025-04-16,30,Concluída,81.4,Feira escolar
M0007483,A00635,O20250185,2025,Inglês,2025-03-28,0,Concluída,54.2,Feira escolar
M0007484,A00635,O20250177,2025,Matemática,2025-01-11,30,Concluída,88.6,Feira escolar
M0007485,A00635,O20250183,2025,Português,2025-04-20,30,Concluída,72.2,WhatsApp
M0007486,A00635,O20250179,2025,Química,25/02/2025,15,Ativa,41.3,Indicação
M0007487,A00635,O20250184,2025,Redação,2025-02-13,0,Ativa,40.0,Google
M0007488,A00635,O20250187,2025,Sociologia,2025-03-04,10,Concluída,62.9,WhatsApp
M0007489,A00636,O20210015,2021,Biologia,2021-04-23,25,Concluída,70.0,
M0007490,A00636,O20210021,2021,Filosofia,2021-03-05,50,Concluída,61.4,
M0007491,A00636,O20210013,2021,Física,2021-02-05,,Concluída,59.2,
M0007492,A00636,O20210017,2021,Geografia,2021-04-03,,Concluída,66.1,Instagram
M0007493,A00636,O20210016,2021,História,2021-01-22,0,concluida,64.6,WhatsApp
M0007494,A00636,O20210020,2021,Inglês,2021-04-19,50,Trancada,53.1,Instagram
M0007495,A00636,O20210012,2021,Matemática,2021-03-17,0,Ativa,32.4,Google
M0007496,A00636,O20210018,2021,Português,2021-02-20,0,Ativa,54.6,
M0007497,A00636,O20210014,2021,Química,2021-02-06,50,Concluída,66.7,WhatsApp
M0007498,A00636,O20210019,2021,Redação,04-09-2021,0,Concluída,58.8,Feira escolar
M0007499,A00636,O20210022,2021,SOCIOLOGIA,2021-03-06,0,Concluída,44.2,Google
M0007500,A00636,O20220059,2022,Biologia,2022-01-16,30,Cancelada,75.5,Instagram
M0007501,A00636,O20220065,2022,Filosofia,2022-01-12,25,Ativa,52.2,Feira escolar
M0007502,A00636,O20220060,2022,História,2022-01-10,20,Concluída,45.6,
M0007503,A00636,O20220064,2022,Inglês,2022-03-15,50,Concluída,49.0,Feira escolar
M0007504,A00636,O20220056,2022,Matemática,2022-03-07,30,Concluída,44.0,
M0007505,A00636,O20220062,2022,Português,2022-03-12,0,Concluída,62.4,Google
M0007506,A00636,O20220063,2022,Redação,2022-01-01,0,Concluída,18.8,Google
M0007507,A00637,O20220081,2022,Biologia,2022-03-09,10,Concluída,30.9,
M0007508,A00637,O20220087,2022,Filosofia,2022-04-23,0,Concluída,84.0,Google
M0007509,A00637,O20220083,2022,Geografia,07/03/2022,50,Concluída,67.7,Feira escolar
M0007510,A00637,O20220082,2022,História,2022-03-02,25,Concluída,57.7,
M0007511,A00637,O20220086,2022,Inglês,2022-03-05,0,Concluída,78.7,WhatsApp
M0007512,A00637,O20220078,2022,Matemática,01-24-2022,0,Trancada,65.3,Feira escolar
M0007513,A00637,O20220084,2022,Português,2022-04-21,,Concluída,57.4,Google
M0007514,A00637,O20220080,2022,Química,2022-03-27,10,concluida,54.3,Instagram
M0007515,A00637,O20220085,2022,Redação,2022-04-19,0,Concluída,78.8,Google
M0007516,A00637,O20220088,2022,Sociologia,2022-02-13,10,Concluída,62.7,Indicação
M0007517,A00638,O20240147,2024,Biologia,2024-04-07,0,Concluída,63.9,Feira escolar
M0007518,A00638,O20240153,2024,Filosofia,2024-03-24,,Concluída,62.0,Instagram
M0007519,A00638,O20240149,2024,Geografia,2024-04-14,0,Ativa,75.8,Feira escolar
M0007520,A00638,O20240148,2024,História,2024-02-14,25,Trancada,74.4,Google
M0007521,A00638,O20240152,2024,Inglês,2024-02-12,25,Concluída,35.3,Feira escolar
M0007522,A00638,O20240144,2024,Matemática,2024-03-03,0,Concluída,39.5,WhatsApp
M0007523,A00638,O20240150,2024,Português,2024-03-09,,Cancelada,74.0,
M0007524,A00638,O20240151,2024,Redação,2024-01-12,50,Trancada,58.7,WhatsApp
M0007525,A00639,O20250191,2025,Biologia,2025-01-10,0,Trancada,58.6,Indicação
M0007526,A00639,O20250197,2025,Filosofia,2025-01-25,0,Cancelada,78.6,Instagram
M0007527,A00639,O20250189,2025,Física,2025-03-02,25,Concluída,71.2,Instagram
M0007528,A00639,O20250193,2025,Geografia,2025-02-17,,Ativa,53.1,
M0007529,A00639,O20250192,2025,História,2025-01-11,30,Concluída,43.7,Instagram
M0007530,A00639,O20250196,2025,Inglês,2025-01-26,15,Cancelada,39.8,WhatsApp
M0007531,A00639,O20250188,2025,Matemática,2025-01-22,50,Cancelada,38.6,Feira escolar
M0007532,A00639,O20250194,2025,Português,2025-04-24,0,concluida,67.1,Indicação
M0007533,A00639,O20250190,2025,Química,2025-02-02,0,Concluída,66.7,WhatsApp
M0007534,A00639,O20250195,2025,Redação,2025-04-08,30,Concluída,36.9,Feira escolar
M0007535,A00639,O20250198,2025,Sociologia,2025-01-09,0,Concluída,42.8,Google
M0007536,A00640,O20240158,2024,Biologia,2024-04-07,25,Concluída,72.1,Instagram
M0007537,A00640,O20240160,2024,Geografia,2024-02-09,20,Ativa,53.8,Indicação
M0007538,A00640,O20240159,2024,História,2024-04-25,,Concluída,51.3,Feira escolar
M0007539,A00640,O20240163,2024,Inglês,2024-04-03,0,Ativa,67.4,Google
M0007540,A00640,O20240155,2024,Matemática,2024-04-11,50,Concluída,49.7,Google
M0007541,A00640,O20240161,2024,Portugues,2024-03-17,0,Concluída,48.4,WhatsApp
M0007542,A00640,O20240157,2024,Química,2024-01-15,0,Concluída,42.1,Google
M0007543,A00640,O20240162,2024,Redação,2024/01/03,0,,62.5,WhatsApp
M0007544,A00640,O20240165,2024,Sociologia,27/01/2024,0,Ativa,61.4,Google
M0007545,A00641,O20240169,2024,Biologia,2024-02-03,30,Concluída,53.3,
M0007546,A00641,O20240175,2024,FILOSOFIA,2024-03-14,,Concluída,44.5,
M0007547,A00641,O20240167,2024,Física,2024-01-21,0,Concluída,53.1,Feira escolar
M0007548,A00641,O20240171,2024,Geografia,2024-01-05,,Trancada,63.5,
M0007549,A00641,O20240170,2024,História,15/03/2024,0,Ativa,68.2,Google
M0007550,A00641,O20240174,2024,Inglês,2024-02-07,0,Concluída,74.0,
M0007551,A00641,O20240166,2024,Matemática,2024/03/14,0,Concluída,78.0,WhatsApp
M0007552,A00641,O20240172,2024,Português,2024-03-04,25,Concluída,37.2,Google
M0007553,A00641,O20240173,2024,Redação,2024/04/22,0,Concluída,56.8,Feira escolar
M0007554,A00641,O20240176,2024,Sociologia,2024-01-21,30,Concluída,63.5,Indicação
M0007555,A00641,O20250202,2025,Biologia,2025-03-21,15,Concluída,42.8,Feira escolar
M0007556,A00641,O20250208,2025,Filosofia,2025-04-04,10,Concluída,46.1,Feira escolar
M0007557,A00641,O20250200,2025,Física,2025-03-10,50,Concluída,67.2,WhatsApp
M0007558,A00641,O20250203,2025,História,2025-01-14,0,Concluída,54.8,Google
M0007559,A00641,O20250199,2025,Matemática,2025-03-21,25,Concluída,63.2,Google
M0007560,A00641,O20250205,2025,Português,2025-04-27,50,Ativa,48.6,WhatsApp
M0007561,A00641,O20250206,2025,Redação,2025-04-04,50,concluida,72.4,Google
M0007562,A00641,O20250209,2025,Sociologia,2025-02-21,10,Ativa,62.3,
M0007563,A00642,O20230103,2023,Biologia,04-17-2023,0,Cancelada,37.8,Indicação
M0007564,A00642,O20230109,2023,Filosofia,2023-03-13,30,Concluída,70.6,Indicação
M0007565,A00642,O20230101,2023,FÍSICA,2023-04-18,,Concluída,56.9,Indicação
M0007566,A00642,O20230105,2023,Geografia,2023-04-21,10,Concluída,30.8,Indicação
M0007567,A00642,O20230104,2023,História,2023-02-22,30,Concluída,31.8,
M0007568,A00642,O20230108,2023,Inglês,2023-02-24,50,Concluída,58.0,Instagram
M0007569,A00642,O20230100,2023,Matemática,2023-02-21,30,Concluída,76.7,Google
M0007570,A00642,O20230106,2023,Português,2023-03-13,50,Concluída,84.7,Indicação
M0007571,A00642,O20230102,2023,Química,2023-02-22,25,Concluída,57.2,Instagram
M0007572,A00642,O20230107,2023,Redação,2023/01/07,10,Ativa,67.3,Instagram
M0007573,A00642,O20230110,2023,Sociologia,2023/02/04,30,,52.7,
M0007574,A00642,O20240158,2024,Biologia,2024-02-24,20,Concluída,48.5,
M0007575,A00642,O20240164,2024,Filosofia,2024-02-25,30,Trancada,61.7,Feira escolar
M0007576,A00642,O20240156,2024,Física,2024-03-18,15,Concluída,49.8,Instagram
M0007577,A00642,O20240160,2024,Geografia,2024-01-03,30,Concluída,54.1,
M0007578,A00642,O20240159,2024,História,2024-01-27,0,Concluída,42.3,Feira escolar
M0007579,A00642,O20240163,2024,Inglês,2024-03-07,30,Concluída,45.1,Google
M0007580,A00642,O20240155,2024,Matemática,2024-02-08,20,concluida,60.6,WhatsApp
M0007581,A00642,O20240161,2024,Português,2024-01-03,50,Concluída,44.6,Instagram
M0007582,A00642,O20240157,2024,Química,2024-02-06,0,concluida,58.1,Instagram
M0007583,A00642,O20240162,2024,Redação,2024-01-13,50,Concluída,36.9,Indicação
M0007584,A00642,O20240165,2024,Sociologia,2024-03-14,,Concluída,84.2,Instagram
M0007585,A00643,O20230114,2023,Biologia,2023-02-09,10,concluida,49.1,WhatsApp
M0007586,A00643,O20230120,2023,Filosofia,2023-02-23,0,Ativa,40.5,WhatsApp
M0007587,A00643,O20230112,2023,Física,2023-03-09,15,Concluída,52.3,Instagram
M0007588,A00643,O20230116,2023,Geografia,2023-04-26,30,Cancelada,39.2,WhatsApp
M0007589,A00643,O20230119,2023,Inglês,2023-03-25,0,Concluída,62.6,Instagram
M0007590,A00643,O20230111,2023,Matemática,2023-03-23,30,Concluída,51.2,Feira escolar
M0007591,A00643,O20230117,2023,Português,2023-02-24,15,concluida,40.7,WhatsApp
M0007592,A00643,O20230118,2023,Redação,2023-01-16,50,Concluída,31.1,Instagram
M0007593,A00643,O20230121,2023,Sociologia,2023-02-02,0,Concluída,29.6,Google
M0007594,A00644,O20250191,2025,Biologia,2025-03-13,0,Concluída,60.7,WhatsApp
M0007595,A00644,O20250197,2025,Filosofia,2025-01-24,20,Concluída,66.0,Instagram
M0007596,A00644,O20250189,2025,Física,2025-04-08,,Concluída,55.8,Feira escolar
M0007597,A00644,O20250192,2025,História,2025-02-01,20,Concluída,52.7,Instagram
M0007598,A00644,O20250196,2025,Inglês,2025-02-28,10,Cancelada,43.4,WhatsApp
M0007599,A00644,O20250188,2025,Matemática,2025-02-10,50,Concluída,79.9,WhatsApp
M0007600,A00644,O20250194,2025,PORTUGUÊS,2025-04-15,15,Concluída,67.7,Feira escolar
M0007601,A00644,O20250190,2025,Química,2025/03/08,0,concluida,51.3,WhatsApp
M0007602,A00644,O20250195,2025,Redação,2025-02-08,0,Ativa,74.4,WhatsApp
M0007603,A00645,O20250208,2025,Filosofia,2025-02-11,50,Ativa,68.9,Google
M0007604,A00645,O20250200,2025,Física,2025-02-08,15,Concluída,40.1,Instagram
M0007605,A00645,O20250204,2025,Geografia,2025-04-11,25,Concluída,55.1,Feira escolar
M0007606,A00645,O20250203,2025,História,2025-01-19,0,Concluída,55.0,Google
M0007607,A00645,O20250207,2025,Inglês,2025-04-04,25,Concluída,53.7,
M0007608,A00645,O20250199,2025,Matemática,13/01/2025,50,Concluída,68.3,Indicação
M0007609,A00645,O20250205,2025,Português,2025-01-17,10,Concluída,65.5,WhatsApp
M0007610,A00645,O20250201,2025,Química,2025-03-12,10,Concluída,84.2,Instagram
M0007611,A00645,O20250206,2025,Redação,2025-02-05,20,,37.9,Indicação
M0007612,A00645,O20250209,2025,Sociologia,09/01/2025,25,concluida,51.4,Instagram
M0007613,A00646,O20230120,2023,Filosofia,12/02/2023,15,Ativa,53.5,WhatsApp
M0007614,A00646,O20230116,2023,Geografia,2023-04-16,10,Trancada,71.4,Indicação
M0007615,A00646,O20230119,2023,Inglês,2023-01-14,20,Concluída,73.6,Feira escolar
M0007616,A00646,O20230111,2023,Mat.,2023-03-18,20,Concluída,24.8,Indicação
M0007617,A00646,O20230117,2023,Português,2023-01-17,25,Concluída,80.5,Feira escolar
M0007618,A00646,O20230118,2023,Redação,2023-03-26,0,Concluída,60.4,WhatsApp
M0007619,A00646,O20240158,2024,Biologia,2024-01-26,10,Ativa,32.7,Indicação
M0007620,A00646,O20240164,2024,Filosofia,2024-02-06,25,Concluída,61.1,Indicação
M0007621,A00646,O20240156,2024,Física,2024-02-07,10,Trancada,77.6,WhatsApp
M0007622,A00646,O20240160,2024,Geografia,2024-04-06,0,Concluída,53.2,WhatsApp
M0007623,A00646,O20240159,2024,História,2024-01-24,0,Concluída,61.1,Instagram
M0007624,A00646,O20240163,2024,Inglês,2024-03-18,0,Concluída,34.3,
M0007625,A00646,O20240155,2024,Matemática,2024-02-25,30,concluida,96.7,Instagram
M0007626,A00646,O20240161,2024,Português,2024-04-26,30,Trancada,56.9,Indicação
M0007627,A00646,O20240157,2024,Química,2024-02-21,0,Concluída,73.2,
M0007628,A00646,O20240162,2024,Redação,2024-01-02,0,Trancada,47.5,
M0007629,A00647,O20240156,2024,Física,2024-04-21,30,concluida,73.7,Feira escolar
M0007630,A00647,O20240159,2024,Historia,2024-01-09,15,Concluída,35.3,
M0007631,A00647,O20240163,2024,Inglês,2024-03-11,15,concluida,76.9,WhatsApp
M0007632,A00647,O20240155,2024,Matemática,2024-02-21,10,Concluída,45.1,Indicação
M0007633,A00647,O20240161,2024,Português,2024-04-18,30,Concluída,64.4,WhatsApp
M0007634,A00647,O20240162,2024,Redação,2024-01-26,25,Ativa,67.0,Google
M0007635,A00647,O20240165,2024,SOCIOLOGIA,2024-04-11,50,Ativa,58.5,Indicação
M0007636,A00647,O20250213,2025,Biologia,2025/04/04,30,Concluída,58.0,
M0007637,A00647,O20250219,2025,Filosofia,2025/03/01,50,Ativa,73.6,
M0007638,A00647,O20250211,2025,Física,2025-04-26,0,Concluída,73.5,Feira escolar
M0007639,A00647,O20250215,2025,Geografia,2025-04-04,0,Concluída,50.9,Instagram
M0007640,A00647,O20250214,2025,História,02/03/2025,50,Concluída,72.4,WhatsApp
M0007641,A00647,O20250218,2025,Inglês,2025-01-20,15,Concluída,59.0,Google
M0007642,A00647,O20250210,2025,Matemática,2025-04-21,0,Concluída,45.2,Indicação
M0007643,A00647,O20250216,2025,Português,2025-01-25,30,Ativa,58.8,Instagram
M0007644,A00647,O20250212,2025,QUÍMICA,2025/02/02,20,Concluída,57.3,WhatsApp
M0007645,A00647,O20250217,2025,Redação,2025-01-26,50,Concluída,33.2,
M0007646,A00648,O20210004,2021,Biologia,2021-03-12,0,Ativa,50.6,Indicação
M0007647,A00648,O20210002,2021,FÍSICA,2021-03-11,0,,56.5,WhatsApp
M0007648,A00648,O20210006,2021,Geografia,2021-02-27,30,Concluída,90.2,Indicação
M0007649,A00648,O20210009,2021,Inglês,2021-04-20,,Concluída,56.9,Feira escolar
M0007650,A00648,O20210001,2021,Matemática,2021-01-21,,Concluída,85.6,Feira escolar
M0007651,A00648,O20210007,2021,PORTUGUÊS,2021-02-23,20,Concluída,82.8,Google
M0007652,A00648,O20210003,2021,Quimica,2021-01-07,0,Concluída,57.5,Instagram
M0007653,A00648,O20210008,2021,Redação,2021-03-06,20,Cancelada,69.4,Feira escolar
M0007654,A00649,O20240153,2024,Filosofia,2024-01-16,20,Cancelada,55.7,Instagram
M0007655,A00649,O20240145,2024,Física,2024-02-13,,Ativa,62.4,Feira escolar
M0007656,A00649,O20240148,2024,Historia,2024-02-22,10,Concluída,59.6,Google
M0007657,A00649,O20240152,2024,Inglês,28/03/2024,50,Concluída,78.2,
M0007658,A00649,O20240144,2024,Matemática,2024-04-08,10,Ativa,37.2,Indicação
M0007659,A00649,O20240150,2024,Português,2024-02-02,25,Concluída,81.4,
M0007660,A00649,O20240146,2024,Química,2024-02-06,0,Ativa,63.2,Google
M0007661,A00649,O20240151,2024,Redação,2024-01-17,10,Concluída,69.6,Google
M0007662,A00649,O20240154,2024,Sociologia,2024-04-14,10,Concluída,32.9,Instagram
M0007663,A00649,O20250180,2025,Biologia,2025-03-14,30,concluida,36.2,Feira escolar
M0007664,A00649,O20250178,2025,Física,2025-03-23,0,Concluída,45.8,Indicação
M0007665,A00649,O20250182,2025,Geografia,2025-03-07,0,Ativa,55.9,Instagram
M0007666,A00649,O20250181,2025,História,2025-02-14,30,Concluída,54.3,WhatsApp
M0007667,A00649,O20250185,2025,Inglês,2025-04-04,20,Concluída,42.8,Feira escolar
M0007668,A00649,O20250177,2025,Matemática,2025-01-17,25,Ativa,73.1,Feira escolar
M0007669,A00649,O20250183,2025,Português,2025-02-14,30,,48.9,Indicação
M0007670,A00649,O20250179,2025,Química,2025-04-02,0,Concluída,60.1,WhatsApp
M0007671,A00649,O20250184,2025,Redação,2025-01-27,0,Concluída,77.8,
M0007672,A00649,O20250187,2025,Sociologia,2025-02-23,10,Ativa,63.4,WhatsApp
M0007673,A00650,O20220076,2022,Filosofia,2022-03-10,50,Ativa,62.1,Google
M0007674,A00650,O20220068,2022,Física,2022-02-15,0,Concluída,44.0,Instagram
M0007675,A00650,O20220071,2022,História,2022-04-18,20,Concluída,70.3,Indicação
M0007676,A00650,O20220075,2022,Inglês,2022-02-17,10,Concluída,60.7,
M0007677,A00650,O20220067,2022,Matemática,2022-02-02,15,Concluída,68.8,Indicação
M0007678,A00650,O20220073,2022,Português,2022-04-26,30,Ativa,50.5,Google
M0007679,A00650,O20220069,2022,Química,2022-03-11,30,Concluída,39.6,Instagram
M0007680,A00650,O20220074,2022,Redação,2022-01-06,15,Concluída,64.0,WhatsApp
M0007681,A00650,O20220077,2022,Sociologia,2022-03-23,25,concluida,61.1,WhatsApp
M0007682,A00650,O20230114,2023,Biologia,2023-02-23,15,Concluída,80.9,Instagram
M0007683,A00650,O20230120,2023,Filosofia,2023-03-06,10,Concluída,63.1,Google
M0007684,A00650,O20230112,2023,Física,2023-02-08,25,Ativa,44.0,Indicação
M0007685,A00650,O20230116,2023,Geografia,2023-02-21,30,Concluída,51.1,Google
M0007686,A00650,O20230115,2023,História,2023-04-02,10,Concluída,46.5,Indicação
M0007687,A00650,O20230119,2023,Inglês,2023-02-24,0,Concluída,52.4,Feira escolar
M0007688,A00650,O20230111,2023,Matemática,2023-04-17,50,Trancada,60.9,Indicação
M0007689,A00650,O20230117,2023,Português,2023-02-13,10,Ativa,59.4,WhatsApp
M0007690,A00650,O20230113,2023,Química,2023-04-15,0,Concluída,74.7,Feira escolar
M0007691,A00650,O20230118,2023,Redação,03-04-2023,15,Ativa,57.0,Google
M0007692,A00650,O20230121,2023,Sociologia,2023-01-24,0,Cancelada,61.2,Google
M0007693,A00651,O20220048,2022,Biologia,2022-04-28,30,Concluída,47.5,Instagram
M0007694,A00651,O20220054,2022,Filosofia,12/01/2022,0,Concluída,19.2,Feira escolar
M0007695,A00651,O20220046,2022,Física,2022-03-17,0,Concluída,51.4,Feira escolar
M0007696,A00651,O20220050,2022,Geografia,2022-01-16,20,Concluída,34.0,WhatsApp
M0007697,A00651,O20220049,2022,História,2022-02-22,30,Concluída,59.2,Instagram
M0007698,A00651,O20220053,2022,Inglês,2022-03-09,0,Concluída,50.0,Instagram
M0007699,A00651,O20220045,2022,Matemática,2022-01-22,30,Concluída,51.4,Feira escolar
M0007700,A00651,O20220051,2022,Português,2022-01-13,30,Concluída,45.6,
M0007701,A00651,O20220047,2022,Química,2022-04-15,50,concluida,81.5,Instagram
M0007702,A00651,O20220052,2022,Redação,2022-04-24,30,Concluída,37.6,Google
M0007703,A00652,O20210004,2021,Biologia,2021-04-05,30,Ativa,66.1,Indicação
M0007704,A00652,O20210010,2021,FILOSOFIA,2021-03-13,25,Concluída,57.5,
M0007705,A00652,O20210002,2021,Física,2021-01-27,0,Ativa,55.9,Indicação
M0007706,A00652,O20210006,2021,Geografia,2021-03-21,0,Concluída,67.8,WhatsApp
M0007707,A00652,O20210009,2021,Inglês,2021-02-15,50,Concluída,94.1,Google
M0007708,A00652,O20210001,2021,Matemática,2021-03-13,10,concluida,48.3,Feira escolar
M0007709,A00652,O20210007,2021,Português,2021-04-01,0,Cancelada,49.5,Indicação
M0007710,A00652,O20210003,2021,Química,2021-01-18,0,Concluída,55.6,Indicação
M0007711,A00652,O20210008,2021,Redação,01/03/2021,50,Concluída,46.8,Google
M0007712,A00653,O20240169,2024,BIOLOGIA,2024-01-12,10,Concluída,81.9,Instagram
M0007713,A00653,O20240175,2024,Filosofia,2024-02-21,50,Ativa,57.4,Indicação
M0007714,A00653,O20240167,2024,Física,2024-01-11,,Ativa,57.9,Indicação
M0007715,A00653,O20240171,2024,Geografia,2024-01-07,0,Concluída,43.0,Feira escolar
M0007716,A00653,O20240170,2024,História,2024-01-13,0,Concluída,67.7,Feira escolar
M0007717,A00653,O20240174,2024,Inglês,2024-02-18,25,Concluída,69.0,Google
M0007718,A00653,O20240166,2024,Matemática,2024-02-27,20,Concluída,69.4,Google
M0007719,A00653,O20240172,2024,Português,2024-01-16,25,Concluída,72.9,Feira escolar
M0007720,A00653,O20240173,2024,Redação,2024-01-04,0,Ativa,72.8,Google
M0007721,A00653,O20240176,2024,Sociologia,2024/03/15,10,Concluída,56.7,Feira escolar
M0007722,A00654,O20220070,2022,Biologia,2022-01-16,0,Concluída,56.9,Indicação
M0007723,A00654,O20220068,2022,Física,2022-04-07,50,Concluída,42.9,
M0007724,A00654,O20220072,2022,Geografia,2022-03-23,15,,62.4,Indicação
M0007725,A00654,O20220075,2022,Inglês,2022-01-18,25,Concluída,74.1,
M0007726,A00654,O20220067,2022,Matemática,2022/04/06,0,Concluída,63.1,Google
M0007727,A00654,O20220073,2022,Português,2022-04-22,50,Cancelada,81.5,Indicação
M0007728,A00654,O20220069,2022,Química,2022-03-05,25,Trancada,62.3,Indicação
M0007729,A00654,O20220074,2022,Redação,2022-04-14,50,Concluída,55.4,Google
M0007730,A00654,O20220077,2022,Sociologia,2022-03-18,20,Concluída,61.9,
M0007731,A00654,O20230092,2023,Biologia,2023-03-14,0,Cancelada,53.3,Instagram
M0007732,A00654,O20230094,2023,Geografia,2023-01-18,20,Ativa,78.7,
M0007733,A00654,O20230093,2023,História,2023-04-08,10,Concluída,74.0,WhatsApp
M0007734,A00654,O20230097,2023,Inglês,2023-04-23,50,Concluída,43.6,Indicação
M0007735,A00654,O20230089,2023,Matemática,2023-03-13,,Concluída,62.7,Feira escolar
M0007736,A00654,O20230095,2023,Português,2023-02-01,25,Concluída,80.1,Instagram
M0007737,A00654,O20230091,2023,Química,2023-02-02,0,Ativa,54.7,
M0007738,A00654,O20230096,2023,Redação,2023-02-08,,Concluída,45.1,Indicação
M0007739,A00654,O20230099,2023,SOCIOLOGIA,2023-01-16,0,Concluída,61.3,Indicação
M0007740,A00655,O20250180,2025,BIOLOGIA,2025-02-26,0,Concluída,30.7,Feira escolar
M0007741,A00655,O20250182,2025,Geografia,2025-04-18,15,Ativa,33.1,
M0007742,A00655,O20250181,2025,História,2025-02-20,25,Concluída,77.5,Indicação
M0007743,A00655,O20250185,2025,Inglês,2025-03-11,,Ativa,41.9,Instagram
M0007744,A00655,O20250177,2025,Matemática,2025-01-17,0,Concluída,39.7,Indicação
M0007745,A00655,O20250183,2025,Português,2025-03-22,,Cancelada,46.3,
M0007746,A00655,O20250179,2025,QUÍMICA,2025-02-15,,Concluída,52.9,Google
M0007747,A00655,O20250184,2025,Redação,2025-03-24,0,Cancelada,60.6,Instagram
M0007748,A00655,O20250187,2025,Sociologia,2025-03-24,0,Concluída,66.5,WhatsApp
M0007749,A00656,O20250180,2025,BIOLOGIA,2025-04-25,10,Concluída,46.6,WhatsApp
M0007750,A00656,O20250186,2025,Filosofia,2025-02-15,30,Concluída,61.1,WhatsApp
M0007751,A00656,O20250181,2025,História,2025-04-20,0,Ativa,62.1,Instagram
M0007752,A00656,O20250177,2025,Matemática,2025-03-13,,Ativa,57.2,Instagram
M0007753,A00656,O20250183,2025,Português,2025-01-12,,Concluída,58.3,Feira escolar
M0007754,A00656,O20250179,2025,Química,2025-04-06,10,Concluída,63.1,Feira escolar
M0007755,A00656,O20250184,2025,Redação,2025-01-17,0,Concluída,44.2,Google
M0007756,A00656,O20250187,2025,Sociologia,2025-02-11,,concluida,48.8,WhatsApp
M0007757,A00657,O20240136,2024,Biologia,2024-01-07,25,Concluída,55.8,Feira escolar
M0007758,A00657,O20240138,2024,Geografia,2024-01-26,,Ativa,50.1,
M0007759,A00657,O20240137,2024,História,2024-01-28,15,Concluída,59.3,
M0007760,A00657,O20240141,2024,Inglês,2024-02-07,0,Concluída,61.5,Feira escolar
M0007761,A00657,O20240133,2024,Matemática,2024-01-06,0,Concluída,70.1,
M0007762,A00657,O20240139,2024,Português,2024-02-26,,Concluída,40.8,Indicação
M0007763,A00657,O20240140,2024,Redação,2024-03-15,15,Cancelada,56.1,Google
M0007764,A00657,O20240143,2024,Sociologia,2024-01-22,10,Concluída,77.6,Google
M0007765,A00658,O20240158,2024,Biologia,2024-03-17,0,Concluída,54.2,Google
M0007766,A00658,O20240164,2024,Filosofia,2024-01-09,30,concluida,63.0,Instagram
M0007767,A00658,O20240156,2024,Física,2024-01-19,30,Cancelada,60.3,Indicação
M0007768,A00658,O20240160,2024,Geografia,2024-04-27,0,Cancelada,71.1,Google
M0007769,A00658,O20240159,2024,História,2024-02-28,,Concluída,28.7,Instagram
M0007770,A00658,O20240155,2024,Matemática,2024-03-09,15,Concluída,73.4,WhatsApp
M0007771,A00658,O20240161,2024,Português,2024-01-10,10,Concluída,60.0,WhatsApp
M0007772,A00658,O20240162,2024,Redação,2024-02-28,30,Cancelada,72.2,Google
M0007773,A00658,O20240165,2024,Sociologia,2024-03-07,10,Concluída,25.2,
M0007774,A00659,O20230114,2023,Biologia,2023-04-28,10,Concluída,45.8,Instagram
M0007775,A00659,O20230120,2023,Filosofia,2023-03-18,20,Concluída,44.7,Feira escolar
M0007776,A00659,O20230112,2023,Física,2023-01-22,0,Concluída,57.9,
M0007777,A00659,O20230116,2023,Geografia,25/02/2023,10,Cancelada,80.0,Indicação
M0007778,A00659,O20230115,2023,História,2023-01-17,25,Concluída,61.6,WhatsApp
M0007779,A00659,O20230119,2023,Inglês,2023-02-17,0,Concluída,67.1,
M0007780,A00659,O20230111,2023,Matemática,2023-02-20,50,Concluída,40.1,
M0007781,A00659,O20230117,2023,Português,2023-03-13,10,Ativa,45.9,
M0007782,A00659,O20230113,2023,Química,2023-04-16,0,Concluída,68.7,Feira escolar
M0007783,A00659,O20230118,2023,Redação,2023-01-25,20,Concluída,81.5,
M0007784,A00659,O20230121,2023,SOCIOLOGIA,2023-04-07,25,Concluída,45.9,Feira escolar
M0007785,A00659,O20240136,2024,Biologia,2024-03-05,0,Concluída,60.3,
M0007786,A00659,O20240142,2024,Filosofia,2024-01-07,0,Concluída,82.2,WhatsApp
M0007787,A00659,O20240134,2024,FÍSICA,2024-03-20,30,,69.7,Feira escolar
M0007788,A00659,O20240138,2024,Geografia,2024-02-15,25,Concluída,77.7,Indicação
M0007789,A00659,O20240141,2024,Ingles,2024-03-08,50,concluida,45.7,
M0007790,A00659,O20240133,2024,Matemática,2024-02-28,10,Concluída,60.0,
M0007791,A00659,O20240139,2024,Português,2024-02-05,20,Concluída,66.0,
M0007792,A00659,O20240135,2024,Química,28/03/2024,0,concluida,53.9,Instagram
M0007793,A00659,O20240140,2024,Redação,2024-01-08,15,Concluída,46.3,Indicação
M0007794,A00659,O20240143,2024,Sociologia,2024-04-23,,Concluída,63.6,Indicação
M0007795,A00660,O20240169,2024,Biologia,2024/02/08,10,Concluída,91.7,
M0007796,A00660,O20240175,2024,Filosofia,2024-02-07,20,Ativa,56.1,Instagram
M0007797,A00660,O20240170,2024,História,2024-02-25,50,Concluída,40.5,Feira escolar
M0007798,A00660,O20240174,2024,Inglês,2024-03-08,50,Concluída,78.2,Feira escolar
M0007799,A00660,O20240166,2024,Matemática,2024-03-25,10,Concluída,60.7,WhatsApp
M0007800,A00660,O20240172,2024,Português,2024-03-05,0,Ativa,63.3,Indicação
M0007801,A00660,O20240168,2024,Química,01-12-2024,0,Concluída,60.4,Instagram
M0007802,A00660,O20240173,2024,Redação,2024-02-05,,Ativa,82.8,WhatsApp
M0007803,A00660,O20240176,2024,Sociologia,2024-04-17,20,Ativa,36.4,Instagram
M0007804,A00660,O20250213,2025,Biologia,2025-03-08,30,Concluída,68.8,WhatsApp
M0007805,A00660,O20250219,2025,Filosofia,02/01/2025,0,Concluída,69.7,Google
M0007806,A00660,O20250211,2025,Física,2025-02-04,25,concluida,51.3,WhatsApp
M0007807,A00660,O20250215,2025,Geografia,02-03-2025,,Concluída,61.6,WhatsApp
M0007808,A00660,O20250214,2025,História,2025-02-18,15,Ativa,59.5,Instagram
M0007809,A00660,O20250218,2025,Inglês,2025-01-24,0,Ativa,87.2,WhatsApp
M0007810,A00660,O20250210,2025,Matemática,2025/03/27,25,Concluída,47.4,Instagram
M0007811,A00660,O20250216,2025,Português,2025-02-11,30,Concluída,60.5,Indicação
M0007812,A00660,O20250212,2025,Química,2025-04-07,10,Concluída,69.3,Indicação
M0007813,A00660,O20250217,2025,Redação,2025-01-07,10,Ativa,53.1,Google
M0007814,A00660,O20250220,2025,SOCIOLOGIA,2025-01-23,0,Concluída,46.1,Google
M0007815,A00661,O20220048,2022,Biologia,2022-03-15,0,Trancada,63.5,Indicação
M0007816,A00661,O20220054,2022,Filosofia,2022-01-07,0,Concluída,41.0,Instagram
M0007817,A00661,O20220046,2022,Física,2022-02-13,20,Concluída,33.1,Feira escolar
M0007818,A00661,O20220053,2022,Inglês,2022-03-14,30,Concluída,69.5,Google
M0007819,A00661,O20220045,2022,Matemática,2022-01-02,10,Concluída,57.8,
M0007820,A00661,O20220051,2022,Português,2022-04-16,0,Concluída,39.0,Indicação
M0007821,A00661,O20220052,2022,Redação,2022-01-27,0,Ativa,46.3,Instagram
M0007822,A00661,O20220055,2022,Sociologia,2022-01-27,30,Concluída,46.6,
M0007823,A00662,O20220048,2022,Biologia,2022-01-18,0,Concluída,64.5,Google
M0007824,A00662,O20220054,2022,Filosofia,2022-01-04,20,Ativa,70.8,Google
M0007825,A00662,O20220046,2022,Física,08/03/2022,0,Ativa,54.7,Indicação
M0007826,A00662,O20220050,2022,Geografia,2022-03-22,0,Concluída,50.1,
M0007827,A00662,O20220045,2022,Matemática,2022-01-22,15,Concluída,52.1,Google
M0007828,A00662,O20220051,2022,Português,2022-02-09,0,Trancada,48.3,
M0007829,A00662,O20220047,2022,Química,2022-02-13,,Concluída,53.1,Google
M0007830,A00662,O20220052,2022,Redação,2022-03-11,,Concluída,45.0,
M0007831,A00662,O20220055,2022,Sociologia,2022-04-22,50,Concluída,36.4,Google
M0007832,A00663,O20250180,2025,Biologia,2025-02-03,0,Concluída,59.9,
M0007833,A00663,O20250186,2025,Filosofia,07/03/2025,,Ativa,67.1,Instagram
M0007834,A00663,O20250178,2025,Física,2025-01-06,0,Concluída,82.9,Feira escolar
M0007835,A00663,O20250182,2025,Geografia,2025-02-20,0,Concluída,59.8,WhatsApp
M0007836,A00663,O20250181,2025,Historia,2025-01-18,50,Concluída,55.5,Feira escolar
M0007837,A00663,O20250185,2025,Inglês,2025-03-19,0,Ativa,69.7,Instagram
M0007838,A00663,O20250177,2025,Matemática,2025-02-07,,Concluída,47.7,Indicação
M0007839,A00663,O20250183,2025,Português,2025-01-04,50,Concluída,32.4,Google
M0007840,A00663,O20250179,2025,Química,2025-04-11,20,Concluída,75.7,
M0007841,A00663,O20250184,2025,Redação,2025-03-25,10,Concluída,66.7,WhatsApp
M0007842,A00663,O20250187,2025,Sociologia,2025-01-02,50,Concluída,42.3,Google
M0007843,A00664,O20250202,2025,Biologia,2025/01/13,0,Concluída,45.8,Feira escolar
M0007844,A00664,O20250208,2025,Filosofia,2025-03-24,0,Ativa,72.2,Instagram
M0007845,A00664,O20250200,2025,Física,2025-03-22,0,Concluída,45.3,Indicação
M0007846,A00664,O20250204,2025,Geografia,2025-01-25,0,Concluída,76.7,Indicação
M0007847,A00664,O20250203,2025,História,2025-03-03,0,Concluída,85.6,Feira escolar
M0007848,A00664,O20250199,2025,Matemática,2025-01-27,0,Concluída,82.6,Instagram
M0007849,A00664,O20250205,2025,Português,11/03/2025,20,Ativa,44.4,Google
M0007850,A00664,O20250201,2025,Química,04-16-2025,,Trancada,50.2,
M0007851,A00664,O20250206,2025,Redação,2025-01-21,,concluida,40.5,WhatsApp
M0007852,A00664,O20250209,2025,Sociologia,2025-01-09,10,Concluída,52.2,Instagram
M0007853,A00665,O20220048,2022,Biologia,2022-04-02,30,Ativa,62.7,Feira escolar
M0007854,A00665,O20220054,2022,Filosofia,2022-01-01,0,Concluída,35.4,Instagram
M0007855,A00665,O20220046,2022,Física,2022-04-26,0,Ativa,39.6,Indicação
M0007856,A00665,O20220050,2022,Geografia,2022-01-21,25,Concluída,54.5,Feira escolar
M0007857,A00665,O20220049,2022,História,2022-04-24,0,Trancada,67.4,Indicação
M0007858,A00665,O20220053,2022,Inglês,2022-03-22,30,Cancelada,55.5,Instagram
M0007859,A00665,O20220045,2022,Matemática,2022-04-01,30,Concluída,67.7,Feira escolar
M0007860,A00665,O20220051,2022,Português,2022-01-17,25,Ativa,53.4,Instagram
M0007861,A00665,O20220047,2022,Química,2022-04-01,25,Ativa,47.7,Indicação
M0007862,A00665,O20220052,2022,Redação,2022-03-14,25,Trancada,50.9,Feira escolar
M0007863,A00665,O20220055,2022,Sociologia,2022-02-20,0,Concluída,51.9,Indicação
M0007864,A00666,O20230103,2023,Biologia,2023-03-08,0,Concluída,61.0,Google
M0007865,A00666,O20230109,2023,Filosofia,2023-01-28,50,Concluída,55.7,Feira escolar
M0007866,A00666,O20230101,2023,Física,2023-04-14,20,Ativa,78.8,WhatsApp
M0007867,A00666,O20230105,2023,Geografia,2023-04-15,25,Concluída,76.8,Indicação
M0007868,A00666,O20230104,2023,História,2023-03-25,,Concluída,53.0,Indicação
M0007869,A00666,O20230108,2023,Inglês,2023-02-18,30,Ativa,68.9,WhatsApp
M0007870,A00666,O20230100,2023,Matemática,2023/04/22,50,Concluída,55.7,Feira escolar
M0007871,A00666,O20230106,2023,Português,2023-02-05,20,Concluída,69.2,Indicação
M0007872,A00666,O20230102,2023,Química,2023-01-22,15,Concluída,78.2,
M0007873,A00666,O20230107,2023,Redação,2023-03-26,30,Concluída,44.8,Indicação
M0007874,A00666,O20230110,2023,Sociologia,2023-01-09,15,Concluída,39.4,Feira escolar
M0007875,A00666,O20240136,2024,Biologia,2024-01-18,0,Concluída,55.3,Google
M0007876,A00666,O20240142,2024,Filosofia,2024-03-16,0,Concluída,62.5,Feira escolar
M0007877,A00666,O20240138,2024,Geografia,2024-02-12,,concluida,58.1,Google
M0007878,A00666,O20240133,2024,Matemática,2024-02-09,50,Concluída,53.5,WhatsApp
M0007879,A00666,O20240139,2024,Português,2024-03-12,0,concluida,46.4,
M0007880,A00666,O20240135,2024,Química,2024-04-05,10,Concluída,57.4,Google
M0007881,A00666,O20240140,2024,Redação,2024-04-15,0,Concluída,62.1,Indicação
M0007882,A00666,O20240143,2024,Sociologia,2024-03-21,15,Concluída,60.0,
M0007883,A00666,O20250180,2025,Biologia,02-05-2025,0,Concluída,54.1,Instagram
M0007884,A00666,O20250186,2025,Filosofia,23/02/2025,0,Ativa,85.9,Instagram
M0007885,A00666,O20250178,2025,Física,09/04/2025,0,Concluída,59.2,WhatsApp
M0007886,A00666,O20250182,2025,Geografia,2025-04-18,0,Concluída,42.0,Google
M0007887,A00666,O20250185,2025,Inglês,2025-04-17,0,Ativa,50.2,Google
M0007888,A00666,O20250177,2025,Matemática,2025-03-01,10,Concluída,49.5,Google
M0007889,A00666,O20250183,2025,PORTUGUÊS,2025-01-16,0,Concluída,58.2,Instagram
M0007890,A00666,O20250179,2025,Química,2025-01-26,20,Ativa,84.5,Google
M0007891,A00666,O20250184,2025,Redação,16/01/2025,30,Concluída,45.9,Feira escolar
M0007892,A00666,O20250187,2025,Sociologia,2025-01-22,15,Concluída,24.0,Instagram
M0007893,A00667,O20240136,2024,Biologia,2024-01-27,20,Concluída,51.2,Google
M0007894,A00667,O20240142,2024,Filosofia,2024-01-02,0,concluida,71.6,Google
M0007895,A00667,O20240134,2024,Física,2024-01-03,10,Concluída,42.0,WhatsApp
M0007896,A00667,O20240138,2024,GEOGRAFIA,2024-03-04,0,Ativa,63.3,Google
M0007897,A00667,O20240137,2024,História,2024-04-07,25,Concluída,56.3,WhatsApp
M0007898,A00667,O20240141,2024,Inglês,2024-02-28,15,,59.7,Instagram
M0007899,A00667,O20240133,2024,Matemática,2024-03-17,20,Cancelada,63.3,
M0007900,A00667,O20240139,2024,Português,2024-02-24,10,Concluída,36.8,
M0007901,A00667,O20240135,2024,Química,2024-03-15,0,Ativa,52.6,WhatsApp
M0007902,A00667,O20240140,2024,Redação,2024-01-16,,Concluída,69.4,Indicação
M0007903,A00667,O20240143,2024,Sociologia,2024-02-26,20,Ativa,35.3,Feira escolar
M0007904,A00668,O20240142,2024,Filosofia,2024/04/05,20,Concluída,74.9,Instagram
M0007905,A00668,O20240134,2024,Física,2024-03-26,15,Concluída,43.6,WhatsApp
M0007906,A00668,O20240138,2024,Geografia,2024-01-04,20,Concluída,39.2,
M0007907,A00668,O20240133,2024,Matemática,02-07-2024,0,Concluída,54.3,WhatsApp
M0007908,A00668,O20240139,2024,Português,2024-03-24,0,Cancelada,44.4,
M0007909,A00668,O20240135,2024,Química,2024/02/20,10,Concluída,72.8,Feira escolar
M0007910,A00668,O20240140,2024,Redação,2024-02-08,30,Ativa,31.6,Instagram
M0007911,A00668,O20240143,2024,Sociologia,2024-03-09,0,Concluída,65.6,Instagram
M0007912,A00669,O20250202,2025,Biologia,2025-04-02,25,Concluída,68.9,Instagram
M0007913,A00669,O20250208,2025,Filosofia,2025-01-05,10,Cancelada,51.8,Feira escolar
M0007914,A00669,O20250204,2025,Geografia,2025-04-04,30,Concluída,72.3,Indicação
M0007915,A00669,O20250203,2025,História,2025-04-03,30,Cancelada,53.7,Instagram
M0007916,A00669,O20250207,2025,Inglês,2025-01-21,,Concluída,59.0,
M0007917,A00669,O20250199,2025,Matemática,2025/04/09,10,Concluída,74.4,Indicação
M0007918,A00669,O20250205,2025,Portugues,2025-02-27,15,Concluída,57.3,WhatsApp
M0007919,A00669,O20250201,2025,Química,2025-02-11,,Ativa,65.6,WhatsApp
M0007920,A00669,O20250206,2025,Redação,2025-01-17,50,Concluída,54.9,Instagram
M0007921,A00669,O20250209,2025,Sociologia,2025-03-28,15,Concluída,59.6,WhatsApp
M0007922,A00670,O20230109,2023,Filosofia,2023-02-06,0,Concluída,73.5,Google
M0007923,A00670,O20230101,2023,FÍSICA,2023-01-23,50,concluida,58.3,Instagram
M0007924,A00670,O20230105,2023,Geografia,2023-02-23,10,Concluída,77.4,Instagram
M0007925,A00670,O20230104,2023,História,2023-03-10,0,Concluída,38.6,Feira escolar
M0007926,A00670,O20230108,2023,Inglês,2023-01-11,0,Cancelada,41.2,Google
M0007927,A00670,O20230100,2023,Matemática,2023-02-16,20,Ativa,48.1,Google
M0007928,A00670,O20230106,2023,Português,2023-04-27,20,Concluída,67.4,Instagram
M0007929,A00670,O20230102,2023,Química,2023-04-27,50,concluida,52.5,Google
M0007930,A00670,O20230107,2023,Redação,2023-04-09,0,Concluída,51.7,Instagram
M0007931,A00670,O20230110,2023,Sociologia,2023-02-21,50,Concluída,45.7,Indicação
M0007932,A00670,O20240156,2024,Física,03-01-2024,50,Concluída,58.8,
M0007933,A00670,O20240160,2024,Geografia,2024-01-20,0,Ativa,54.2,Google
M0007934,A00670,O20240163,2024,Inglês,2024-04-03,30,Concluída,60.1,
M0007935,A00670,O20240155,2024,Matemática,2024-02-10,20,Concluída,41.0,
M0007936,A00670,O20240161,2024,Portugues,2024-03-05,0,Concluída,55.4,Feira escolar
M0007937,A00670,O20240157,2024,Química,2024-01-13,10,Concluída,72.1,Google
M0007938,A00670,O20240162,2024,Redação,2024-02-25,25,Concluída,67.4,WhatsApp
M0007939,A00670,O20240165,2024,Sociologia,2024-01-20,0,Trancada,43.6,Google
M0007940,A00671,O20220070,2022,Biologia,2022-04-26,0,Concluída,51.5,Google
M0007941,A00671,O20220068,2022,Física,2022-02-02,0,Concluída,57.5,Instagram
M0007942,A00671,O20220067,2022,Matemática,2022-01-20,0,Concluída,53.4,Google
M0007943,A00671,O20220073,2022,Português,2022-01-03,30,concluida,69.9,Instagram
M0007944,A00671,O20220069,2022,Química,2022-04-08,15,Concluída,54.0,WhatsApp
M0007945,A00671,O20220074,2022,Redação,2022-01-27,0,Ativa,37.6,WhatsApp
M0007946,A00671,O20220077,2022,Sociologia,2022-01-02,0,Concluída,68.4,Feira escolar
M0007947,A00671,O20230103,2023,Biologia,2023-04-22,0,Ativa,62.3,
M0007948,A00671,O20230109,2023,Filosofia,2023-04-05,0,Ativa,42.7,Feira escolar
M0007949,A00671,O20230101,2023,Fisica,2023-01-25,0,Ativa,66.7,
M0007950,A00671,O20230105,2023,Geografia,2023-04-17,0,Concluída,74.2,Feira escolar
M0007951,A00671,O20230104,2023,História,2023-02-11,0,Concluída,41.8,WhatsApp
M0007952,A00671,O20230108,2023,Inglês,2023-02-15,25,Trancada,72.2,WhatsApp
M0007953,A00671,O20230100,2023,Matemática,2023-04-04,0,Concluída,62.3,Indicação
M0007954,A00671,O20230106,2023,Português,2023-02-07,0,Concluída,62.5,Instagram
M0007955,A00671,O20230102,2023,Química,2023-04-07,30,Concluída,57.1,Google
M0007956,A00671,O20230107,2023,Redação,2023-02-28,10,Concluída,72.2,Indicação
M0007957,A00671,O20230110,2023,Sociologia,2023-04-20,0,Cancelada,48.3,Feira escolar
M0007958,A00672,O20210015,2021,Biologia,2021-03-19,0,Concluída,58.2,Instagram
M0007959,A00672,O20210021,2021,Filosofia,2021-02-15,0,Concluída,66.7,WhatsApp
M0007960,A00672,O20210013,2021,Física,2021-01-01,30,Concluída,38.7,Instagram
M0007961,A00672,O20210017,2021,Geografia,2021-01-07,20,Cancelada,54.8,Google
M0007962,A00672,O20210016,2021,História,2021-02-20,30,Concluída,72.4,Instagram
M0007963,A00672,O20210020,2021,Inglês,2021-02-20,20,Cancelada,54.5,Feira escolar
M0007964,A00672,O20210012,2021,Matemática,2021-03-11,10,Concluída,75.9,Feira escolar
M0007965,A00672,O20210018,2021,Português,2021-01-11,30,Trancada,58.5,Indicação
M0007966,A00672,O20210014,2021,Química,2021-03-28,50,Concluída,42.5,Instagram
M0007967,A00672,O20210019,2021,Redação,2021-02-15,0,Concluída,55.3,Instagram
M0007968,A00672,O20210022,2021,Sociologia,2021-03-08,0,Concluída,38.4,WhatsApp
M0007969,A00673,O20250202,2025,Biologia,04-17-2025,25,Cancelada,59.9,Google
M0007970,A00673,O20250208,2025,Filosofia,27/04/2025,15,Concluída,68.4,
M0007971,A00673,O20250204,2025,Geografia,2025-03-06,50,concluida,82.3,WhatsApp
M0007972,A00673,O20250203,2025,História,2025-01-15,15,Concluída,71.0,Indicação
M0007973,A00673,O20250199,2025,Matemática,2025-04-07,,Concluída,50.3,Feira escolar
M0007974,A00673,O20250205,2025,Português,2025-01-24,,concluida,51.1,Instagram
M0007975,A00673,O20250206,2025,Redação,2025-02-06,30,Concluída,49.0,Indicação
M0007976,A00674,O20250204,2025,Geografia,2025-03-02,30,Concluída,72.5,Instagram
M0007977,A00674,O20250203,2025,História,2025-03-11,15,Cancelada,80.3,WhatsApp
M0007978,A00674,O20250199,2025,Matemática,01-12-2025,0,Concluída,43.4,Indicação
M0007979,A00674,O20250205,2025,Português,2025-04-07,10,Concluída,71.2,Instagram
M0007980,A00674,O20250201,2025,Química,2025-01-10,50,Concluída,38.7,Indicação
M0007981,A00674,O20250206,2025,Redação,2025-03-03,0,Concluída,66.8,Indicação
M0007982,A00674,O20250209,2025,SOCIOLOGIA,2025-01-24,0,Concluída,54.0,Google
M0007983,A00675,O20220081,2022,Biologia,2022-03-28,20,Ativa,49.4,WhatsApp
M0007984,A00675,O20220087,2022,Filosofia,2022-03-10,0,Concluída,101.8,
M0007985,A00675,O20220079,2022,Física,2022-02-01,0,concluida,70.0,Feira escolar
M0007986,A00675,O20220083,2022,Geografia,2022-04-17,25,Concluída,32.0,
M0007987,A00675,O20220082,2022,História,2022-03-09,0,concluida,63.5,Indicação
M0007988,A00675,O20220086,2022,Inglês,2022-04-23,0,Concluída,65.1,WhatsApp
M0007989,A00675,O20220078,2022,Matemática,2022-04-28,30,Concluída,36.6,Indicação
M0007990,A00675,O20220084,2022,Português,2022-01-01,30,Concluída,52.3,Feira escolar
M0007991,A00675,O20220080,2022,Química,2022-04-08,0,Concluída,37.8,Feira escolar
M0007992,A00675,O20220085,2022,REDAÇÃO,2022-04-06,30,Ativa,69.2,Google
M0007993,A00675,O20220088,2022,Sociologia,2022-03-03,,Ativa,50.7,Instagram
M0007994,A00675,O20230125,2023,Biologia,2023-01-05,,Concluída,71.2,
M0007995,A00675,O20230131,2023,Filosofia,2023-02-07,30,Concluída,58.7,Feira escolar
M0007996,A00675,O20230126,2023,História,02-13-2023,25,Ativa,45.8,Indicação
M0007997,A00675,O20230130,2023,Inglês,2023-04-26,30,Ativa,66.5,Google
M0007998,A00675,O20230122,2023,Matemática,2023-03-01,15,Concluída,62.5,WhatsApp
M0007999,A00675,O20230128,2023,Português,2023-02-03,25,Cancelada,87.0,Indicação
M0008000,A00675,O20230124,2023,Química,2023-02-11,20,Concluída,69.3,WhatsApp
M0008001,A00675,O20230129,2023,Redação,2023-03-11,0,Concluída,53.6,WhatsApp
M0008002,A00676,O20220048,2022,Biologia,2022-04-03,20,Concluída,37.0,WhatsApp
M0008003,A00676,O20220054,2022,Filosofia,2022-01-10,25,Ativa,78.7,Instagram
M0008004,A00676,O20220046,2022,Física,2022-04-05,0,Concluída,33.8,Instagram
M0008005,A00676,O20220050,2022,Geografia,2022-02-02,30,Ativa,82.5,Instagram
M0008006,A00676,O20220049,2022,Historia,2022-01-10,25,Concluída,81.0,
M0008007,A00676,O20220053,2022,Inglês,06/01/2022,,Concluída,64.7,Feira escolar
M0008008,A00676,O20220045,2022,Matemática,2022-04-08,0,Concluída,46.7,Indicação
M0008009,A00676,O20220051,2022,Português,2022-02-09,20,Concluída,54.2,Instagram
M0008010,A00676,O20220047,2022,Quimica,2022-01-05,20,Cancelada,74.5,Indicação
M0008011,A00676,O20220052,2022,Redação,2022-03-27,0,,78.4,Indicação
M0008012,A00676,O20220055,2022,Sociologia,2022-01-13,15,Cancelada,63.4,Google
M0008013,A00677,O20220048,2022,Biologia,2022-03-01,0,Concluída,32.9,Indicação
M0008014,A00677,O20220054,2022,Filosofia,2022-03-19,0,Trancada,57.9,
M0008015,A00677,O20220046,2022,Física,2022-03-18,25,concluida,56.9,
M0008016,A00677,O20220050,2022,Geografia,2022-03-21,50,Concluída,46.4,WhatsApp
M0008017,A00677,O20220049,2022,História,2022-04-18,0,Trancada,55.0,Instagram
M0008018,A00677,O20220053,2022,Inglês,2022/04/11,0,Concluída,58.0,Instagram
M0008019,A00677,O20220045,2022,Matemática,2022-01-07,15,Concluída,46.9,Indicação
M0008020,A00677,O20220051,2022,Português,2022-04-16,0,Trancada,45.0,Google
M0008021,A00677,O20220047,2022,Química,2022-01-25,0,Concluída,37.8,Google
M0008022,A00677,O20220052,2022,Redação,2022-04-15,0,Concluída,35.2,Instagram
M0008023,A00677,O20220055,2022,Sociologia,2022-01-26,10,Concluída,60.6,WhatsApp
M0008024,A00677,O20230092,2023,Biologia,2023-04-04,20,Concluída,42.8,Indicação
M0008025,A00677,O20230090,2023,Física,2023-03-07,15,Ativa,55.4,Indicação
M0008026,A00677,O20230097,2023,Inglês,2023-01-12,15,Ativa,63.8,Feira escolar
M0008027,A00677,O20230089,2023,Matemática,2023-02-08,25,Concluída,68.9,Instagram
M0008028,A00677,O20230095,2023,Português,2023-01-18,30,Concluída,40.3,Indicação
M0008029,A00677,O20230091,2023,Química,2023-04-17,20,Concluída,54.3,Indicação
M0008030,A00677,O20230096,2023,Redação,2023-02-14,0,concluida,69.6,
M0008031,A00677,O20230099,2023,Sociologia,2023-03-05,0,Concluída,59.2,WhatsApp
M0008032,A00678,O20240156,2024,Física,2024-04-07,20,Concluída,70.3,Indicação
M0008033,A00678,O20240160,2024,Geografia,01-03-2024,20,Concluída,57.0,Indicação
M0008034,A00678,O20240163,2024,Inglês,2024-04-12,25,Concluída,41.0,
M0008035,A00678,O20240155,2024,Matemática,2024-04-11,15,Cancelada,38.0,Google
M0008036,A00678,O20240161,2024,Português,2024-01-02,0,Concluída,47.1,Indicação
M0008037,A00678,O20240157,2024,Química,2024-01-03,0,Ativa,35.9,WhatsApp
M0008038,A00678,O20240162,2024,Redação,2024-02-10,10,concluida,79.1,Feira escolar
M0008039,A00679,O20240153,2024,Filosofia,2024-03-10,50,Concluída,77.2,Instagram
M0008040,A00679,O20240145,2024,Física,2024-03-08,25,Concluída,39.6,Feira escolar
M0008041,A00679,O20240149,2024,Geografia,2024-02-06,,Concluída,31.8,WhatsApp
M0008042,A00679,O20240144,2024,Matemática,2024-02-18,25,Concluída,73.7,WhatsApp
M0008043,A00679,O20240150,2024,Português,02-11-2024,10,Concluída,52.2,Indicação
M0008044,A00679,O20240146,2024,Química,2024-03-13,0,Concluída,58.3,Instagram
M0008045,A00679,O20240151,2024,Redacao,2024-02-10,,Concluída,76.6,Instagram
M0008046,A00680,O20240136,2024,Biologia,2024-04-22,,Trancada,39.8,Google
M0008047,A00680,O20240142,2024,Filosofia,2024-01-20,30,Ativa,75.8,
M0008048,A00680,O20240134,2024,Física,2024-01-07,0,Cancelada,47.8,Instagram
M0008049,A00680,O20240138,2024,Geografia,2024-03-18,0,Concluída,55.0,Google
M0008050,A00680,O20240141,2024,Inglês,2024-01-19,50,Concluída,59.6,WhatsApp
M0008051,A00680,O20240133,2024,MATEMÁTICA,2024-02-28,,Ativa,65.0,WhatsApp
M0008052,A00680,O20240139,2024,Português,2024-04-09,30,Ativa,62.9,
M0008053,A00680,O20240135,2024,Química,2024-01-19,10,Ativa,50.3,Google
M0008054,A00680,O20240140,2024,Redação,2024-02-07,,Concluída,67.3,Google
M0008055,A00680,O20240143,2024,Sociologia,2024-03-09,30,Concluída,29.6,WhatsApp
M0008056,A00680,O20250202,2025,Biologia,2025-04-15,15,Concluída,58.3,WhatsApp
M0008057,A00680,O20250200,2025,Física,2025-02-20,50,Concluída,90.3,
M0008058,A00680,O20250204,2025,Geografia,2025-02-02,50,Ativa,47.7,WhatsApp
M0008059,A00680,O20250203,2025,História,2025-03-14,,Concluída,67.2,WhatsApp
M0008060,A00680,O20250199,2025,Matemática,2025-03-23,0,Ativa,92.7,Indicação
M0008061,A00680,O20250205,2025,Português,2025-01-16,25,Concluída,78.3,Feira escolar
M0008062,A00680,O20250206,2025,Redação,2025-01-20,25,Concluída,57.2,Google
M0008063,A00680,O20250209,2025,Sociologia,2025-02-10,15,Concluída,59.8,
M0008064,A00681,O20240142,2024,Filosofia,2024-01-17,10,Concluída,72.5,Instagram
M0008065,A00681,O20240134,2024,Física,2024-01-19,10,Concluída,39.8,Google
M0008066,A00681,O20240138,2024,Geografia,2024-01-02,20,Concluída,70.1,
M0008067,A00681,O20240137,2024,História,2024-04-22,30,concluida,38.8,WhatsApp
M0008068,A00681,O20240141,2024,Inglês,2024-01-27,0,Concluída,60.4,
M0008069,A00681,O20240133,2024,Matemática,2024-01-18,15,Concluída,67.9,Feira escolar
M0008070,A00681,O20240139,2024,Português,2024-03-04,0,Concluída,35.7,WhatsApp
M0008071,A00681,O20240135,2024,Química,2024-01-27,0,Concluída,43.6,WhatsApp
M0008072,A00681,O20240140,2024,Redação,2024-04-16,0,Concluída,23.6,WhatsApp
M0008073,A00682,O20230103,2023,Biologia,2023-01-08,0,Concluída,55.5,Instagram
M0008074,A00682,O20230109,2023,Filosofia,2023-02-18,0,Concluída,41.3,
M0008075,A00682,O20230101,2023,Física,2023-04-17,25,Concluída,49.2,Instagram
M0008076,A00682,O20230104,2023,História,2023-04-09,0,Trancada,58.9,Instagram
M0008077,A00682,O20230100,2023,Matemática,2023/04/02,0,Concluída,44.5,Feira escolar
M0008078,A00682,O20230106,2023,Português,2023-04-02,25,Ativa,46.9,WhatsApp
M0008079,A00682,O20230102,2023,Química,2023-04-03,15,Concluída,72.6,Instagram
M0008080,A00682,O20230107,2023,Redação,2023-01-24,10,Ativa,62.2,WhatsApp
M0008081,A00682,O20230110,2023,SOCIOLOGIA,2023-02-12,0,Concluída,51.2,WhatsApp
M0008082,A00683,O20240158,2024,Biologia,2024-03-04,20,Ativa,57.4,Indicação
M0008083,A00683,O20240164,2024,Filosofia,2024-01-06,,Concluída,93.5,WhatsApp
M0008084,A00683,O20240156,2024,Física,2024-03-20,0,Cancelada,69.7,Instagram
M0008085,A00683,O20240160,2024,Geografia,2024-03-09,30,Concluída,84.5,Google
M0008086,A00683,O20240159,2024,História,2024-03-05,,Concluída,54.6,Google
M0008087,A00683,O20240163,2024,Ingles,2024-04-22,0,Concluída,47.5,
M0008088,A00683,O20240155,2024,Matemática,20/01/2024,50,Concluída,72.4,Google
M0008089,A00683,O20240161,2024,Português,2024-04-27,0,Concluída,62.6,Instagram
M0008090,A00683,O20240157,2024,Química,2024-04-17,0,concluida,66.6,Feira escolar
M0008091,A00683,O20240162,2024,Redação,2024-03-12,25,Concluída,54.4,Google
M0008092,A00684,O20250213,2025,Biologia,15/01/2025,,Concluída,42.1,Indicação
M0008093,A00684,O20250219,2025,Filosofia,2025-04-24,0,Concluída,51.0,
M0008094,A00684,O20250211,2025,Física,02-13-2025,0,Concluída,77.6,Instagram
M0008095,A00684,O20250215,2025,Geografia,2025-03-05,30,concluida,83.5,Google
M0008096,A00684,O20250214,2025,História,2025-03-21,10,,79.5,Google
M0008097,A00684,O20250210,2025,Matemática,2025-02-11,25,Ativa,53.8,Instagram
M0008098,A00684,O20250216,2025,Português,2025-04-03,50,Concluída,38.7,Google
M0008099,A00684,O20250212,2025,Química,2025-01-12,50,Concluída,73.7,Google
M0008100,A00684,O20250217,2025,Redação,2025-03-09,15,Concluída,64.7,Indicação
M0008101,A00684,O20250220,2025,Sociologia,2025-01-05,,Concluída,77.1,Feira escolar
M0008102,A00685,O20240136,2024,Biologia,2024-03-05,15,Ativa,38.0,Google
M0008103,A00685,O20240142,2024,Filosofia,2024-03-12,30,Concluída,80.7,
M0008104,A00685,O20240134,2024,Física,2024-04-15,20,Ativa,75.6,Indicação
M0008105,A00685,O20240137,2024,História,2024-04-28,25,Concluída,35.7,WhatsApp
M0008106,A00685,O20240141,2024,Inglês,2024-02-20,0,concluida,83.0,Indicação
M0008107,A00685,O20240133,2024,Matemática,2024-01-24,30,Concluída,46.3,WhatsApp
M0008108,A00685,O20240139,2024,Português,2024-04-22,0,Ativa,72.2,WhatsApp
M0008109,A00685,O20240140,2024,Redação,2024-02-05,20,Concluída,49.1,Feira escolar
M0008110,A00685,O20240143,2024,Sociologia,2024-02-03,,Concluída,54.9,Instagram
M0008111,A00686,O20240169,2024,Biologia,2024-03-15,0,Concluída,73.0,Feira escolar
M0008112,A00686,O20240175,2024,Filosofia,2024-04-15,0,Ativa,62.1,Indicação
M0008113,A00686,O20240167,2024,Física,2024-04-15,0,Concluída,97.1,WhatsApp
M0008114,A00686,O20240171,2024,Geografia,2024-02-10,50,Cancelada,76.1,Instagram
M0008115,A00686,O20240170,2024,História,2024-03-24,0,Concluída,101.3,Instagram
M0008116,A00686,O20240166,2024,Matemática,2024-01-08,20,Concluída,39.8,Indicação
M0008117,A00686,O20240172,2024,Português,2024-01-17,10,Concluída,67.3,Feira escolar
M0008118,A00686,O20240168,2024,Quimica,2024-03-11,50,Ativa,45.3,Instagram
M0008119,A00686,O20240173,2024,Redação,2024-01-03,15,Concluída,28.8,Google
M0008120,A00686,O20240176,2024,Sociologia,2024/03/18,0,Concluída,74.5,Indicação
M0008121,A00687,O20220048,2022,Biologia,2022-02-26,10,Ativa,72.3,Indicação
M0008122,A00687,O20220054,2022,FILOSOFIA,2022-04-03,0,Concluída,64.7,
M0008123,A00687,O20220046,2022,Física,2022-02-07,0,Cancelada,63.7,
M0008124,A00687,O20220050,2022,Geografia,2022/01/13,25,Concluída,58.3,Instagram
M0008125,A00687,O20220049,2022,História,2022-03-22,30,Ativa,66.7,Feira escolar
M0008126,A00687,O20220053,2022,Inglês,2022-01-22,30,Concluída,61.9,Feira escolar
M0008127,A00687,O20220045,2022,Matemática,2022-04-27,20,Trancada,72.9,Instagram
M0008128,A00687,O20220051,2022,Português,2022/02/04,25,Concluída,58.7,Feira escolar
M0008129,A00687,O20220047,2022,Química,2022/03/09,30,Cancelada,57.6,Google
M0008130,A00687,O20220052,2022,Redação,2022-03-27,0,Concluída,60.9,WhatsApp
M0008131,A00687,O20220055,2022,Sociologia,2022-01-26,20,Ativa,54.2,Indicação
M0008132,A00688,O20230103,2023,Biologia,2023-03-08,25,Concluída,55.2,WhatsApp
M0008133,A00688,O20230109,2023,Filosofia,2023-02-05,15,Concluída,32.4,Google
M0008134,A00688,O20230101,2023,Física,2023-02-28,25,Concluída,60.3,Instagram
M0008135,A00688,O20230105,2023,Geografia,2023-02-09,20,Concluída,76.3,WhatsApp
M0008136,A00688,O20230104,2023,Historia,2023-04-15,0,Concluída,64.8,WhatsApp
M0008137,A00688,O20230108,2023,Ingles,2023-01-19,30,Concluída,49.3,WhatsApp
M0008138,A00688,O20230100,2023,Matemática,2023/03/18,0,Concluída,80.8,
M0008139,A00688,O20230106,2023,Português,2023-03-26,50,Ativa,55.2,Indicação
M0008140,A00688,O20230102,2023,Química,2023-04-07,30,Concluída,69.7,WhatsApp
M0008141,A00688,O20230107,2023,Redação,2023-02-17,25,Concluída,37.2,Feira escolar
M0008142,A00689,O20210015,2021,Biologia,2021-01-06,0,Ativa,54.7,
M0008143,A00689,O20210021,2021,Filosofia,05/02/2021,0,Concluída,70.9,Feira escolar
M0008144,A00689,O20210013,2021,Física,05/04/2021,,Ativa,78.8,Indicação
M0008145,A00689,O20210017,2021,Geografia,2021-01-23,20,Ativa,79.1,WhatsApp
M0008146,A00689,O20210016,2021,História,2021-02-02,0,Ativa,63.1,Instagram
M0008147,A00689,O20210020,2021,Inglês,2021-01-10,10,Trancada,46.5,WhatsApp
M0008148,A00689,O20210012,2021,Matemática,2021-03-06,30,Concluída,61.8,Instagram
M0008149,A00689,O20210018,2021,Portugues,2021-04-01,20,Concluída,46.1,Instagram
M0008150,A00689,O20210014,2021,Química,2021-03-04,15,Ativa,59.8,Instagram
M0008151,A00689,O20210019,2021,Redação,2021-01-02,20,concluida,26.1,
M0008152,A00689,O20210022,2021,Sociologia,2021-01-11,,Concluída,69.9,WhatsApp
M0008153,A00689,O20220048,2022,Biologia,2022-04-28,0,Ativa,74.7,WhatsApp
M0008154,A00689,O20220054,2022,Filosofia,2022-01-23,25,Concluída,80.8,Instagram
M0008155,A00689,O20220046,2022,Física,2022-04-24,20,Concluída,71.2,Feira escolar
M0008156,A00689,O20220050,2022,Geografia,2022-04-16,0,Concluída,60.4,Indicação
M0008157,A00689,O20220049,2022,História,2022-01-08,0,Concluída,45.8,Indicação
M0008158,A00689,O20220053,2022,Inglês,2022-03-27,25,Trancada,52.5,
M0008159,A00689,O20220045,2022,Matemática,2022-01-24,0,Concluída,46.9,Feira escolar
M0008160,A00689,O20220051,2022,Português,2022-04-10,0,Ativa,54.3,
M0008161,A00689,O20220047,2022,Química,2022-03-23,0,Ativa,66.0,Feira escolar
M0008162,A00689,O20220052,2022,Redação,2022-01-01,0,Trancada,45.0,Feira escolar
M0008163,A00689,O20220055,2022,Sociologia,2022-02-19,25,Concluída,57.7,Instagram
M0008164,A00690,O20230120,2023,Filosofia,2023-04-23,0,Ativa,98.0,Google
M0008165,A00690,O20230112,2023,Física,2023-03-19,30,Ativa,77.2,Indicação
M0008166,A00690,O20230116,2023,Geografia,2023-03-20,30,concluida,61.1,Feira escolar
M0008167,A00690,O20230115,2023,História,2023-02-03,20,Concluída,42.9,Indicação
M0008168,A00690,O20230119,2023,Inglês,2023-04-14,0,Ativa,30.7,Feira escolar
M0008169,A00690,O20230111,2023,Matemática,2023-04-26,0,Concluída,78.8,Feira escolar
M0008170,A00690,O20230117,2023,Português,2023-01-18,0,Concluída,27.1,
M0008171,A00690,O20230113,2023,Química,2023-03-13,0,Ativa,63.6,Indicação
M0008172,A00690,O20230118,2023,Redação,2023-01-26,50,Cancelada,65.6,Google
M0008173,A00690,O20240136,2024,BIOLOGIA,2024-04-16,50,Cancelada,48.8,
M0008174,A00690,O20240142,2024,Filosofia,2024-01-06,0,Concluída,79.9,Google
M0008175,A00690,O20240134,2024,Física,2024-02-04,50,Concluída,45.6,Instagram
M0008176,A00690,O20240138,2024,Geografia,2024-04-27,50,Trancada,64.4,Indicação
M0008177,A00690,O20240137,2024,História,2024-03-14,30,Ativa,43.6,Google
M0008178,A00690,O20240141,2024,Inglês,2024-04-19,10,Concluída,39.8,Instagram
M0008179,A00690,O20240133,2024,Matemática,2024-04-12,0,Concluída,48.9,
M0008180,A00690,O20240139,2024,Português,2024-04-20,0,Concluída,67.1,Indicação
M0008181,A00690,O20240135,2024,Quimica,2024-04-14,0,Trancada,58.3,Instagram
M0008182,A00690,O20240140,2024,Redação,2024-03-04,30,Cancelada,65.9,WhatsApp
M0008183,A00690,O20240143,2024,Sociologia,2024-01-03,,,76.2,Instagram
M0008184,A00691,O20230090,2023,Física,2023-04-18,10,Cancelada,57.4,Feira escolar
M0008185,A00691,O20230094,2023,Geografia,2023-01-28,0,Concluída,49.8,Indicação
M0008186,A00691,O20230093,2023,História,2023-01-25,0,Concluída,69.9,
M0008187,A00691,O20230097,2023,Inglês,2023-03-14,0,Ativa,61.1,WhatsApp
M0008188,A00691,O20230089,2023,Matemática,2023-02-15,15,Concluída,65.5,Feira escolar
M0008189,A00691,O20230095,2023,Português,2023-01-28,0,,64.4,Instagram
M0008190,A00691,O20230091,2023,Química,2023-03-17,20,Concluída,64.5,Indicação
M0008191,A00691,O20230096,2023,Redação,2023-02-23,25,Concluída,53.9,Instagram
M0008192,A00692,O20220081,2022,Biologia,2022-04-08,10,concluida,54.9,Google
M0008193,A00692,O20220087,2022,Filosofia,2022-04-26,15,Concluída,49.8,Feira escolar
M0008194,A00692,O20220079,2022,Física,2022-03-11,,Cancelada,45.3,Instagram
M0008195,A00692,O20220083,2022,Geografia,2022-01-04,25,Trancada,85.6,
M0008196,A00692,O20220082,2022,História,2022-03-01,15,Concluída,42.4,Google
M0008197,A00692,O20220086,2022,Inglês,2022-04-04,15,Ativa,83.3,
M0008198,A00692,O20220078,2022,Matemática,2022-01-20,30,concluida,38.1,Google
M0008199,A00692,O20220084,2022,Português,2022-01-23,10,Concluída,64.7,Feira escolar
M0008200,A00692,O20220080,2022,Química,2022-04-24,25,Concluída,48.9,Indicação
M0008201,A00692,O20220085,2022,Redação,2022-01-07,,,68.9,Indicação
M0008202,A00692,O20220088,2022,SOCIOLOGIA,2022-04-05,0,Ativa,70.3,Instagram
M0008203,A00693,O20250202,2025,Biologia,2025-02-04,0,Concluída,55.1,Instagram
M0008204,A00693,O20250208,2025,Filosofia,2025-04-18,50,Ativa,27.8,WhatsApp
M0008205,A00693,O20250200,2025,Física,2025-02-15,10,Concluída,31.6,Instagram
M0008206,A00693,O20250204,2025,Geografia,2025-03-14,0,Concluída,45.6,Feira escolar
M0008207,A00693,O20250203,2025,História,13/04/2025,0,Concluída,67.4,Instagram
M0008208,A00693,O20250207,2025,Ingles,2025-03-04,25,Ativa,53.5,WhatsApp
M0008209,A00693,O20250199,2025,Matemática,2025-03-14,30,Concluída,73.4,
M0008210,A00693,O20250205,2025,Português,2025-01-18,50,Concluída,43.7,Indicação
M0008211,A00693,O20250201,2025,Química,2025-03-05,25,Cancelada,59.8,
M0008212,A00693,O20250206,2025,Redação,2025-02-17,,Concluída,51.4,WhatsApp
M0008213,A00693,O20250209,2025,Sociologia,2025-04-16,15,Concluída,51.5,Google
M0008214,A00694,O20250197,2025,Filosofia,2025-03-13,15,Ativa,47.8,Google
M0008215,A00694,O20250189,2025,Física,2025-02-21,25,Concluída,48.4,Indicação
M0008216,A00694,O20250193,2025,Geografia,2025-04-12,30,Ativa,67.5,WhatsApp
M0008217,A00694,O20250196,2025,Inglês,2025-04-20,15,Concluída,74.9,Feira escolar
M0008218,A00694,O20250188,2025,Matemática,01-15-2025,10,concluida,84.5,Google
M0008219,A00694,O20250194,2025,Português,2025-03-18,,Concluída,68.6,Instagram
M0008220,A00694,O20250190,2025,Química,2025-01-15,,Concluída,29.7,
M0008221,A00694,O20250195,2025,Redação,2025-02-22,0,Ativa,48.9,Feira escolar
M0008222,A00694,O20250198,2025,Sociologia,2025-01-17,0,Concluída,54.7,WhatsApp
M0008223,A00695,O20240158,2024,Biologia,2024-04-14,0,Concluída,64.0,Feira escolar
M0008224,A00695,O20240160,2024,Geografia,2024-03-13,15,Concluída,68.8,
M0008225,A00695,O20240159,2024,História,2024-02-22,0,Concluída,58.4,Indicação
M0008226,A00695,O20240155,2024,Matemática,2024-01-27,15,Concluída,57.9,
M0008227,A00695,O20240161,2024,Português,2024/03/18,,Concluída,57.0,WhatsApp
M0008228,A00695,O20240157,2024,Química,2024-02-28,0,Ativa,60.3,Instagram
M0008229,A00695,O20240162,2024,Redação,2024-04-15,20,Cancelada,30.2,Feira escolar
M0008230,A00696,O20240147,2024,Biologia,2024-04-09,20,,35.2,
M0008231,A00696,O20240153,2024,Filosofia,2024-02-21,30,Concluída,72.8,Google
M0008232,A00696,O20240149,2024,Geografia,2024-04-09,0,Ativa,57.6,Google
M0008233,A00696,O20240148,2024,História,2024-02-22,20,Concluída,82.7,
M0008234,A00696,O20240152,2024,Inglês,2024-02-25,0,Ativa,37.5,Feira escolar
M0008235,A00696,O20240144,2024,Matemática,2024-02-20,0,concluida,69.0,Instagram
M0008236,A00696,O20240150,2024,Português,2024-03-19,0,Concluída,71.5,Instagram
M0008237,A00696,O20240151,2024,Redação,2024-03-01,0,Concluída,77.8,Instagram
M0008238,A00696,O20240154,2024,Sociologia,2024-01-04,50,Concluída,47.8,Google
M0008239,A00697,O20240147,2024,Biologia,2024-03-07,25,Concluída,44.4,Google
M0008240,A00697,O20240145,2024,Física,2024-04-15,0,Ativa,42.9,WhatsApp
M0008241,A00697,O20240149,2024,Geografia,2024-03-10,0,Concluída,69.9,Google
M0008242,A00697,O20240148,2024,História,2024-01-10,20,Ativa,52.3,Instagram
M0008243,A00697,O20240152,2024,Inglês,2024-02-04,15,Concluída,67.1,Indicação
M0008244,A00697,O20240144,2024,Matemática,2024-01-17,0,Ativa,55.0,
M0008245,A00697,O20240150,2024,Português,14/03/2024,,Concluída,50.5,
M0008246,A00697,O20240146,2024,Química,2024-01-05,15,Concluída,84.9,Instagram
M0008247,A00697,O20240151,2024,REDAÇÃO,2024-01-11,20,Concluída,45.5,
M0008248,A00697,O20240154,2024,Sociologia,2024-01-19,,Concluída,62.6,Indicação
M0008249,A00698,O20210026,2021,Biologia,2021-01-01,10,Concluída,77.4,Indicação
M0008250,A00698,O20210024,2021,Física,2021/02/16,0,Concluída,43.1,WhatsApp
M0008251,A00698,O20210028,2021,Geografia,02-18-2021,0,Concluída,53.3,Indicação
M0008252,A00698,O20210023,2021,Matemática,2021-01-28,0,Concluída,47.9,Google
M0008253,A00698,O20210029,2021,Português,2021-04-17,30,Ativa,59.0,WhatsApp
M0008254,A00698,O20210025,2021,Química,2021-01-16,50,Concluída,58.6,
M0008255,A00698,O20210030,2021,Redação,2021-01-23,25,Concluída,48.0,Google
M0008256,A00698,O20210033,2021,Sociologia,2021-01-15,,Cancelada,59.9,Google
M0008257,A00699,O20220048,2022,Biologia,2022-01-03,0,Concluída,86.9,
M0008258,A00699,O20220049,2022,História,03-18-2022,50,Concluída,44.9,Google
M0008259,A00699,O20220053,2022,Inglês,2022-01-13,0,Concluída,16.2,Indicação
M0008260,A00699,O20220045,2022,Matematica,2022-01-12,20,Concluída,29.3,
M0008261,A00699,O20220051,2022,Português,2022-02-07,50,concluida,71.5,WhatsApp
M0008262,A00699,O20220052,2022,Redação,2022-03-24,0,Ativa,50.0,Instagram
M0008263,A00699,O20220055,2022,Sociologia,2022-02-06,10,Concluída,62.2,Instagram
M0008264,A00700,O20240153,2024,Filosofia,27/01/2024,30,Ativa,62.6,Google
M0008265,A00700,O20240145,2024,Física,2024-01-07,,Concluída,28.1,Google
M0008266,A00700,O20240152,2024,Inglês,2024-04-20,20,Concluída,69.1,Indicação
M0008267,A00700,O20240144,2024,MATEMÁTICA,2024-02-08,25,Concluída,87.1,
M0008268,A00700,O20240150,2024,Português,2024-03-23,30,Concluída,70.9,Instagram
M0008269,A00700,O20240151,2024,Redação,01-15-2024,20,Trancada,55.8,
M0008270,A00700,O20250180,2025,Biologia,2025-01-16,50,Trancada,45.9,Feira escolar
M0008271,A00700,O20250186,2025,Filosofia,2025-03-06,25,Concluída,61.0,Feira escolar
M0008272,A00700,O20250182,2025,Geografia,2025-02-07,20,Concluída,69.5,Instagram
M0008273,A00700,O20250181,2025,História,2025-02-26,0,Concluída,46.6,WhatsApp
M0008274,A00700,O20250185,2025,Inglês,2025-03-22,,Concluída,73.7,Instagram
M0008275,A00700,O20250177,2025,Matemática,2025-02-10,0,Concluída,75.0,Indicação
M0008276,A00700,O20250183,2025,PORTUGUÊS,2025/01/28,20,Ativa,42.9,Google
M0008277,A00700,O20250184,2025,Redação,2025-04-07,50,Cancelada,38.1,Indicação
M0008278,A00700,O20250187,2025,Sociologia,2025-01-28,0,Concluída,69.5,
M0008279,A00701,O20250180,2025,BIOLOGIA,2025-03-10,15,Concluída,45.4,Indicação
M0008280,A00701,O20250186,2025,Filosofia,2025-02-01,15,Cancelada,80.4,Feira escolar
M0008281,A00701,O20250178,2025,Física,04-15-2025,10,Concluída,62.6,
M0008282,A00701,O20250182,2025,GEOGRAFIA,2025/01/04,15,Cancelada,77.1,Google
M0008283,A00701,O20250181,2025,História,2025-03-28,30,Concluída,68.8,Instagram
M0008284,A00701,O20250185,2025,Inglês,2025-04-26,10,Concluída,77.0,Indicação
M0008285,A00701,O20250177,2025,Matemática,2025-04-14,30,Concluída,73.9,Instagram
M0008286,A00701,O20250183,2025,Português,2025-04-18,0,Concluída,72.1,
M0008287,A00701,O20250179,2025,Química,2025-04-16,15,Cancelada,38.5,Feira escolar
M0008288,A00701,O20250184,2025,Redação,2025-02-13,10,Concluída,27.2,Google
M0008289,A00701,O20250187,2025,Sociologia,2025-04-12,0,Concluída,65.5,Indicação
M0008290,A00702,O20240158,2024,Biologia,2024-01-19,0,Concluída,73.1,Google
M0008291,A00702,O20240164,2024,Filosofia,2024-01-13,15,Concluída,63.3,Indicação
M0008292,A00702,O20240156,2024,Física,15/02/2024,25,Ativa,69.3,
M0008293,A00702,O20240160,2024,Geografia,2024-04-02,,,62.7,WhatsApp
M0008294,A00702,O20240159,2024,História,2024-01-03,0,Concluída,53.9,Feira escolar
M0008295,A00702,O20240163,2024,Inglês,04-07-2024,15,Concluída,33.0,
M0008296,A00702,O20240155,2024,Matemática,2024-03-25,25,Trancada,47.0,Indicação
M0008297,A00702,O20240161,2024,Português,2024-03-21,0,Concluída,50.8,Feira escolar
M0008298,A00702,O20240157,2024,Química,2024-02-09,,Concluída,38.4,Indicação
M0008299,A00702,O20240162,2024,Redação,2024-02-08,50,Cancelada,54.8,WhatsApp
M0008300,A00702,O20240165,2024,Sociologia,2024-02-26,0,Ativa,41.7,
M0008301,A00702,O20250191,2025,Biologia,2025-02-13,15,Concluída,65.2,
M0008302,A00702,O20250197,2025,Filosofia,07/01/2025,20,Concluída,64.5,
M0008303,A00702,O20250189,2025,Física,2025-01-06,0,concluida,36.5,WhatsApp
M0008304,A00702,O20250193,2025,Geografia,2025-04-17,0,Concluída,64.7,Indicação
M0008305,A00702,O20250192,2025,História,2025-04-08,0,Concluída,55.4,Indicação
M0008306,A00702,O20250196,2025,Inglês,2025-02-23,0,Concluída,42.9,Instagram
M0008307,A00702,O20250188,2025,Matemática,2025-03-12,20,Cancelada,44.8,
M0008308,A00702,O20250194,2025,Português,2025-02-01,20,Concluída,69.9,Feira escolar
M0008309,A00702,O20250190,2025,Química,01-15-2025,30,Concluída,78.5,Google
M0008310,A00702,O20250195,2025,Redação,2025-04-19,30,Concluída,52.9,Instagram
M0008311,A00702,O20250198,2025,Sociologia,2025-04-13,30,Concluída,29.1,
M0008312,A00703,O20240164,2024,Filosofia,2024-01-18,,Trancada,56.3,WhatsApp
M0008313,A00703,O20240156,2024,Física,2024-04-23,50,Concluída,52.1,Feira escolar
M0008314,A00703,O20240160,2024,Geografia,2024-03-01,30,Ativa,81.1,Indicação
M0008315,A00703,O20240159,2024,História,2024-02-23,0,Cancelada,53.1,Feira escolar
M0008316,A00703,O20240163,2024,Inglês,2024-02-08,0,Concluída,67.4,
M0008317,A00703,O20240155,2024,Matemática,03-05-2024,20,Concluída,38.0,
M0008318,A00703,O20240161,2024,Português,2024-01-25,20,Concluída,54.4,Feira escolar
M0008319,A00703,O20240157,2024,QUÍMICA,2024-01-23,0,Concluída,85.1,
M0008320,A00703,O20240162,2024,Redação,2024-04-08,25,Concluída,52.2,Feira escolar
M0008321,A00703,O20240165,2024,SOCIOLOGIA,2024-04-28,50,Concluída,45.5,Instagram
M0008322,A00703,O20250202,2025,Biologia,2025-04-16,50,Concluída,69.8,
M0008323,A00703,O20250208,2025,Filosofia,2025-04-17,15,concluida,66.9,Google
M0008324,A00703,O20250204,2025,Geografia,2025-01-01,25,Concluída,56.5,Google
M0008325,A00703,O20250199,2025,Matemática,16/04/2025,50,Concluída,54.3,Feira escolar
M0008326,A00703,O20250205,2025,Português,2025-02-17,30,Concluída,55.8,Instagram
M0008327,A00703,O20250201,2025,Química,2025-03-20,15,Concluída,60.8,Feira escolar
M0008328,A00703,O20250206,2025,Redação,2025-01-04,30,,56.3,WhatsApp
M0008329,A00703,O20250209,2025,Sociologia,2025-04-05,25,Concluída,83.1,Feira escolar
M0008330,A00704,O20250202,2025,Biologia,2025-03-23,15,Trancada,68.3,Google
M0008331,A00704,O20250208,2025,Filosofia,2025-02-10,30,Concluída,48.3,Instagram
M0008332,A00704,O20250200,2025,Física,2025-01-26,0,Concluída,43.0,Feira escolar
M0008333,A00704,O20250204,2025,Geografia,2025-01-04,15,Concluída,80.1,Indicação
M0008334,A00704,O20250203,2025,Historia,2025-02-10,20,Concluída,51.2,Feira escolar
M0008335,A00704,O20250207,2025,Inglês,2025-03-27,0,Concluída,55.4,Google
M0008336,A00704,O20250199,2025,Matemática,2025-02-26,0,Ativa,31.7,Instagram
M0008337,A00704,O20250205,2025,Português,2025-01-17,,Concluída,54.1,Google
M0008338,A00704,O20250201,2025,Química,2025-02-03,30,Concluída,69.5,Feira escolar
M0008339,A00704,O20250206,2025,Redação,2025-03-26,0,Concluída,65.4,Instagram
M0008340,A00704,O20250209,2025,Sociologia,03-21-2025,0,Ativa,62.2,Google
M0008341,A00705,O20230114,2023,Biologia,2023-03-06,15,Ativa,60.1,Google
M0008342,A00705,O20230120,2023,Filosofia,2023-02-24,,Concluída,60.0,Instagram
M0008343,A00705,O20230116,2023,Geografia,2023-01-06,15,Concluída,37.3,Feira escolar
M0008344,A00705,O20230115,2023,História,2023-01-12,25,Ativa,71.5,Indicação
M0008345,A00705,O20230119,2023,Inglês,2023-04-20,,Concluída,44.0,Instagram
M0008346,A00705,O20230111,2023,Matemática,2023-01-17,,Concluída,65.8,Instagram
M0008347,A00705,O20230117,2023,Português,2023-03-11,0,Ativa,72.6,Indicação
M0008348,A00705,O20230113,2023,Química,2023-02-19,0,Concluída,54.4,Indicação
M0008349,A00705,O20230118,2023,Redacao,2023-02-12,0,,61.9,Instagram
M0008350,A00705,O20230121,2023,Sociologia,2023-01-17,0,,39.5,Feira escolar
M0008351,A00705,O20240147,2024,Biologia,2024-03-11,,Concluída,36.3,WhatsApp
M0008352,A00705,O20240153,2024,Filosofia,2024-04-18,,Concluída,68.9,Instagram
M0008353,A00705,O20240145,2024,Física,2024-04-27,20,concluida,61.8,
M0008354,A00705,O20240149,2024,Geografia,2024/01/24,15,Concluída,50.0,Google
M0008355,A00705,O20240148,2024,História,19/01/2024,,Concluída,55.8,Indicação
M0008356,A00705,O20240152,2024,Inglês,2024-04-11,0,Concluída,51.3,
M0008357,A00705,O20240144,2024,Matemática,2024-03-11,50,Concluída,51.4,
M0008358,A00705,O20240150,2024,Português,2024-04-18,0,Concluída,87.3,
M0008359,A00705,O20240146,2024,Química,2024-03-18,15,Ativa,69.0,Feira escolar
M0008360,A00705,O20240151,2024,Redação,2024-02-08,20,Concluída,60.6,
M0008361,A00705,O20250186,2025,Filosofia,2025-01-18,0,concluida,34.6,
M0008362,A00705,O20250178,2025,Física,2025-01-12,15,Concluída,38.6,Instagram
M0008363,A00705,O20250182,2025,Geografia,2025-01-23,10,Concluída,56.2,Instagram
M0008364,A00705,O20250181,2025,História,2025-03-19,10,Concluída,74.9,
M0008365,A00705,O20250185,2025,Inglês,2025-03-17,0,Concluída,47.9,WhatsApp
M0008366,A00705,O20250177,2025,Matemática,2025-02-21,0,Ativa,59.8,Indicação
M0008367,A00705,O20250183,2025,Português,2025-02-28,10,concluida,68.0,Feira escolar
M0008368,A00705,O20250179,2025,Quimica,2025-03-25,0,,60.1,Instagram
M0008369,A00705,O20250184,2025,Redação,2025-01-27,25,Concluída,72.7,Instagram
M0008370,A00705,O20250187,2025,Sociologia,2025-01-01,20,Concluída,48.3,Google
M0008371,A00706,O20240164,2024,Filosofia,2024-02-13,0,Concluída,52.2,WhatsApp
M0008372,A00706,O20240160,2024,Geografia,2024-04-16,,Concluída,50.1,Feira escolar
M0008373,A00706,O20240159,2024,História,2024/01/25,0,Concluída,50.8,Instagram
M0008374,A00706,O20240163,2024,Inglês,2024-03-11,10,Concluída,52.2,Indicação
M0008375,A00706,O20240155,2024,Matemática,2024-03-02,0,Ativa,74.8,Google
M0008376,A00706,O20240161,2024,Português,2024-01-21,50,Concluída,56.9,Google
M0008377,A00706,O20240157,2024,QUÍMICA,2024-03-14,15,Concluída,82.9,WhatsApp
M0008378,A00706,O20240162,2024,Redação,2024-01-20,25,Concluída,46.6,Google
M0008379,A00706,O20240165,2024,Sociologia,2024-04-23,0,Trancada,57.6,Instagram
M0008380,A00706,O20250213,2025,Biologia,2025-01-06,30,Trancada,49.4,Indicação
M0008381,A00706,O20250219,2025,Filosofia,2025-03-02,10,Ativa,47.5,Feira escolar
M0008382,A00706,O20250211,2025,Física,2025-02-04,0,Concluída,76.3,Indicação
M0008383,A00706,O20250215,2025,Geografia,2025-03-07,30,,60.2,Instagram
M0008384,A00706,O20250214,2025,História,2025-01-09,10,Ativa,27.5,Indicação
M0008385,A00706,O20250218,2025,Inglês,2025-01-14,0,Concluída,78.3,Instagram
M0008386,A00706,O20250210,2025,MATEMÁTICA,2025-04-26,10,Concluída,66.3,Google
M0008387,A00706,O20250216,2025,Português,2025-03-26,50,Cancelada,34.9,Google
M0008388,A00706,O20250212,2025,QUÍMICA,2025-04-05,0,Ativa,61.8,Indicação
M0008389,A00706,O20250217,2025,Redação,2025-04-21,50,Concluída,46.0,Feira escolar
M0008390,A00707,O20220081,2022,Biologia,2022-03-21,50,Concluída,75.1,Feira escolar
M0008391,A00707,O20220079,2022,Física,2022-04-04,30,Concluída,37.2,WhatsApp
M0008392,A00707,O20220083,2022,Geografia,2022-02-10,15,Concluída,57.6,Instagram
M0008393,A00707,O20220086,2022,Inglês,2022-02-03,10,Ativa,64.2,Feira escolar
M0008394,A00707,O20220078,2022,Matemática,2022-03-14,0,Trancada,42.3,Feira escolar
M0008395,A00707,O20220084,2022,Português,2022-02-10,20,Trancada,29.6,WhatsApp
M0008396,A00707,O20220085,2022,Redação,2022-02-01,10,Concluída,39.2,Google
M0008397,A00708,O20220059,2022,Biologia,2022-03-08,10,Concluída,79.1,Instagram
M0008398,A00708,O20220065,2022,Filosofia,2022-02-04,20,Concluída,53.4,
M0008399,A00708,O20220057,2022,Física,02-11-2022,25,Ativa,69.6,
M0008400,A00708,O20220061,2022,Geografia,2022-01-10,0,Concluída,48.7,Instagram
M0008401,A00708,O20220060,2022,História,2022-02-04,15,Concluída,39.5,Google
M0008402,A00708,O20220056,2022,MATEMÁTICA,02-28-2022,0,Concluída,71.4,WhatsApp
M0008403,A00708,O20220062,2022,Português,2022-04-24,,Ativa,69.1,Indicação
M0008404,A00708,O20220058,2022,Química,27/02/2022,0,Ativa,65.7,Google
M0008405,A00708,O20220063,2022,Redação,2022/01/10,0,Concluída,43.4,Indicação
M0008406,A00708,O20220066,2022,Sociologia,2022-03-26,30,Concluída,55.0,Indicação
M0008407,A00709,O20240158,2024,Biologia,2024-01-02,10,Concluída,56.6,
M0008408,A00709,O20240164,2024,Filosofia,2024-01-18,0,Concluída,58.7,WhatsApp
M0008409,A00709,O20240156,2024,Física,03-22-2024,30,Concluída,51.3,Google
M0008410,A00709,O20240160,2024,Geografia,2024-04-08,0,Ativa,77.6,WhatsApp
M0008411,A00709,O20240159,2024,História,2024-01-14,0,Ativa,76.8,Instagram
M0008412,A00709,O20240163,2024,Inglês,2024-02-23,0,Ativa,61.7,
M0008413,A00709,O20240155,2024,Matemática,03-02-2024,20,Concluída,74.7,Instagram
M0008414,A00709,O20240161,2024,Português,2024-02-14,50,Concluída,34.9,WhatsApp
M0008415,A00709,O20240157,2024,Química,2024-03-25,50,Concluída,57.4,Indicação
M0008416,A00709,O20240162,2024,Redação,2024-03-07,0,concluida,54.0,WhatsApp
M0008417,A00709,O20240165,2024,Sociologia,2024-03-04,50,Concluída,67.6,Google
M0008418,A00710,O20240158,2024,Biologia,2024-03-16,50,Concluída,51.2,
M0008419,A00710,O20240164,2024,Filosofia,2024-02-11,20,Concluída,60.1,Instagram
M0008420,A00710,O20240159,2024,História,2024-03-03,20,Concluída,73.0,Instagram
M0008421,A00710,O20240163,2024,Inglês,2024-01-21,0,Concluída,30.8,Indicação
M0008422,A00710,O20240155,2024,Matemática,2024-04-08,0,Concluída,46.4,
M0008423,A00710,O20240161,2024,Português,2024-01-18,0,,48.0,WhatsApp
M0008424,A00710,O20240157,2024,Química,2024-02-12,30,Concluída,53.3,Google
M0008425,A00710,O20240162,2024,Redação,2024-01-17,30,Concluída,54.4,
M0008426,A00710,O20240165,2024,Sociologia,2024-03-11,50,Concluída,13.9,WhatsApp
M0008427,A00711,O20240169,2024,Biologia,2024-04-27,0,Concluída,75.7,WhatsApp
M0008428,A00711,O20240175,2024,Filosofia,04-21-2024,0,Concluída,56.6,Indicação
M0008429,A00711,O20240171,2024,Geografia,2024-03-10,50,Concluída,58.2,
M0008430,A00711,O20240170,2024,História,2024-02-17,0,Ativa,44.5,
M0008431,A00711,O20240174,2024,Inglês,2024-02-08,15,Concluída,55.1,Indicação
M0008432,A00711,O20240166,2024,Mat.,2024-02-06,15,Concluída,58.9,
M0008433,A00711,O20240172,2024,Português,2024-03-15,20,Concluída,78.5,Indicação
M0008434,A00711,O20240168,2024,Química,22/03/2024,0,Concluída,72.0,Instagram
M0008435,A00711,O20240173,2024,Redação,2024-04-10,20,Concluída,42.7,Google
M0008436,A00712,O20230092,2023,Biologia,2023-02-11,0,Concluída,65.6,Indicação
M0008437,A00712,O20230098,2023,Filosofia,2023-04-10,15,Concluída,24.0,Indicação
M0008438,A00712,O20230090,2023,Física,2023-03-12,25,concluida,79.0,Indicação
M0008439,A00712,O20230094,2023,Geografia,2023-01-13,30,Concluída,67.1,Indicação
M0008440,A00712,O20230093,2023,História,2023-03-19,15,Concluída,65.3,WhatsApp
M0008441,A00712,O20230097,2023,Ingles,2023-03-04,25,Concluída,55.7,
M0008442,A00712,O20230089,2023,Matemática,2023/01/13,0,Concluída,47.7,Google
M0008443,A00712,O20230095,2023,Português,2023-01-12,20,Cancelada,63.6,
M0008444,A00712,O20230091,2023,QUÍMICA,2023-01-04,10,concluida,42.8,WhatsApp
M0008445,A00712,O20230096,2023,Redação,2023-03-18,10,Concluída,64.6,WhatsApp
M0008446,A00713,O20240136,2024,Biologia,2024-01-24,,Ativa,57.5,WhatsApp
M0008447,A00713,O20240142,2024,Filosofia,2024-03-13,0,Concluída,72.6,
M0008448,A00713,O20240134,2024,Física,2024-04-15,0,Ativa,69.1,Instagram
M0008449,A00713,O20240137,2024,História,2024-04-18,25,concluida,68.0,
M0008450,A00713,O20240141,2024,Inglês,2024-03-04,15,Concluída,72.5,Indicação
M0008451,A00713,O20240133,2024,Matemática,2024-01-28,0,Concluída,60.5,Instagram
M0008452,A00713,O20240139,2024,Português,2024-03-11,20,Concluída,75.0,
M0008453,A00713,O20240140,2024,Redação,2024-03-28,25,Ativa,62.7,Google
M0008454,A00714,O20220059,2022,Biologia,2022-02-04,20,Ativa,65.4,
M0008455,A00714,O20220065,2022,Filosofia,2022-02-22,0,Concluída,43.3,Instagram
M0008456,A00714,O20220057,2022,Física,2022-03-23,50,Concluída,42.0,Feira escolar
M0008457,A00714,O20220060,2022,História,2022-03-22,15,Concluída,57.5,Indicação
M0008458,A00714,O20220064,2022,Inglês,2022-04-25,0,Concluída,50.3,WhatsApp
M0008459,A00714,O20220056,2022,Matemática,2022-02-08,0,Concluída,58.7,Indicação
M0008460,A00714,O20220062,2022,Português,2022-03-22,0,Concluída,78.7,Feira escolar
M0008461,A00714,O20220058,2022,Química,2022-01-21,20,Concluída,58.4,Google
M0008462,A00714,O20220063,2022,REDAÇÃO,2022-04-16,0,Concluída,66.6,Google
M0008463,A00714,O20220066,2022,Sociologia,2022-03-09,0,Concluída,57.9,WhatsApp
M0008464,A00715,O20250202,2025,Biologia,2025-04-03,50,Concluída,64.4,WhatsApp
M0008465,A00715,O20250200,2025,Física,01-06-2025,20,Concluída,44.9,WhatsApp
M0008466,A00715,O20250204,2025,Geografia,2025-01-07,,Concluída,54.1,Instagram
M0008467,A00715,O20250199,2025,Matemática,2025-04-06,0,Concluída,86.3,
M0008468,A00715,O20250205,2025,Português,2025-02-07,10,Concluída,55.7,WhatsApp
M0008469,A00715,O20250206,2025,Redação,04-21-2025,20,,74.7,Indicação
M0008470,A00715,O20250209,2025,Sociologia,2025-01-03,25,Concluída,56.5,Google
M0008471,A00716,O20230103,2023,Biologia,2023-02-06,0,Concluída,61.7,WhatsApp
M0008472,A00716,O20230109,2023,Filosofia,2023-03-26,0,Concluída,57.7,WhatsApp
M0008473,A00716,O20230101,2023,Física,04-17-2023,0,Concluída,54.4,Instagram
M0008474,A00716,O20230104,2023,História,2023-04-07,0,Concluída,50.1,
M0008475,A00716,O20230108,2023,Inglês,2023-02-24,,Concluída,37.2,Google
M0008476,A00716,O20230100,2023,Matemática,2023-01-03,10,Cancelada,52.3,Instagram
M0008477,A00716,O20230106,2023,Português,2023-03-27,10,Concluída,67.5,Indicação
M0008478,A00716,O20230102,2023,Química,2023-01-20,20,Trancada,57.8,Feira escolar
M0008479,A00716,O20230107,2023,Redação,2023-04-28,0,Ativa,67.8,Instagram
M0008480,A00716,O20230110,2023,Sociologia,2023-03-18,0,Concluída,59.9,
M0008481,A00716,O20240158,2024,Biologia,2024-03-27,,Concluída,54.0,Feira escolar
M0008482,A00716,O20240164,2024,Filosofia,2024-04-12,25,Concluída,72.8,
M0008483,A00716,O20240156,2024,Física,2024-04-22,15,,68.9,WhatsApp
M0008484,A00716,O20240160,2024,Geografia,2024-01-21,0,Concluída,68.3,Indicação
M0008485,A00716,O20240159,2024,História,2024-03-08,20,Concluída,71.8,WhatsApp
M0008486,A00716,O20240163,2024,Inglês,2024-02-27,,Concluída,54.8,Indicação
M0008487,A00716,O20240155,2024,Matemática,2024-01-10,0,Concluída,49.2,
M0008488,A00716,O20240161,2024,Português,2024-04-28,25,Concluída,62.3,Feira escolar
M0008489,A00716,O20240157,2024,Química,2024-02-13,25,Concluída,58.6,Google
M0008490,A00716,O20240162,2024,Redação,2024-04-14,10,Concluída,57.5,WhatsApp
M0008491,A00716,O20240165,2024,Sociologia,2024-02-03,15,Concluída,71.5,
M0008492,A00717,O20210026,2021,Biologia,2021-02-25,10,Ativa,63.7,Feira escolar
M0008493,A00717,O20210028,2021,Geografia,2021-01-09,10,Concluída,41.1,Feira escolar
M0008494,A00717,O20210027,2021,História,2021-04-23,15,Concluída,31.7,WhatsApp
M0008495,A00717,O20210023,2021,Matematica,2021-04-01,15,Ativa,56.4,Google
M0008496,A00717,O20210029,2021,Português,2021-01-16,20,Concluída,65.5,Indicação
M0008497,A00717,O20210025,2021,Química,2021-04-26,0,Concluída,69.7,Indicação
M0008498,A00717,O20210030,2021,Redação,2021-02-15,20,Concluída,55.6,Instagram
M0008499,A00718,O20220070,2022,Biologia,2022-04-19,30,Concluída,63.6,Google
M0008500,A00718,O20220076,2022,Filosofia,2022-03-20,20,Concluída,62.0,Indicação
M0008501,A00718,O20220068,2022,Física,2022-02-25,20,concluida,48.5,Indicação
M0008502,A00718,O20220071,2022,História,2022-02-10,20,Concluída,66.1,Indicação
M0008503,A00718,O20220075,2022,Inglês,2022-03-05,10,Concluída,45.9,Google
M0008504,A00718,O20220067,2022,Matemática,2022-04-16,30,Cancelada,42.7,
M0008505,A00718,O20220073,2022,Português,2022-01-13,20,Ativa,73.0,Indicação
M0008506,A00718,O20220069,2022,Química,02-18-2022,0,,76.3,Google
M0008507,A00718,O20220074,2022,Redação,2022-02-09,,Concluída,41.9,Feira escolar
M0008508,A00718,O20220077,2022,Sociologia,2022-04-26,30,,68.2,Google
M0008509,A00719,O20250180,2025,Biologia,2025-04-19,10,Concluída,62.5,Instagram
M0008510,A00719,O20250178,2025,Fisica,2025-03-20,0,Concluída,55.4,Instagram
M0008511,A00719,O20250182,2025,Geografia,02-23-2025,0,Concluída,61.1,Google
M0008512,A00719,O20250181,2025,História,2025-04-25,10,Concluída,72.2,WhatsApp
M0008513,A00719,O20250185,2025,Inglês,2025-04-25,10,concluida,55.1,WhatsApp
M0008514,A00719,O20250177,2025,Matemática,2025-03-02,50,Concluída,75.8,
M0008515,A00719,O20250183,2025,Português,2025-03-19,,Concluída,65.6,Instagram
M0008516,A00719,O20250179,2025,Química,02/04/2025,50,Concluída,76.2,Feira escolar
M0008517,A00719,O20250184,2025,Redacao,2025-02-10,,Concluída,62.3,Google
M0008518,A00719,O20250187,2025,Sociologia,2025-03-26,50,Ativa,45.1,
M0008519,A00720,O20210037,2021,Biologia,2021-01-12,50,,61.4,Indicação
M0008520,A00720,O20210043,2021,Filosofia,2021-03-26,10,Concluída,57.9,Google
M0008521,A00720,O20210039,2021,Geografia,2021-01-24,0,Concluída,58.9,Indicação
M0008522,A00720,O20210038,2021,História,2021-03-02,20,Cancelada,58.4,Instagram
M0008523,A00720,O20210042,2021,Inglês,2021-03-03,15,concluida,77.2,Google
M0008524,A00720,O20210034,2021,Matemática,2021-01-13,0,Concluída,36.8,Instagram
M0008525,A00720,O20210040,2021,Português,2021-04-21,0,Concluída,78.0,Instagram
M0008526,A00720,O20210041,2021,Redação,2021-03-23,20,concluida,85.3,WhatsApp
M0008527,A00720,O20210044,2021,Sociologia,2021-01-17,15,Ativa,35.9,WhatsApp
M0008528,A00721,O20210026,2021,Biologia,2021-01-26,0,Concluída,61.0,WhatsApp
M0008529,A00721,O20210028,2021,Geografia,2021-02-12,30,Cancelada,49.3,Feira escolar
M0008530,A00721,O20210027,2021,História,2021-01-22,,Concluída,48.5,Google
M0008531,A00721,O20210031,2021,Inglês,2021-03-10,,Concluída,66.6,
M0008532,A00721,O20210023,2021,Matemática,2021-03-26,0,Concluída,54.8,Google
M0008533,A00721,O20210029,2021,Português,2021-01-12,0,Concluída,57.3,Instagram
M0008534,A00721,O20210025,2021,Química,2021-03-25,0,Concluída,79.4,Indicação
M0008535,A00721,O20210030,2021,Redação,2021-03-09,30,Concluída,52.3,
M0008536,A00721,O20210033,2021,SOCIOLOGIA,2021-04-11,0,Ativa,64.1,Feira escolar
M0008537,A00721,O20220059,2022,BIOLOGIA,2022-04-16,,Concluída,48.9,
M0008538,A00721,O20220065,2022,Filosofia,2022-04-17,0,Ativa,46.5,Indicação
M0008539,A00721,O20220057,2022,Física,2022-01-24,0,Concluída,44.5,Indicação
M0008540,A00721,O20220061,2022,Geografia,03-04-2022,50,Ativa,46.5,
M0008541,A00721,O20220064,2022,Inglês,2022-03-05,20,Concluída,68.0,
M0008542,A00721,O20220056,2022,Matemática,2022-01-28,15,Concluída,71.9,Instagram
M0008543,A00721,O20220062,2022,Português,2022-01-16,20,Concluída,77.4,WhatsApp
M0008544,A00721,O20220058,2022,Química,2022-04-10,0,Concluída,85.9,Indicação
M0008545,A00721,O20220063,2022,Redação,04-19-2022,25,Concluída,62.7,WhatsApp
M0008546,A00721,O20220066,2022,Sociologia,2022-01-27,0,Concluída,65.6,Feira escolar
M0008547,A00722,O20240147,2024,Biologia,2024-04-23,15,Concluída,49.0,Indicação
M0008548,A00722,O20240153,2024,Filosofia,2024-03-25,0,Concluída,81.2,Feira escolar
M0008549,A00722,O20240145,2024,Fisica,2024-01-19,20,Ativa,61.6,
M0008550,A00722,O20240149,2024,Geografia,2024-02-17,15,Concluída,71.3,Indicação
M0008551,A00722,O20240144,2024,Matemática,2024-03-05,20,Concluída,65.1,Google
M0008552,A00722,O20240150,2024,Português,2024-03-25,0,Concluída,71.1,
M0008553,A00722,O20240146,2024,Química,23/03/2024,10,Concluída,62.3,Google
M0008554,A00722,O20240151,2024,Redação,2024-04-08,,Concluída,78.3,Google
M0008555,A00722,O20240154,2024,Sociologia,2024-03-02,10,Concluída,82.9,Google
M0008556,A00723,O20240136,2024,Biologia,2024-01-22,20,Concluída,57.9,Instagram
M0008557,A00723,O20240134,2024,Física,2024-03-22,0,Concluída,66.8,Instagram
M0008558,A00723,O20240138,2024,Geografia,2024-01-11,10,Concluída,53.7,Google
M0008559,A00723,O20240141,2024,Inglês,2024-03-12,,Concluída,71.4,Google
M0008560,A00723,O20240133,2024,Matemática,2024-04-01,25,Concluída,52.7,Instagram
M0008561,A00723,O20240139,2024,Português,2024-02-14,10,Ativa,57.2,Google
M0008562,A00723,O20240135,2024,Quimica,2024-01-13,25,Ativa,58.7,
M0008563,A00723,O20240140,2024,Redação,2024-04-14,20,Concluída,37.5,Indicação
M0008564,A00723,O20250191,2025,Biologia,2025-02-02,50,Concluída,61.0,Instagram
M0008565,A00723,O20250197,2025,Filosofia,2025-02-15,15,concluida,73.2,
M0008566,A00723,O20250189,2025,Física,2025-02-19,0,Concluída,47.4,Indicação
M0008567,A00723,O20250193,2025,Geografia,2025-04-17,20,Ativa,50.7,Google
M0008568,A00723,O20250192,2025,História,2025-01-06,0,Concluída,57.7,Instagram
M0008569,A00723,O20250196,2025,Inglês,2025-01-14,10,Ativa,42.5,Instagram
M0008570,A00723,O20250188,2025,Matemática,2025-04-11,0,Concluída,46.5,Indicação
M0008571,A00723,O20250194,2025,Português,2025-03-09,30,Concluída,52.3,
M0008572,A00723,O20250190,2025,Química,14/04/2025,0,Concluída,71.1,WhatsApp
M0008573,A00723,O20250195,2025,REDAÇÃO,2025-03-19,10,Concluída,61.2,Indicação
M0008574,A00723,O20250198,2025,Sociologia,2025-01-01,0,Cancelada,80.3,WhatsApp
M0008575,A00724,O20240153,2024,Filosofia,2024-03-27,30,Concluída,48.2,Instagram
M0008576,A00724,O20240145,2024,Física,2024/04/09,10,Concluída,49.9,Instagram
M0008577,A00724,O20240149,2024,Geografia,2024-03-28,0,Concluída,84.6,WhatsApp
M0008578,A00724,O20240148,2024,História,2024-01-03,25,Trancada,49.9,Google
M0008579,A00724,O20240152,2024,Inglês,2024-04-18,25,Ativa,46.0,Indicação
M0008580,A00724,O20240144,2024,Matemática,2024-01-12,15,Concluída,63.3,Feira escolar
M0008581,A00724,O20240150,2024,Português,2024-04-18,0,Trancada,49.6,
M0008582,A00724,O20240151,2024,Redação,2024-02-20,15,Trancada,72.9,Instagram
M0008583,A00724,O20240154,2024,SOCIOLOGIA,2024-04-23,0,Cancelada,53.1,Indicação
M0008584,A00725,O20230109,2023,Filosofia,2023-02-19,10,Concluída,91.5,WhatsApp
M0008585,A00725,O20230101,2023,Física,2023-01-23,25,Ativa,52.3,WhatsApp
M0008586,A00725,O20230105,2023,Geografia,2023-01-07,0,Ativa,55.3,
M0008587,A00725,O20230104,2023,História,2023-02-16,10,Ativa,53.1,Feira escolar
M0008588,A00725,O20230108,2023,Inglês,2023-04-14,20,Concluída,39.1,Indicação
M0008589,A00725,O20230100,2023,Matemática,2023-01-04,50,Concluída,57.0,
M0008590,A00725,O20230106,2023,Português,2023-02-01,20,Concluída,42.0,Instagram
M0008591,A00725,O20230102,2023,Química,2023-04-11,,Concluída,46.7,Google
M0008592,A00725,O20230107,2023,Redação,2023-03-18,25,concluida,59.4,Feira escolar
M0008593,A00725,O20240136,2024,BIOLOGIA,2024-03-14,,concluida,59.5,WhatsApp
M0008594,A00725,O20240142,2024,Filosofia,2024-03-15,15,Concluída,48.0,Indicação
M0008595,A00725,O20240134,2024,Física,2024-02-26,0,Concluída,50.0,Google
M0008596,A00725,O20240138,2024,Geografia,2024-04-11,10,Trancada,72.6,WhatsApp
M0008597,A00725,O20240137,2024,História,2024-03-19,25,Concluída,69.2,Google
M0008598,A00725,O20240141,2024,Inglês,2024-01-25,30,Ativa,58.0,Google
M0008599,A00725,O20240133,2024,Matemática,2024-01-17,0,Concluída,72.5,Feira escolar
M0008600,A00725,O20240139,2024,Português,2024-01-25,50,Concluída,58.4,Instagram
M0008601,A00725,O20240140,2024,Redação,2024/01/12,20,Ativa,55.4,Feira escolar
M0008602,A00725,O20240143,2024,Sociologia,2024-03-21,20,Concluída,40.0,WhatsApp
M0008603,A00726,O20230090,2023,Física,2023-01-17,,Cancelada,69.6,Google
M0008604,A00726,O20230094,2023,Geografia,2023-01-23,0,Concluída,64.7,Indicação
M0008605,A00726,O20230097,2023,Inglês,2023-01-02,10,Concluída,63.0,
M0008606,A00726,O20230089,2023,Matemática,2023-04-22,0,Concluída,58.1,Indicação
M0008607,A00726,O20230095,2023,Português,2023-03-22,0,Ativa,60.9,Instagram
M0008608,A00726,O20230091,2023,Química,2023-03-12,0,Concluída,69.4,Feira escolar
M0008609,A00726,O20230096,2023,Redação,2023-01-14,0,Concluída,38.5,WhatsApp
M0008610,A00726,O20230099,2023,Sociologia,2023-04-17,15,Concluída,62.4,Instagram
M0008611,A00727,O20240169,2024,Biologia,2024-01-08,0,Concluída,75.7,Google
M0008612,A00727,O20240167,2024,Física,2024-01-10,30,Ativa,70.9,Feira escolar
M0008613,A00727,O20240174,2024,Inglês,2024-03-08,0,Concluída,64.0,
M0008614,A00727,O20240166,2024,Matemática,2024-03-20,10,Concluída,35.9,Instagram
M0008615,A00727,O20240172,2024,Português,2024-01-24,0,Concluída,73.6,
M0008616,A00727,O20240168,2024,Química,2024-01-13,0,Concluída,85.5,Google
M0008617,A00727,O20240173,2024,Redação,2024-03-13,0,Concluída,72.4,Indicação
M0008618,A00727,O20240176,2024,Sociologia,2024-02-14,0,Concluída,61.1,Google
M0008619,A00728,O20250191,2025,Biologia,2025/01/06,,Ativa,61.4,Feira escolar
M0008620,A00728,O20250197,2025,Filosofia,2025-04-25,0,Trancada,61.3,WhatsApp
M0008621,A00728,O20250193,2025,Geografia,2025-04-05,50,Concluída,37.3,WhatsApp
M0008622,A00728,O20250192,2025,História,2025-03-22,50,Concluída,56.7,WhatsApp
M0008623,A00728,O20250196,2025,Inglês,2025-04-15,30,Concluída,45.7,Indicação
M0008624,A00728,O20250188,2025,Matemática,28/04/2025,15,Concluída,58.1,Feira escolar
M0008625,A00728,O20250194,2025,Português,2025-02-07,15,Concluída,46.8,
M0008626,A00728,O20250190,2025,Química,2025-01-18,0,Ativa,77.3,
M0008627,A00728,O20250195,2025,Redação,2025-03-02,10,Concluída,82.2,WhatsApp
M0008628,A00728,O20250198,2025,Sociologia,03-22-2025,0,Trancada,47.0,Indicação
M0008629,A00729,O20220087,2022,Filosofia,2022-03-23,0,Cancelada,64.7,Indicação
M0008630,A00729,O20220082,2022,História,2022-04-02,0,Concluída,45.2,Indicação
M0008631,A00729,O20220078,2022,Matemática,2022/03/26,,Concluída,57.8,Feira escolar
M0008632,A00729,O20220084,2022,Português,2022-01-26,20,Concluída,31.3,Instagram
M0008633,A00729,O20220080,2022,Química,2022-04-06,0,Ativa,53.2,Feira escolar
M0008634,A00729,O20220085,2022,Redação,2022-02-16,25,Concluída,61.1,Instagram
M0008635,A00729,O20230092,2023,Biologia,2023-04-03,0,concluida,38.8,
M0008636,A00729,O20230098,2023,Filosofia,2023-01-07,15,Ativa,65.6,Instagram
M0008637,A00729,O20230090,2023,Física,2023-01-07,15,Concluída,81.3,Indicação
M0008638,A00729,O20230094,2023,Geografia,2023-01-10,15,Concluída,67.1,Feira escolar
M0008639,A00729,O20230093,2023,História,2023-04-10,15,Concluída,83.0,WhatsApp
M0008640,A00729,O20230097,2023,Inglês,2023-01-05,30,Concluída,64.4,Indicação
M0008641,A00729,O20230089,2023,Matemática,2023-04-06,25,Concluída,35.4,Indicação
M0008642,A00729,O20230095,2023,Português,2023-03-03,25,Concluída,76.1,Google
M0008643,A00729,O20230091,2023,Química,2023-04-24,0,Concluída,68.2,Feira escolar
M0008644,A00729,O20230096,2023,Redação,03/01/2023,30,Concluída,47.7,Indicação
M0008645,A00729,O20230099,2023,Sociologia,2023-02-25,0,Concluída,66.9,Indicação
M0008646,A00730,O20240147,2024,Biologia,2024-04-09,0,Concluída,57.8,Feira escolar
M0008647,A00730,O20240153,2024,Filosofia,04-03-2024,30,Concluída,71.0,WhatsApp
M0008648,A00730,O20240145,2024,Física,2024-04-12,20,Concluída,69.7,
M0008649,A00730,O20240149,2024,Geografia,2024-04-07,50,Concluída,39.1,Google
M0008650,A00730,O20240148,2024,História,2024-01-25,50,Concluída,43.4,Indicação
M0008651,A00730,O20240152,2024,Inglês,2024/01/15,0,Concluída,86.7,Google
M0008652,A00730,O20240144,2024,Matemática,2024-04-17,20,Concluída,67.4,WhatsApp
M0008653,A00730,O20240150,2024,Português,2024-04-20,50,Concluída,64.4,Feira escolar
M0008654,A00730,O20240146,2024,Química,2024-04-26,0,Concluída,57.1,WhatsApp
M0008655,A00730,O20240151,2024,Redação,2024-02-10,50,Cancelada,56.6,Feira escolar
M0008656,A00731,O20250180,2025,Biologia,2025-01-14,15,Concluída,57.2,WhatsApp
M0008657,A00731,O20250186,2025,FILOSOFIA,2025-01-01,15,Concluída,27.3,WhatsApp
M0008658,A00731,O20250178,2025,Física,2025-04-12,0,Concluída,43.2,
M0008659,A00731,O20250182,2025,Geografia,2025-02-06,0,Concluída,70.5,Indicação
M0008660,A00731,O20250181,2025,História,2025/02/16,20,Ativa,37.1,Google
M0008661,A00731,O20250185,2025,Inglês,2025-01-17,25,Concluída,62.0,Google
M0008662,A00731,O20250177,2025,Matemática,2025/03/20,50,Ativa,85.0,WhatsApp
M0008663,A00731,O20250183,2025,Português,2025-02-01,25,Ativa,72.6,
M0008664,A00731,O20250179,2025,Química,2025-02-11,25,Concluída,47.7,Instagram
M0008665,A00731,O20250184,2025,Redação,2025-04-03,30,Concluída,38.0,
M0008666,A00731,O20250187,2025,Sociologia,24/02/2025,0,concluida,56.6,Feira escolar
M0008667,A00732,O20240147,2024,Biologia,2024/04/05,10,Concluída,77.8,Google
M0008668,A00732,O20240153,2024,Filosofia,2024-04-01,50,Ativa,48.4,Instagram
M0008669,A00732,O20240145,2024,Física,2024-04-12,0,Concluída,68.0,
M0008670,A00732,O20240149,2024,Geografia,2024-02-01,50,Concluída,72.5,Instagram
M0008671,A00732,O20240148,2024,História,2024-02-04,10,Ativa,40.1,Google
M0008672,A00732,O20240152,2024,Inglês,2024-02-16,15,Cancelada,39.3,Instagram
M0008673,A00732,O20240144,2024,Matemática,2024-01-11,0,Concluída,72.4,Feira escolar
M0008674,A00732,O20240150,2024,Português,2024-04-19,0,Trancada,66.8,
M0008675,A00732,O20240151,2024,Redação,2024-02-12,50,,40.5,
M0008676,A00732,O20240154,2024,Sociologia,2024-02-14,50,Concluída,72.7,Indicação
M0008677,A00732,O20250200,2025,Física,2025-02-12,20,Ativa,32.3,Indicação
M0008678,A00732,O20250204,2025,Geografia,2025-01-19,10,Concluída,47.4,Google
M0008679,A00732,O20250203,2025,História,2025-02-19,50,Concluída,44.1,
M0008680,A00732,O20250207,2025,Inglês,2025-04-21,15,Concluída,29.1,Google
M0008681,A00732,O20250199,2025,Matemática,2025-01-19,10,Concluída,44.9,
M0008682,A00732,O20250205,2025,Português,2025-03-21,50,Concluída,71.0,Google
M0008683,A00732,O20250201,2025,Química,2025-03-11,25,Concluída,51.5,
M0008684,A00732,O20250206,2025,Redação,2025-04-09,50,Ativa,82.0,
M0008685,A00732,O20250209,2025,Sociologia,2025-03-24,,Concluída,24.3,Google
M0008686,A00733,O20220059,2022,Biologia,2022/01/07,0,Concluída,78.2,WhatsApp
M0008687,A00733,O20220065,2022,Filosofia,2022-04-23,0,Ativa,67.2,
M0008688,A00733,O20220057,2022,Física,2022-03-10,30,Cancelada,60.6,
M0008689,A00733,O20220061,2022,Geografia,2022-01-21,30,Concluída,72.5,Instagram
M0008690,A00733,O20220060,2022,Historia,25/01/2022,15,Concluída,43.3,Indicação
M0008691,A00733,O20220064,2022,Inglês,2022-02-03,0,Ativa,33.6,Indicação
M0008692,A00733,O20220056,2022,Matemática,2022-01-06,0,Concluída,69.0,Feira escolar
M0008693,A00733,O20220062,2022,Português,2022-02-11,10,Trancada,67.2,Feira escolar
M0008694,A00733,O20220063,2022,Redação,2022-03-10,10,Concluída,88.0,
M0008695,A00733,O20220066,2022,Sociologia,2022-03-27,20,Concluída,57.5,Instagram
M0008696,A00733,O20230098,2023,Filosofia,2023-02-18,15,Concluída,57.1,
M0008697,A00733,O20230090,2023,Física,2023-04-18,,Cancelada,49.0,
M0008698,A00733,O20230094,2023,Geografia,2023-01-27,20,concluida,67.4,Indicação
M0008699,A00733,O20230093,2023,História,22/02/2023,,Concluída,45.5,Indicação
M0008700,A00733,O20230089,2023,Matemática,2023-04-23,0,Concluída,68.9,Google
M0008701,A00733,O20230095,2023,Português,2023-01-04,50,Concluída,68.7,Instagram
M0008702,A00733,O20230091,2023,Química,2023-04-23,15,Concluída,54.4,Indicação
M0008703,A00733,O20230096,2023,Redação,2023-04-22,20,Concluída,56.8,Indicação
M0008704,A00733,O20230099,2023,Sociologia,2023-02-06,,concluida,48.3,Feira escolar
M0008705,A00734,O20240158,2024,Biologia,2024-04-08,50,Concluída,69.9,WhatsApp
M0008706,A00734,O20240164,2024,Filosofia,2024-02-15,25,Concluída,68.1,Google
M0008707,A00734,O20240163,2024,Inglês,2024-04-06,0,Ativa,49.2,WhatsApp
M0008708,A00734,O20240155,2024,Matemática,01-01-2024,15,Trancada,55.9,Google
M0008709,A00734,O20240161,2024,Português,2024-01-14,0,Concluída,56.3,
M0008710,A00734,O20240162,2024,Redação,04-05-2024,10,Ativa,46.3,Indicação
M0008711,A00734,O20240165,2024,Sociologia,2024-02-07,50,Ativa,51.2,Indicação
M0008712,A00735,O20230098,2023,Filosofia,2023-01-08,0,Concluída,44.2,Google
M0008713,A00735,O20230090,2023,Física,2023-03-20,,Ativa,53.7,Instagram
M0008714,A00735,O20230094,2023,Geografia,14/04/2023,25,Concluída,41.5,Indicação
M0008715,A00735,O20230097,2023,Inglês,2023-02-18,30,Ativa,15.0,Feira escolar
M0008716,A00735,O20230089,2023,Matemática,2023-04-06,25,Concluída,87.9,WhatsApp
M0008717,A00735,O20230095,2023,Português,2023-02-28,30,Concluída,89.5,
M0008718,A00735,O20230091,2023,Química,2023-01-07,0,Cancelada,48.3,Instagram
M0008719,A00735,O20230096,2023,Redação,2023-01-16,30,Concluída,40.8,WhatsApp
M0008720,A00735,O20230099,2023,Sociologia,03-21-2023,20,Concluída,79.7,Indicação
M0008721,A00736,O20240169,2024,BIOLOGIA,02-06-2024,10,concluida,55.5,Indicação
M0008722,A00736,O20240170,2024,História,2024-01-16,50,concluida,60.2,Indicação
M0008723,A00736,O20240174,2024,Inglês,2024-02-10,0,Concluída,48.0,Feira escolar
M0008724,A00736,O20240166,2024,Matemática,2024-02-16,,concluida,63.0,
M0008725,A00736,O20240172,2024,Português,2024-01-17,15,Concluída,59.5,Instagram
M0008726,A00736,O20240168,2024,Química,2024-02-11,50,Cancelada,64.9,WhatsApp
M0008727,A00736,O20240173,2024,Redação,2024-01-25,20,Concluída,53.6,WhatsApp
M0008728,A00737,O20230125,2023,Biologia,2023-01-14,0,Concluída,45.8,WhatsApp
M0008729,A00737,O20230131,2023,FILOSOFIA,2023-04-05,10,Ativa,70.6,Google
M0008730,A00737,O20230123,2023,Física,2023-01-02,50,Cancelada,66.0,
M0008731,A00737,O20230122,2023,Matemática,2023-03-18,20,Ativa,53.2,Instagram
M0008732,A00737,O20230128,2023,Português,2023-03-14,0,Concluída,52.8,
M0008733,A00737,O20230129,2023,Redação,2023-01-23,10,Ativa,55.0,WhatsApp
M0008734,A00737,O20230132,2023,Sociologia,2023-04-04,25,Ativa,65.9,
M0008735,A00738,O20250191,2025,Biologia,2025-04-09,30,Concluída,77.6,WhatsApp
M0008736,A00738,O20250189,2025,Física,2025-03-26,15,Cancelada,35.5,WhatsApp
M0008737,A00738,O20250193,2025,Geografia,2025-01-20,0,Concluída,67.0,Indicação
M0008738,A00738,O20250192,2025,História,2025-04-17,25,Concluída,24.0,Google
M0008739,A00738,O20250188,2025,Matemática,2025-02-15,0,Concluída,30.2,Indicação
M0008740,A00738,O20250194,2025,Português,2025-04-25,,Concluída,46.9,Instagram
M0008741,A00738,O20250190,2025,Química,2025-01-13,0,Ativa,66.5,Instagram
M0008742,A00738,O20250195,2025,Redação,04-18-2025,50,Concluída,45.6,
M0008743,A00739,O20230103,2023,Biologia,2023-02-18,0,Concluída,48.1,
M0008744,A00739,O20230109,2023,FILOSOFIA,2023-04-23,10,Concluída,75.3,Instagram
M0008745,A00739,O20230101,2023,Física,2023-02-10,50,concluida,58.9,Indicação
M0008746,A00739,O20230105,2023,Geografia,2023-01-19,25,Concluída,61.9,WhatsApp
M0008747,A00739,O20230104,2023,Historia,2023/02/10,10,Concluída,68.6,Indicação
M0008748,A00739,O20230108,2023,Inglês,22/03/2023,25,,62.5,Feira escolar
M0008749,A00739,O20230100,2023,Matemática,2023-03-09,0,concluida,84.4,WhatsApp
M0008750,A00739,O20230106,2023,Portugues,2023-04-06,0,Concluída,70.2,Indicação
M0008751,A00739,O20230102,2023,Química,2023-03-27,15,Concluída,59.1,Google
M0008752,A00739,O20230107,2023,Redação,2023/02/07,15,Ativa,46.7,WhatsApp
M0008753,A00739,O20230110,2023,Sociologia,2023-02-05,25,Concluída,50.8,Indicação
M0008754,A00740,O20220070,2022,Biologia,2022-04-18,,Ativa,91.6,
M0008755,A00740,O20220076,2022,Filosofia,2022-02-14,0,Concluída,63.8,Instagram
M0008756,A00740,O20220068,2022,Física,2022-01-07,10,Ativa,51.5,Google
M0008757,A00740,O20220072,2022,Geografia,2022-04-02,,concluida,64.3,Instagram
M0008758,A00740,O20220071,2022,História,2022-01-26,10,Concluída,67.0,Feira escolar
M0008759,A00740,O20220075,2022,Inglês,02-09-2022,0,Concluída,26.9,Instagram
M0008760,A00740,O20220067,2022,Mat.,2022-04-23,10,Concluída,83.7,Instagram
M0008761,A00740,O20220073,2022,Português,2022-04-19,0,Concluída,29.6,WhatsApp
M0008762,A00740,O20220069,2022,Química,2022-01-11,0,Concluída,60.2,Instagram
M0008763,A00740,O20220074,2022,Redacao,2022-01-08,0,Concluída,55.1,Google
M0008764,A00740,O20220077,2022,Sociologia,2022-02-04,0,Ativa,45.9,Instagram
M0008765,A00740,O20230092,2023,Biologia,2023-01-13,0,Ativa,50.6,WhatsApp
M0008766,A00740,O20230098,2023,Filosofia,2023-01-10,50,Concluída,48.8,Google
M0008767,A00740,O20230090,2023,Física,2023-03-05,15,Concluída,62.4,WhatsApp
M0008768,A00740,O20230094,2023,Geografia,2023-04-25,20,Concluída,41.9,Google
M0008769,A00740,O20230093,2023,História,2023-01-01,25,Concluída,57.3,
M0008770,A00740,O20230097,2023,Inglês,17/04/2023,0,Ativa,45.1,WhatsApp
M0008771,A00740,O20230089,2023,Matemática,2023-03-12,10,Concluída,70.5,Google
M0008772,A00740,O20230095,2023,Portugues,2023-01-14,50,Concluída,62.1,Feira escolar
M0008773,A00740,O20230091,2023,Química,2023-04-15,0,Concluída,57.5,Indicação
M0008774,A00740,O20230096,2023,Redação,2023-04-01,50,Concluída,43.2,
M0008775,A00740,O20230099,2023,SOCIOLOGIA,2023-02-13,0,Concluída,64.7,Google
M0008776,A00741,O20240136,2024,Biologia,2024/02/11,0,Concluída,61.4,Google
M0008777,A00741,O20240142,2024,Filosofia,2024-03-07,20,Ativa,49.9,Feira escolar
M0008778,A00741,O20240134,2024,Física,2024/02/06,15,Concluída,74.2,Instagram
M0008779,A00741,O20240138,2024,Geografia,2024-03-10,0,Concluída,33.7,
M0008780,A00741,O20240137,2024,História,2024-01-12,25,Concluída,44.2,Google
M0008781,A00741,O20240141,2024,Inglês,2024-03-18,50,Concluída,74.6,
M0008782,A00741,O20240133,2024,Matemática,03-24-2024,15,Concluída,69.3,
M0008783,A00741,O20240139,2024,Português,2024-02-21,30,concluida,54.0,Feira escolar
M0008784,A00741,O20240135,2024,Química,2024-04-09,0,concluida,57.6,Feira escolar
M0008785,A00741,O20240140,2024,Redação,2024-02-19,20,Concluída,87.5,Feira escolar
M0008786,A00741,O20240143,2024,Sociologia,2024-02-09,50,Concluída,59.7,Instagram
M0008787,A00742,O20210004,2021,Biologia,2021-03-19,0,Concluída,44.9,Google
M0008788,A00742,O20210010,2021,Filosofia,2021-04-05,30,Concluída,64.8,Indicação
M0008789,A00742,O20210002,2021,Física,2021-03-11,20,Ativa,47.6,WhatsApp
M0008790,A00742,O20210006,2021,Geografia,2021-01-20,15,Ativa,64.4,WhatsApp
M0008791,A00742,O20210005,2021,História,2021-03-25,0,Concluída,63.0,Feira escolar
M0008792,A00742,O20210009,2021,Inglês,2021-01-05,0,Concluída,66.9,WhatsApp
M0008793,A00742,O20210001,2021,Matemática,2021-04-11,50,Ativa,30.4,Google
M0008794,A00742,O20210007,2021,Português,2021-01-18,25,Concluída,57.2,Indicação
M0008795,A00742,O20210008,2021,Redação,2021-01-04,0,Ativa,60.4,Indicação
M0008796,A00742,O20210011,2021,Sociologia,2021-01-14,0,Trancada,51.1,Instagram
M0008797,A00743,O20240153,2024,Filosofia,2024/04/22,15,Ativa,31.9,Feira escolar
M0008798,A00743,O20240145,2024,Física,2024-03-15,20,Concluída,89.4,Indicação
M0008799,A00743,O20240149,2024,Geografia,2024-03-19,30,Concluída,55.3,Google
M0008800,A00743,O20240144,2024,Matemática,2024-03-16,0,Concluída,47.7,Instagram
M0008801,A00743,O20240150,2024,Português,2024-04-24,30,Concluída,46.9,
M0008802,A00743,O20240151,2024,Redação,2024-01-16,10,Concluída,44.1,
M0008803,A00743,O20240154,2024,Sociologia,2024-01-05,0,Concluída,63.9,
M0008804,A00743,O20250191,2025,Biologia,2025-02-28,10,Concluída,50.7,Instagram
M0008805,A00743,O20250197,2025,Filosofia,2025-02-24,20,Concluída,40.6,WhatsApp
M0008806,A00743,O20250189,2025,Física,2025-02-21,,Ativa,68.5,Google
M0008807,A00743,O20250193,2025,GEOGRAFIA,2025-04-07,0,Concluída,25.0,Indicação
M0008808,A00743,O20250192,2025,História,2025-03-26,0,concluida,69.3,Feira escolar
M0008809,A00743,O20250196,2025,Inglês,2025-01-08,10,Ativa,18.3,WhatsApp
M0008810,A00743,O20250188,2025,Matemática,2025-04-22,25,Ativa,58.4,Google
M0008811,A00743,O20250194,2025,Português,2025-02-22,10,Concluída,81.7,Instagram
M0008812,A00743,O20250190,2025,Química,2025-04-06,10,Concluída,71.5,Indicação
M0008813,A00743,O20250195,2025,Redação,2025-03-26,0,Concluída,23.6,Instagram
M0008814,A00743,O20250198,2025,Sociologia,2025-04-28,50,concluida,63.9,WhatsApp
M0008815,A00744,O20240169,2024,Biologia,2024-01-03,0,Concluída,70.9,WhatsApp
M0008816,A00744,O20240175,2024,Filosofia,2024-03-26,20,Concluída,61.2,
M0008817,A00744,O20240171,2024,Geografia,2024-01-26,15,Concluída,49.5,WhatsApp
M0008818,A00744,O20240170,2024,História,08/02/2024,0,Concluída,70.0,Feira escolar
M0008819,A00744,O20240174,2024,Inglês,2024-01-08,15,Concluída,25.3,Feira escolar
M0008820,A00744,O20240166,2024,Matemática,2024-02-04,10,Concluída,51.4,Feira escolar
M0008821,A00744,O20240172,2024,Português,2024-03-02,0,Concluída,59.9,Google
M0008822,A00744,O20240173,2024,Redação,2024-04-22,,Concluída,79.3,Instagram
M0008823,A00744,O20240176,2024,Sociologia,2024-02-19,0,Concluída,43.6,Feira escolar
M0008824,A00744,O20250180,2025,Biologia,2025/02/13,0,Concluída,73.0,Indicação
M0008825,A00744,O20250182,2025,Geografia,2025-03-17,50,Ativa,85.0,Indicação
M0008826,A00744,O20250181,2025,História,2025-02-25,0,Concluída,36.5,WhatsApp
M0008827,A00744,O20250177,2025,Matemática,2025-03-22,20,Concluída,67.6,
M0008828,A00744,O20250183,2025,Português,2025-02-25,30,Concluída,75.3,
M0008829,A00744,O20250179,2025,Química,2025-04-27,0,Concluída,67.0,Indicação
M0008830,A00744,O20250184,2025,REDAÇÃO,2025-03-05,10,Trancada,63.0,
M0008831,A00745,O20240136,2024,Biologia,2024-04-16,10,concluida,59.4,
M0008832,A00745,O20240142,2024,Filosofia,2024-02-25,10,Concluída,75.7,
M0008833,A00745,O20240134,2024,Física,2024-04-11,,Concluída,48.7,
M0008834,A00745,O20240137,2024,História,01-04-2024,0,Concluída,51.0,Feira escolar
M0008835,A00745,O20240141,2024,Inglês,2024-04-09,15,Ativa,73.7,WhatsApp
M0008836,A00745,O20240133,2024,Matemática,2024-01-04,20,Cancelada,77.6,Indicação
M0008837,A00745,O20240139,2024,Português,2024/01/20,0,Trancada,66.2,WhatsApp
M0008838,A00745,O20240135,2024,Quimica,2024-02-20,10,Concluída,48.2,Feira escolar
M0008839,A00745,O20240140,2024,Redação,2024-04-15,0,Concluída,46.7,Feira escolar
M0008840,A00745,O20240143,2024,Sociologia,2024-03-02,15,Ativa,58.3,WhatsApp
M0008841,A00746,O20240147,2024,Biologia,2024-03-13,0,Concluída,84.7,Indicação
M0008842,A00746,O20240148,2024,História,2024-01-06,20,Concluída,49.9,WhatsApp
M0008843,A00746,O20240152,2024,Inglês,2024-04-26,15,Concluída,67.9,Feira escolar
M0008844,A00746,O20240144,2024,Matemática,2024-04-17,0,Ativa,68.4,WhatsApp
M0008845,A00746,O20240150,2024,Português,2024-02-21,20,Cancelada,50.9,
M0008846,A00746,O20240146,2024,Química,2024-01-06,20,Trancada,63.0,Indicação
M0008847,A00746,O20240151,2024,Redação,2024-02-12,25,Concluída,67.2,Feira escolar
M0008848,A00746,O20240154,2024,Sociologia,2024-01-12,,Concluída,67.4,Instagram
M0008849,A00747,O20230092,2023,Biologia,02-27-2023,0,Concluída,64.4,Feira escolar
M0008850,A00747,O20230098,2023,Filosofia,2023-04-28,0,Trancada,82.9,Feira escolar
M0008851,A00747,O20230094,2023,Geografia,2023-03-05,10,Cancelada,55.0,WhatsApp
M0008852,A00747,O20230093,2023,História,2023-01-28,20,Ativa,48.7,
M0008853,A00747,O20230089,2023,Matemática,2023-01-27,25,Concluída,67.3,Feira escolar
M0008854,A00747,O20230095,2023,Português,2023-03-06,0,Concluída,55.7,
M0008855,A00747,O20230096,2023,Redação,2023-04-08,10,Concluída,47.1,Feira escolar
M0008856,A00747,O20230099,2023,Sociologia,2023-01-26,,Cancelada,61.8,Feira escolar
M0008857,A00748,O20220048,2022,Biologia,2022-04-01,25,Concluída,46.1,Google
M0008858,A00748,O20220046,2022,Física,2022-02-28,50,Concluída,65.8,WhatsApp
M0008859,A00748,O20220050,2022,Geografia,2022-03-17,50,Ativa,51.7,Google
M0008860,A00748,O20220049,2022,História,2022-04-04,,Cancelada,68.2,Indicação
M0008861,A00748,O20220053,2022,Inglês,2022-01-11,20,Concluída,41.7,Feira escolar
M0008862,A00748,O20220045,2022,Matemática,2022-04-13,50,concluida,51.3,Instagram
M0008863,A00748,O20220051,2022,Português,2022-01-23,0,Concluída,56.0,Feira escolar
M0008864,A00748,O20220047,2022,Química,2022-03-27,10,Concluída,75.2,Indicação
M0008865,A00748,O20220052,2022,Redação,15/03/2022,50,Concluída,70.6,Indicação
M0008866,A00748,O20220055,2022,Sociologia,2022-02-01,15,Ativa,81.6,Google
M0008867,A00748,O20230103,2023,Biologia,2023-03-22,0,Ativa,47.0,Feira escolar
M0008868,A00748,O20230109,2023,Filosofia,2023-03-22,0,Ativa,50.3,Google
M0008869,A00748,O20230101,2023,Física,2023-03-27,15,Concluída,34.5,Indicação
M0008870,A00748,O20230104,2023,Historia,2023-03-01,30,Concluída,76.2,Google
M0008871,A00748,O20230108,2023,Inglês,2023-04-06,,Ativa,88.3,Google
M0008872,A00748,O20230100,2023,Matemática,2023-02-17,0,Ativa,48.3,Feira escolar
M0008873,A00748,O20230106,2023,Português,2023/04/19,20,Concluída,67.2,Feira escolar
M0008874,A00748,O20230102,2023,Química,2023-04-19,25,Ativa,73.3,Instagram
M0008875,A00748,O20230107,2023,Redação,2023-01-20,25,Trancada,69.4,
M0008876,A00748,O20230110,2023,Sociologia,2023-01-15,25,Concluída,74.7,Google
M0008877,A00749,O20250213,2025,Biologia,2025-02-25,15,Ativa,55.9,Google
M0008878,A00749,O20250219,2025,Filosofia,2025-03-06,50,Concluída,52.5,Google
M0008879,A00749,O20250215,2025,Geografia,2025-03-04,10,Concluída,86.1,Instagram
M0008880,A00749,O20250214,2025,História,2025/04/04,30,Concluída,66.6,
M0008881,A00749,O20250210,2025,Matemática,14/02/2025,15,Concluída,87.3,Instagram
M0008882,A00749,O20250216,2025,Português,2025-04-17,25,Concluída,49.6,Google
M0008883,A00749,O20250212,2025,Química,2025-03-27,50,Concluída,31.8,WhatsApp
M0008884,A00749,O20250217,2025,Redação,2025-02-21,15,Concluída,60.6,Google
M0008885,A00749,O20250220,2025,Sociologia,2025-02-26,10,Concluída,88.8,Indicação
M0008886,A00750,O20210026,2021,Biologia,2021-01-03,,Concluída,37.3,Indicação
M0008887,A00750,O20210032,2021,Filosofia,2021-03-17,0,Concluída,51.3,
M0008888,A00750,O20210024,2021,Fisica,2021-03-09,0,Cancelada,67.3,WhatsApp
M0008889,A00750,O20210028,2021,Geografia,2021-03-06,,Concluída,57.4,
M0008890,A00750,O20210023,2021,Matemática,2021-04-12,20,Concluída,72.1,Indicação
M0008891,A00750,O20210029,2021,Português,2021-02-01,25,Concluída,77.0,WhatsApp
M0008892,A00750,O20210025,2021,Química,02-19-2021,0,Ativa,43.0,
M0008893,A00750,O20210030,2021,Redação,2021-02-07,0,Trancada,58.3,Feira escolar
M0008894,A00750,O20210033,2021,Sociologia,2021-04-16,0,Concluída,66.1,Feira escolar
M0008895,A00750,O20220081,2022,Biologia,2022-03-06,25,Concluída,28.0,WhatsApp
M0008896,A00750,O20220087,2022,Filosofia,2022-04-21,,Concluída,75.5,
M0008897,A00750,O20220079,2022,Física,2022-03-10,30,Concluída,55.3,WhatsApp
M0008898,A00750,O20220083,2022,Geografia,2022-02-10,50,Concluída,78.7,Indicação
M0008899,A00750,O20220082,2022,História,2022-04-04,0,Concluída,36.0,Instagram
M0008900,A00750,O20220086,2022,Inglês,2022-01-21,20,Concluída,50.3,
M0008901,A00750,O20220078,2022,Matemática,2022-04-18,25,Concluída,54.8,WhatsApp
M0008902,A00750,O20220084,2022,Português,2022-02-06,,Concluída,58.7,Google
M0008903,A00750,O20220080,2022,Química,2022-01-13,10,Cancelada,69.5,Instagram
M0008904,A00750,O20220085,2022,Redação,2022-01-20,0,Ativa,83.3,Google
M0008905,A00750,O20220088,2022,Sociologia,2022-02-26,20,Concluída,62.2,WhatsApp
M0008906,A00751,O20240136,2024,Biologia,2024-04-20,50,Concluída,72.1,Google
M0008907,A00751,O20240142,2024,Filosofia,2024-04-18,15,Ativa,64.9,Instagram
M0008908,A00751,O20240138,2024,Geografia,2024-01-18,0,Concluída,36.2,Indicação
M0008909,A00751,O20240137,2024,História,2024-02-06,0,Concluída,73.1,Google
M0008910,A00751,O20240141,2024,Inglês,2024-01-11,50,Concluída,50.1,
M0008911,A00751,O20240133,2024,Matemática,2024-04-04,25,Concluída,36.1,Google
M0008912,A00751,O20240139,2024,Português,2024-02-22,,Concluída,73.2,Google
M0008913,A00751,O20240135,2024,Química,2024-01-08,25,Concluída,45.5,Indicação
M0008914,A00751,O20240140,2024,Redação,2024-04-12,25,concluida,72.3,WhatsApp
M0008915,A00751,O20240143,2024,Sociologia,2024-04-17,30,Concluída,58.5,Feira escolar
M0008916,A00751,O20250213,2025,Biologia,2025-02-28,,Concluída,72.8,
M0008917,A00751,O20250219,2025,Filosofia,2025-02-01,0,Concluída,63.5,Instagram
M0008918,A00751,O20250211,2025,Física,2025-01-22,50,Concluída,35.5,Instagram
M0008919,A00751,O20250214,2025,História,2025-04-14,15,Concluída,80.3,WhatsApp
M0008920,A00751,O20250210,2025,Matemática,2025-02-10,0,concluida,64.1,WhatsApp
M0008921,A00751,O20250216,2025,Português,2025-02-19,15,Ativa,75.7,WhatsApp
M0008922,A00751,O20250212,2025,Química,2025-04-07,10,Concluída,74.1,Indicação
M0008923,A00751,O20250217,2025,Redação,2025-04-04,,,39.6,WhatsApp
M0008924,A00751,O20250220,2025,Sociologia,01-20-2025,0,Concluída,57.8,Instagram
M0008925,A00752,O20220081,2022,BIOLOGIA,2022-04-13,20,Concluída,45.0,
M0008926,A00752,O20220087,2022,Filosofia,2022-04-01,0,Concluída,74.3,Indicação
M0008927,A00752,O20220079,2022,Física,2022-03-11,,Concluída,37.2,Instagram
M0008928,A00752,O20220083,2022,GEOGRAFIA,2022-01-24,15,concluida,54.5,Instagram
M0008929,A00752,O20220082,2022,História,2022-04-28,20,Concluída,39.0,Indicação
M0008930,A00752,O20220086,2022,Inglês,2022-03-04,0,Concluída,37.4,
M0008931,A00752,O20220078,2022,Matemática,05/02/2022,25,Concluída,65.4,Feira escolar
M0008932,A00752,O20220084,2022,Português,2022-02-03,15,Ativa,51.3,Feira escolar
M0008933,A00752,O20220080,2022,Química,2022-03-01,30,Concluída,55.9,Instagram
M0008934,A00752,O20220085,2022,Redação,2022-02-15,15,Concluída,71.1,WhatsApp
M0008935,A00753,O20230092,2023,Biologia,2023-04-04,30,Cancelada,28.5,Indicação
M0008936,A00753,O20230098,2023,Filosofia,2023-01-08,,Concluída,59.7,Instagram
M0008937,A00753,O20230090,2023,Física,2023-03-25,15,Concluída,65.0,Indicação
M0008938,A00753,O20230093,2023,História,2023-04-15,10,Concluída,55.7,Instagram
M0008939,A00753,O20230097,2023,Inglês,2023-03-12,0,Concluída,52.8,Indicação
M0008940,A00753,O20230089,2023,Matemática,20/03/2023,25,Concluída,55.6,
M0008941,A00753,O20230095,2023,Português,2023-03-18,50,Ativa,52.6,Google
M0008942,A00753,O20230091,2023,Química,2023-03-26,15,Concluída,34.6,
M0008943,A00753,O20230096,2023,Redação,2023-03-01,0,Concluída,46.1,WhatsApp
M0008944,A00753,O20230099,2023,Sociologia,2023-01-22,10,Concluída,71.5,WhatsApp
M0008945,A00754,O20210026,2021,Biologia,2021-03-15,0,Concluída,43.6,Google
M0008946,A00754,O20210024,2021,Física,2021-03-15,15,Cancelada,51.5,Feira escolar
M0008947,A00754,O20210028,2021,Geografia,2021-03-02,,Concluída,42.4,
M0008948,A00754,O20210027,2021,História,2021-01-26,30,Concluída,65.4,Instagram
M0008949,A00754,O20210031,2021,Inglês,2021-03-02,50,Trancada,40.4,Indicação
M0008950,A00754,O20210023,2021,Matemática,2021-04-21,20,Concluída,72.0,
M0008951,A00754,O20210029,2021,Portugues,2021-02-16,0,concluida,59.8,Indicação
M0008952,A00754,O20210030,2021,Redação,04/01/2021,50,Ativa,43.2,Indicação
M0008953,A00755,O20210037,2021,Biologia,2021-01-11,0,Concluída,53.6,WhatsApp
M0008954,A00755,O20210035,2021,Física,2021-02-26,50,Ativa,58.8,
M0008955,A00755,O20210039,2021,Geografia,2021-03-09,0,Concluída,53.5,Indicação
M0008956,A00755,O20210038,2021,História,2021-04-12,20,Ativa,45.8,Feira escolar
M0008957,A00755,O20210042,2021,Inglês,2021-04-20,,Concluída,57.4,Feira escolar
M0008958,A00755,O20210034,2021,Matemática,2021-02-14,50,Concluída,60.1,Indicação
M0008959,A00755,O20210040,2021,Português,2021-01-07,0,Concluída,67.3,Instagram
M0008960,A00755,O20210036,2021,Química,2021-03-21,,Concluída,24.2,Google
M0008961,A00755,O20210041,2021,Redação,2021-04-22,,Concluída,25.7,Indicação
M0008962,A00755,O20210044,2021,Sociologia,2021-03-13,10,Concluída,71.9,WhatsApp
M0008963,A00756,O20230092,2023,Biologia,2023-04-15,0,Ativa,57.3,Google
M0008964,A00756,O20230098,2023,Filosofia,2023-02-24,25,Concluída,80.5,WhatsApp
M0008965,A00756,O20230090,2023,FÍSICA,2023-01-06,25,Concluída,63.3,
M0008966,A00756,O20230094,2023,Geografia,2023-03-01,0,Ativa,41.6,Indicação
M0008967,A00756,O20230093,2023,História,2023-01-23,10,Concluída,78.8,
M0008968,A00756,O20230097,2023,Inglês,2023-02-26,15,Ativa,58.3,Indicação
M0008969,A00756,O20230089,2023,Matemática,2023-02-12,10,Concluída,59.4,Instagram
M0008970,A00756,O20230095,2023,PORTUGUÊS,2023-02-24,0,Concluída,68.9,Google
M0008971,A00756,O20230091,2023,Química,2023-04-27,0,Concluída,75.6,Google
M0008972,A00756,O20230096,2023,Redação,21/02/2023,15,Concluída,48.2,Google
M0008973,A00756,O20230099,2023,Sociologia,2023-04-19,30,Concluída,54.5,Instagram
M0008974,A00757,O20250197,2025,Filosofia,2025-04-16,15,Ativa,82.0,Feira escolar
M0008975,A00757,O20250189,2025,Física,2025-03-03,30,Concluída,75.4,Google
M0008976,A00757,O20250193,2025,Geografia,2025-04-11,0,Ativa,68.0,Google
M0008977,A00757,O20250188,2025,Matemática,2025-01-04,0,Concluída,59.3,Instagram
M0008978,A00757,O20250194,2025,Português,2025-03-13,0,Concluída,39.4,Feira escolar
M0008979,A00757,O20250190,2025,Química,2025-03-04,25,Concluída,62.4,WhatsApp
M0008980,A00757,O20250195,2025,Redação,2025-01-02,0,Concluída,58.8,Indicação
M0008981,A00757,O20250198,2025,Sociologia,01-18-2025,10,Ativa,54.1,Feira escolar
M0008982,A00758,O20250180,2025,Biologia,2025-03-04,0,Concluída,45.6,
M0008983,A00758,O20250186,2025,Filosofia,2025-03-20,25,Ativa,79.3,Google
M0008984,A00758,O20250178,2025,Física,2025-03-21,,Ativa,76.6,Instagram
M0008985,A00758,O20250182,2025,Geografia,2025-02-23,50,Concluída,74.3,WhatsApp
M0008986,A00758,O20250181,2025,História,2025-02-02,0,Concluída,48.3,Google
M0008987,A00758,O20250185,2025,Inglês,2025-02-02,0,Ativa,59.5,Instagram
M0008988,A00758,O20250177,2025,Matemática,2025-04-05,25,Concluída,58.0,
M0008989,A00758,O20250183,2025,Português,2025-01-03,25,Ativa,77.2,
M0008990,A00758,O20250179,2025,Química,02-14-2025,0,Concluída,57.4,
M0008991,A00758,O20250184,2025,Redação,2025-04-12,25,Concluída,69.6,WhatsApp
M0008992,A00758,O20250187,2025,Sociologia,2025-02-03,25,Concluída,57.4,WhatsApp
M0008993,A00759,O20240147,2024,Biologia,2024-03-25,0,Concluída,50.7,Feira escolar
M0008994,A00759,O20240145,2024,Física,2024-04-01,10,Concluída,0.8,WhatsApp
M0008995,A00759,O20240149,2024,Geografia,2024-01-26,50,Ativa,69.1,WhatsApp
M0008996,A00759,O20240148,2024,História,2024-01-22,25,Cancelada,60.7,WhatsApp
M0008997,A00759,O20240144,2024,Matemática,2024-04-08,0,Concluída,45.6,Feira escolar
M0008998,A00759,O20240150,2024,Português,2024-02-19,25,concluida,58.2,Google
M0008999,A00759,O20240146,2024,Química,2024-04-03,0,Cancelada,61.5,WhatsApp
M0009000,A00759,O20240151,2024,Redação,2024-02-07,30,Concluída,63.4,Indicação
M0009001,A00760,O20240158,2024,Biologia,2024/03/15,25,Cancelada,55.1,
M0009002,A00760,O20240164,2024,Filosofia,2024-01-19,50,concluida,71.0,WhatsApp
M0009003,A00760,O20240160,2024,GEOGRAFIA,2024-04-14,,concluida,45.1,Indicação
M0009004,A00760,O20240159,2024,História,2024-01-15,15,Concluída,54.7,Feira escolar
M0009005,A00760,O20240163,2024,Inglês,2024/01/12,10,Ativa,63.3,
M0009006,A00760,O20240155,2024,Matemática,2024-03-11,15,Trancada,64.2,Instagram
M0009007,A00760,O20240161,2024,Português,2024-03-03,15,Cancelada,62.8,Indicação
M0009008,A00760,O20240157,2024,Química,27/03/2024,50,Ativa,56.4,WhatsApp
M0009009,A00760,O20240162,2024,Redação,2024-02-24,0,Concluída,40.0,WhatsApp
M0009010,A00760,O20240165,2024,Sociologia,2024-02-15,0,Concluída,26.9,WhatsApp
M0009011,A00760,O20250180,2025,Biologia,2025-02-01,25,Concluída,51.0,Google
M0009012,A00760,O20250186,2025,Filosofia,2025-03-16,30,Concluída,52.5,Indicação
M0009013,A00760,O20250178,2025,Física,2025-02-28,10,Cancelada,57.2,
M0009014,A00760,O20250182,2025,Geografia,2025-01-22,20,Concluída,73.6,Instagram
M0009015,A00760,O20250185,2025,Inglês,2025-01-03,0,Concluída,77.3,WhatsApp
M0009016,A00760,O20250177,2025,Matemática,2025-03-01,0,Cancelada,66.2,Feira escolar
M0009017,A00760,O20250183,2025,Português,2025-04-28,15,Trancada,71.4,Feira escolar
M0009018,A00760,O20250184,2025,Redação,2025-04-13,0,Ativa,46.1,Indicação
M0009019,A00760,O20250187,2025,Sociologia,2025-02-21,0,Concluída,35.0,Instagram
M0009020,A00761,O20250197,2025,Filosofia,2025-04-08,0,Concluída,41.7,Instagram
M0009021,A00761,O20250189,2025,Física,2025-04-16,,Concluída,80.4,
M0009022,A00761,O20250193,2025,Geografia,2025-04-21,0,Ativa,48.9,
M0009023,A00761,O20250196,2025,Inglês,2025-01-07,,Concluída,86.4,WhatsApp
M0009024,A00761,O20250188,2025,Matemática,2025-02-26,10,Concluída,54.8,Instagram
M0009025,A00761,O20250194,2025,Português,2025-02-17,10,Concluída,48.1,
M0009026,A00761,O20250190,2025,QUÍMICA,2025-02-07,0,Cancelada,76.2,Google
M0009027,A00761,O20250195,2025,Redação,2025-04-22,50,Concluída,49.8,Google
M0009028,A00762,O20230131,2023,FILOSOFIA,2023/02/15,10,Concluída,50.4,WhatsApp
M0009029,A00762,O20230123,2023,Física,2023-01-25,10,Concluída,49.4,WhatsApp
M0009030,A00762,O20230126,2023,História,2023-03-26,,Concluída,63.2,Indicação
M0009031,A00762,O20230130,2023,Inglês,2023-01-07,0,Concluída,61.7,WhatsApp
M0009032,A00762,O20230122,2023,Matemática,2023-01-10,15,Concluída,64.8,Indicação
M0009033,A00762,O20230128,2023,Português,2023-01-26,50,Ativa,58.4,Feira escolar
M0009034,A00762,O20230124,2023,Química,2023-03-17,15,Concluída,40.8,Indicação
M0009035,A00762,O20230129,2023,Redação,2023-03-06,0,Concluída,54.6,Google
M0009036,A00763,O20240164,2024,Filosofia,2024-04-13,0,Concluída,39.6,Instagram
M0009037,A00763,O20240156,2024,Física,2024-02-15,20,,66.8,
M0009038,A00763,O20240160,2024,Geografia,25/03/2024,30,Concluída,58.7,Instagram
M0009039,A00763,O20240163,2024,Inglês,2024-04-10,0,Concluída,43.9,Feira escolar
M0009040,A00763,O20240155,2024,Matemática,2024-02-01,30,Concluída,27.7,Indicação
M0009041,A00763,O20240161,2024,Português,2024-01-17,50,Concluída,80.2,Instagram
M0009042,A00763,O20240157,2024,Química,2024-03-23,10,Concluída,64.4,Google
M0009043,A00763,O20240162,2024,Redação,2024-02-11,10,Concluída,72.8,WhatsApp
M0009044,A00763,O20240165,2024,Sociologia,2024-02-26,15,Cancelada,35.1,
M0009045,A00764,O20210026,2021,Biologia,2021-03-15,25,Concluída,83.1,Feira escolar
M0009046,A00764,O20210032,2021,Filosofia,09/03/2021,50,Concluída,59.9,Indicação
M0009047,A00764,O20210024,2021,Física,2021-01-11,,Ativa,70.7,Feira escolar
M0009048,A00764,O20210031,2021,Inglês,2021-01-04,10,Ativa,83.9,
M0009049,A00764,O20210023,2021,Matemática,2021-01-19,25,Concluída,50.8,Indicação
M0009050,A00764,O20210029,2021,Português,2021-04-15,0,Concluída,36.8,Google
M0009051,A00764,O20210025,2021,Química,2021-04-21,0,Concluída,46.3,Google
M0009052,A00764,O20210030,2021,Redação,2021-02-17,0,Concluída,64.1,
M0009053,A00765,O20210010,2021,FILOSOFIA,2021-04-03,30,Concluída,40.0,WhatsApp
M0009054,A00765,O20210002,2021,Física,2021-04-07,,Ativa,75.0,Feira escolar
M0009055,A00765,O20210006,2021,Geografia,2021-01-05,,Trancada,83.3,WhatsApp
M0009056,A00765,O20210005,2021,História,2021-01-12,20,Concluída,57.5,Indicação
M0009057,A00765,O20210009,2021,Inglês,2021-04-27,20,Concluída,44.5,Instagram
M0009058,A00765,O20210001,2021,Matemática,07/01/2021,15,Ativa,79.1,Indicação
M0009059,A00765,O20210007,2021,Português,2021-02-01,15,Concluída,81.4,WhatsApp
M0009060,A00765,O20210003,2021,Química,2021/02/09,50,,81.8,Instagram
M0009061,A00765,O20210008,2021,REDAÇÃO,2021-01-12,25,,30.5,Indicação
M0009062,A00765,O20210011,2021,Sociologia,2021-02-15,50,Concluída,43.8,WhatsApp
M0009063,A00766,O20230092,2023,Biologia,2023-03-20,30,Ativa,46.9,WhatsApp
M0009064,A00766,O20230098,2023,Filosofia,2023-03-26,30,Concluída,36.5,Indicação
M0009065,A00766,O20230094,2023,Geografia,2023-01-04,0,Concluída,34.7,Feira escolar
M0009066,A00766,O20230097,2023,Inglês,2023-02-24,,Concluída,68.6,Instagram
M0009067,A00766,O20230089,2023,Matemática,2023-01-01,0,,49.8,Google
M0009068,A00766,O20230095,2023,PORTUGUÊS,2023-04-23,50,Concluída,47.8,WhatsApp
M0009069,A00766,O20230091,2023,Química,2023-01-25,0,Cancelada,30.4,WhatsApp
M0009070,A00766,O20230096,2023,Redação,2023-04-22,15,Concluída,18.2,Indicação
M0009071,A00767,O20240158,2024,Biologia,2024-04-19,,Ativa,94.4,
M0009072,A00767,O20240156,2024,Física,2024-02-24,20,Cancelada,56.5,Feira escolar
M0009073,A00767,O20240160,2024,Geografia,10/02/2024,0,Concluída,58.3,
M0009074,A00767,O20240159,2024,História,2024-01-21,50,Concluída,52.0,Indicação
M0009075,A00767,O20240163,2024,Inglês,2024-04-23,0,Ativa,55.9,Google
M0009076,A00767,O20240155,2024,Matemática,2024-02-14,20,concluida,44.6,
M0009077,A00767,O20240161,2024,Português,2024-03-02,10,Concluída,49.1,Instagram
M0009078,A00767,O20240162,2024,Redação,2024-03-03,0,Concluída,67.7,Feira escolar
M0009079,A00767,O20240165,2024,Sociologia,2024-04-06,25,Concluída,66.7,Indicação
M0009080,A00768,O20250213,2025,Biologia,2025-01-24,0,Concluída,47.2,
M0009081,A00768,O20250219,2025,Filosofia,2025-01-07,30,Concluída,68.5,Indicação
M0009082,A00768,O20250211,2025,Física,2025-01-28,25,Ativa,37.1,Google
M0009083,A00768,O20250215,2025,Geografia,2025-03-11,,Concluída,68.8,Indicação
M0009084,A00768,O20250214,2025,História,2025-04-22,25,Trancada,69.5,Instagram
M0009085,A00768,O20250218,2025,Inglês,2025-02-21,50,Trancada,55.3,WhatsApp
M0009086,A00768,O20250210,2025,Matemática,2025-01-08,15,Concluída,77.7,Feira escolar
M0009087,A00768,O20250216,2025,PORTUGUÊS,2025-03-05,0,Ativa,64.4,Instagram
M0009088,A00768,O20250212,2025,Química,2025-03-08,,Cancelada,55.0,Indicação
M0009089,A00768,O20250217,2025,Redação,2025-01-26,10,Concluída,37.6,Indicação
M0009090,A00768,O20250220,2025,Sociologia,27/04/2025,15,Concluída,60.8,
M0009091,A00769,O20230125,2023,Biologia,2023-02-01,10,Trancada,39.8,
M0009092,A00769,O20230131,2023,Filosofia,01-10-2023,20,Concluída,82.4,Instagram
M0009093,A00769,O20230127,2023,Geografia,2023-03-15,30,Concluída,50.7,WhatsApp
M0009094,A00769,O20230126,2023,História,2023-03-25,10,Ativa,62.5,WhatsApp
M0009095,A00769,O20230122,2023,Matemática,2023-04-01,0,Concluída,34.8,
M0009096,A00769,O20230128,2023,Português,2023-01-25,0,Concluída,36.7,
M0009097,A00769,O20230124,2023,Química,2023-04-15,25,Concluída,50.8,Indicação
M0009098,A00769,O20230129,2023,Redação,2023-02-20,30,Ativa,63.0,WhatsApp
M0009099,A00770,O20230098,2023,Filosofia,2023-04-11,,Ativa,50.5,WhatsApp
M0009100,A00770,O20230090,2023,Física,2023-02-25,20,concluida,77.0,
M0009101,A00770,O20230097,2023,Inglês,21/03/2023,20,Concluída,60.6,WhatsApp
M0009102,A00770,O20230089,2023,Matemática,2023-01-21,0,Concluída,72.8,Indicação
M0009103,A00770,O20230095,2023,Português,2023-03-20,0,Concluída,73.4,WhatsApp
M0009104,A00770,O20230096,2023,Redação,2023-01-02,10,Cancelada,48.7,Instagram
M0009105,A00771,O20220059,2022,Biologia,2022-04-21,,Ativa,44.3,Google
M0009106,A00771,O20220065,2022,FILOSOFIA,2022-03-20,0,Concluída,72.6,Indicação
M0009107,A00771,O20220057,2022,Fisica,2022-03-14,,Concluída,49.5,Feira escolar
M0009108,A00771,O20220061,2022,Geografia,2022-01-07,25,Concluída,58.1,WhatsApp
M0009109,A00771,O20220060,2022,História,2022-03-17,10,Ativa,66.2,Instagram
M0009110,A00771,O20220056,2022,Matemática,02/04/2022,10,Concluída,59.5,Indicação
M0009111,A00771,O20220062,2022,Português,2022-04-20,20,Ativa,74.0,Google
M0009112,A00771,O20220058,2022,Química,2022-01-12,30,Trancada,75.5,Feira escolar
M0009113,A00771,O20220063,2022,REDAÇÃO,01-07-2022,30,Concluída,56.3,WhatsApp
M0009114,A00771,O20220066,2022,Sociologia,2022-03-05,30,Concluída,79.8,Instagram
M0009115,A00772,O20230125,2023,Biologia,2023-02-05,25,Ativa,60.5,Feira escolar
M0009116,A00772,O20230131,2023,Filosofia,2023-01-22,30,Ativa,67.4,Google
M0009117,A00772,O20230123,2023,Física,2023-01-02,15,Concluída,28.9,Feira escolar
M0009118,A00772,O20230127,2023,Geografia,2023-03-01,15,Concluída,52.2,WhatsApp
M0009119,A00772,O20230126,2023,Historia,2023-04-09,10,concluida,70.4,Google
M0009120,A00772,O20230130,2023,Inglês,2023-04-07,15,Concluída,64.3,Feira escolar
M0009121,A00772,O20230122,2023,Matemática,2023-04-01,,Concluída,77.6,Instagram
M0009122,A00772,O20230128,2023,Português,2023-02-09,50,Cancelada,67.7,
M0009123,A00772,O20230124,2023,Química,2023-04-09,0,Concluída,48.1,Instagram
M0009124,A00772,O20230129,2023,Redação,01-12-2023,15,Concluída,53.6,
M0009125,A00772,O20230132,2023,Sociologia,2023-02-21,15,Concluída,71.0,Feira escolar
M0009126,A00773,O20220081,2022,Biologia,2022-04-09,50,Concluída,56.8,WhatsApp
M0009127,A00773,O20220087,2022,Filosofia,2022-02-15,30,Ativa,50.6,WhatsApp
M0009128,A00773,O20220079,2022,Física,2022-04-26,20,Concluída,60.1,Indicação
M0009129,A00773,O20220083,2022,Geografia,2022-01-16,25,Concluída,55.0,Feira escolar
M0009130,A00773,O20220086,2022,Inglês,2022-01-09,0,Ativa,84.7,Feira escolar
M0009131,A00773,O20220078,2022,Matemática,2022-03-22,0,Concluída,48.4,Google
M0009132,A00773,O20220084,2022,Português,2022/03/17,15,,70.3,WhatsApp
M0009133,A00773,O20220085,2022,Redação,2022-02-23,25,Concluída,57.9,WhatsApp
M0009134,A00773,O20220088,2022,Sociologia,2022-03-02,0,Concluída,49.1,
M0009135,A00774,O20210026,2021,Biologia,2021-02-25,,concluida,59.7,
M0009136,A00774,O20210032,2021,Filosofia,2021-01-20,25,Concluída,63.7,WhatsApp
M0009137,A00774,O20210024,2021,Física,2021-03-05,0,Concluída,33.9,Instagram
M0009138,A00774,O20210028,2021,Geografia,2021-03-20,50,Ativa,65.1,Indicação
M0009139,A00774,O20210027,2021,Historia,2021-01-23,50,Concluída,55.6,Google
M0009140,A00774,O20210031,2021,Inglês,2021-04-16,0,Ativa,40.4,Indicação
M0009141,A00774,O20210023,2021,Matemática,2021-03-05,0,Ativa,19.6,WhatsApp
M0009142,A00774,O20210029,2021,Português,2021-01-12,10,Concluída,40.9,Instagram
M0009143,A00774,O20210025,2021,Química,2021-02-26,10,Concluída,36.5,Instagram
M0009144,A00774,O20210030,2021,Redação,01-27-2021,30,Concluída,70.2,Google
M0009145,A00774,O20210033,2021,Sociologia,03-15-2021,10,Ativa,41.1,WhatsApp
M0009146,A00775,O20210015,2021,Biologia,2021-01-26,20,Ativa,38.8,Google
M0009147,A00775,O20210021,2021,Filosofia,2021-03-24,25,Concluída,60.9,Feira escolar
M0009148,A00775,O20210017,2021,Geografia,2021-02-05,10,Concluída,35.6,
M0009149,A00775,O20210016,2021,História,2021-02-19,20,Concluída,55.1,WhatsApp
M0009150,A00775,O20210020,2021,Inglês,2021-03-18,0,Concluída,60.8,Google
M0009151,A00775,O20210012,2021,Matemática,03-20-2021,0,Concluída,67.4,WhatsApp
M0009152,A00775,O20210018,2021,Português,02-03-2021,0,Concluída,63.3,Google
M0009153,A00775,O20210014,2021,Química,2021-04-05,0,Concluída,75.3,Indicação
M0009154,A00775,O20210019,2021,Redação,24/02/2021,10,Concluída,59.0,
M0009155,A00776,O20210032,2021,Filosofia,2021-02-16,0,Concluída,60.8,WhatsApp
M0009156,A00776,O20210024,2021,Física,2021-02-16,,Concluída,43.8,Indicação
M0009157,A00776,O20210028,2021,Geografia,2021-02-14,50,Ativa,57.5,Feira escolar
M0009158,A00776,O20210027,2021,História,2021-01-15,0,Concluída,52.3,WhatsApp
M0009159,A00776,O20210031,2021,Inglês,2021-03-24,25,Trancada,74.6,
M0009160,A00776,O20210023,2021,Matemática,2021/03/20,0,Ativa,68.5,Feira escolar
M0009161,A00776,O20210029,2021,Português,2021-02-10,25,Ativa,40.1,WhatsApp
M0009162,A00776,O20210030,2021,Redação,2021-02-13,,Ativa,86.1,Google
M0009163,A00777,O20230103,2023,Biologia,2023-01-14,,Concluída,37.6,
M0009164,A00777,O20230109,2023,FILOSOFIA,2023-04-10,0,Ativa,42.3,Indicação
M0009165,A00777,O20230105,2023,Geografia,2023-02-27,25,Concluída,92.1,
M0009166,A00777,O20230104,2023,História,2023-04-26,,Concluída,57.8,Feira escolar
M0009167,A00777,O20230108,2023,Inglês,2023-01-14,30,Concluída,33.3,Google
M0009168,A00777,O20230100,2023,Matematica,2023-04-23,,Concluída,52.7,Instagram
M0009169,A00777,O20230106,2023,Português,2023-01-25,20,Ativa,27.8,WhatsApp
M0009170,A00777,O20230102,2023,Química,2023-01-18,25,Concluída,70.1,
M0009171,A00777,O20230107,2023,Redação,2023-01-13,20,Concluída,70.0,Google
M0009172,A00777,O20230110,2023,Sociologia,2023-04-06,0,Concluída,59.0,WhatsApp
M0009173,A00778,O20250202,2025,Biologia,02-10-2025,25,Concluída,45.1,Instagram
M0009174,A00778,O20250204,2025,Geografia,2025-01-06,0,Concluída,72.0,WhatsApp
M0009175,A00778,O20250207,2025,Inglês,2025-02-10,50,Ativa,34.0,
M0009176,A00778,O20250199,2025,Matemática,2025-02-11,0,Trancada,63.1,WhatsApp
M0009177,A00778,O20250205,2025,Português,2025-02-01,0,Concluída,34.2,Instagram
M0009178,A00778,O20250206,2025,Redação,2025-01-21,15,Concluída,67.2,
M0009179,A00778,O20250209,2025,Sociologia,2025-02-28,50,Concluída,35.9,Google
M0009180,A00779,O20240147,2024,Biologia,2024-04-18,,Concluída,67.1,Instagram
M0009181,A00779,O20240153,2024,Filosofia,2024-01-24,10,Trancada,74.8,Google
M0009182,A00779,O20240145,2024,Física,2024-03-23,25,Ativa,48.6,Feira escolar
M0009183,A00779,O20240149,2024,GEOGRAFIA,2024-02-10,0,Cancelada,28.0,Instagram
M0009184,A00779,O20240152,2024,Inglês,2024-02-19,,Cancelada,60.2,Instagram
M0009185,A00779,O20240144,2024,Matemática,2024/02/14,10,concluida,59.0,WhatsApp
M0009186,A00779,O20240150,2024,Português,2024-03-02,20,Ativa,58.0,Instagram
M0009187,A00779,O20240151,2024,Redação,11/02/2024,0,Concluída,40.1,Google
M0009188,A00779,O20240154,2024,Sociologia,2024-03-27,0,Ativa,53.2,Feira escolar
M0009189,A00780,O20250180,2025,BIOLOGIA,2025-02-07,15,Cancelada,51.1,WhatsApp
M0009190,A00780,O20250186,2025,Filosofia,2025-04-08,20,Concluída,53.7,Indicação
M0009191,A00780,O20250178,2025,Física,2025-01-22,,Concluída,49.2,Google
M0009192,A00780,O20250182,2025,Geografia,2025-04-28,30,Ativa,57.7,Indicação
M0009193,A00780,O20250185,2025,Inglês,2025-03-21,30,Cancelada,64.4,Instagram
M0009194,A00780,O20250177,2025,Matemática,2025-01-21,30,Concluída,72.0,Google
M0009195,A00780,O20250183,2025,Português,2025-02-18,0,Concluída,63.3,Indicação
M0009196,A00780,O20250184,2025,REDAÇÃO,2025-04-05,10,Concluída,73.1,Indicação
M0009197,A00780,O20250187,2025,Sociologia,2025-04-13,25,Concluída,63.6,Google
M0009198,A00781,O20250202,2025,Biologia,2025-01-01,15,Concluída,65.5,Indicação
M0009199,A00781,O20250208,2025,Filosofia,2025-01-27,20,Concluída,36.0,Feira escolar
M0009200,A00781,O20250200,2025,Física,2025-04-15,,Concluída,61.2,Feira escolar
M0009201,A00781,O20250204,2025,Geografia,2025-03-25,20,,56.0,WhatsApp
M0009202,A00781,O20250207,2025,Inglês,28/03/2025,0,concluida,53.0,Google
M0009203,A00781,O20250199,2025,Matemática,2025-04-21,0,Cancelada,38.3,Instagram
M0009204,A00781,O20250205,2025,Português,2025-01-18,0,Concluída,70.9,
M0009205,A00781,O20250206,2025,Redação,2025-01-22,15,Concluída,63.3,Feira escolar
M0009206,A00781,O20250209,2025,Sociologia,2025-02-23,10,Concluída,57.9,Indicação
M0009207,A00782,O20250191,2025,Biologia,2025-03-27,10,Concluída,69.9,Indicação
M0009208,A00782,O20250197,2025,Filosofia,2025-03-11,0,Ativa,71.4,WhatsApp
M0009209,A00782,O20250189,2025,Física,2025-04-11,,Concluída,59.7,
M0009210,A00782,O20250193,2025,Geografia,2025-03-10,20,Concluída,46.0,WhatsApp
M0009211,A00782,O20250192,2025,História,2025-01-16,0,Concluída,55.8,Instagram
M0009212,A00782,O20250196,2025,Inglês,2025-04-17,0,Concluída,66.8,Google
M0009213,A00782,O20250188,2025,Matemática,2025-01-22,0,Ativa,42.6,Instagram
M0009214,A00782,O20250194,2025,Português,2025-02-20,15,Ativa,64.4,Instagram
M0009215,A00782,O20250190,2025,Química,2025-02-11,0,Concluída,65.4,WhatsApp
M0009216,A00782,O20250195,2025,Redação,2025-01-13,30,Concluída,59.9,WhatsApp
M0009217,A00782,O20250198,2025,Sociologia,01-27-2025,10,Concluída,48.1,Feira escolar
M0009218,A00783,O20210015,2021,Biologia,2021-01-02,25,,51.8,
M0009219,A00783,O20210013,2021,Física,2021-01-20,15,Ativa,56.9,
M0009220,A00783,O20210017,2021,Geografia,19/04/2021,20,Ativa,78.5,Instagram
M0009221,A00783,O20210016,2021,História,2021-02-28,20,Concluída,79.9,
M0009222,A00783,O20210020,2021,Inglês,21/01/2021,50,Cancelada,81.8,Instagram
M0009223,A00783,O20210012,2021,Matemática,2021-03-14,50,Concluída,63.8,Indicação
M0009224,A00783,O20210018,2021,Portugues,2021-01-07,20,Cancelada,65.0,WhatsApp
M0009225,A00783,O20210014,2021,Química,2021-01-06,10,Concluída,43.8,Instagram
M0009226,A00783,O20210019,2021,Redação,2021-04-15,0,concluida,77.2,
M0009227,A00783,O20210022,2021,Sociologia,2021-03-06,25,Concluída,51.0,Feira escolar
M0009228,A00784,O20240136,2024,Biologia,2024-04-19,20,Concluída,52.7,WhatsApp
M0009229,A00784,O20240137,2024,História,2024-04-23,0,Concluída,59.2,Indicação
M0009230,A00784,O20240141,2024,Inglês,2024-01-28,0,Concluída,67.5,Indicação
M0009231,A00784,O20240133,2024,Matemática,2024-03-03,15,Concluída,45.3,WhatsApp
M0009232,A00784,O20240139,2024,Português,2024-01-25,10,Ativa,61.3,
M0009233,A00784,O20240135,2024,Química,2024-02-09,0,Cancelada,38.6,Instagram
M0009234,A00784,O20240140,2024,Redação,2024-03-01,20,Concluída,49.8,Indicação
M0009235,A00785,O20210015,2021,Biologia,2021-02-08,0,Concluída,59.7,Instagram
M0009236,A00785,O20210021,2021,Filosofia,2021-01-04,50,Concluída,74.9,WhatsApp
M0009237,A00785,O20210016,2021,História,2021-02-25,,Concluída,54.6,Instagram
M0009238,A00785,O20210020,2021,Inglês,2021-02-18,25,Ativa,34.9,Feira escolar
M0009239,A00785,O20210012,2021,Matemática,2021-03-12,50,Concluída,80.0,WhatsApp
M0009240,A00785,O20210018,2021,Português,2021-03-11,0,Concluída,54.7,Feira escolar
M0009241,A00785,O20210014,2021,Química,2021-04-07,,Concluída,52.7,
M0009242,A00785,O20210019,2021,Redação,2021-03-26,0,Concluída,84.6,
M0009243,A00786,O20240136,2024,Biologia,2024-02-09,15,Concluída,52.8,Indicação
M0009244,A00786,O20240142,2024,Filosofia,2024-03-23,15,Ativa,66.2,
M0009245,A00786,O20240138,2024,Geografia,2024-01-07,0,Ativa,51.3,
M0009246,A00786,O20240137,2024,História,2024-01-02,0,Cancelada,44.1,
M0009247,A00786,O20240141,2024,Inglês,2024-04-14,50,Concluída,57.2,Instagram
M0009248,A00786,O20240133,2024,Matemática,2024-03-22,15,Concluída,79.5,
M0009249,A00786,O20240139,2024,Português,2024-03-09,,Concluída,67.9,Indicação
M0009250,A00786,O20240135,2024,Química,2024-03-08,10,Concluída,77.5,
M0009251,A00786,O20240140,2024,Redação,2024-02-08,20,Cancelada,48.3,WhatsApp
M0009252,A00786,O20240143,2024,Sociologia,2024-02-05,50,Concluída,59.3,WhatsApp
M0009253,A00786,O20250202,2025,Biologia,2025-04-24,0,Ativa,70.7,Google
M0009254,A00786,O20250208,2025,Filosofia,2025-02-01,30,Concluída,68.6,Indicação
M0009255,A00786,O20250200,2025,Física,2025/03/25,20,Concluída,37.7,Indicação
M0009256,A00786,O20250204,2025,Geografia,2025-03-23,0,Concluída,62.4,Google
M0009257,A00786,O20250203,2025,História,2025-04-08,0,Concluída,45.4,
M0009258,A00786,O20250207,2025,Inglês,2025-04-21,15,Concluída,72.4,Instagram
M0009259,A00786,O20250199,2025,Matemática,2025-02-13,10,Concluída,53.7,Feira escolar
M0009260,A00786,O20250205,2025,Português,2025-02-23,0,Trancada,51.6,WhatsApp
M0009261,A00786,O20250201,2025,Química,2025-01-19,,Ativa,26.4,Google
M0009262,A00786,O20250206,2025,Redação,2025-04-09,0,Concluída,54.2,Feira escolar
M0009263,A00787,O20250213,2025,Biologia,01-25-2025,15,Concluída,59.9,WhatsApp
M0009264,A00787,O20250219,2025,Filosofia,2025-03-17,15,Concluída,54.3,WhatsApp
M0009265,A00787,O20250211,2025,Física,2025-02-26,30,Concluída,61.3,Feira escolar
M0009266,A00787,O20250215,2025,Geografia,2025-04-03,15,Concluída,61.3,Google
M0009267,A00787,O20250218,2025,Inglês,2025-02-06,0,Concluída,45.9,Instagram
M0009268,A00787,O20250210,2025,Matemática,2025-01-27,15,Concluída,45.5,WhatsApp
M0009269,A00787,O20250216,2025,Portugues,2025-04-05,0,Ativa,51.6,WhatsApp
M0009270,A00787,O20250217,2025,Redação,2025-01-22,10,Ativa,58.6,Instagram
M0009271,A00787,O20250220,2025,Sociologia,2025-04-13,0,Cancelada,58.8,Indicação
M0009272,A00788,O20250202,2025,Biologia,2025-01-15,0,Cancelada,62.9,Feira escolar
M0009273,A00788,O20250208,2025,Filosofia,2025-04-26,20,Concluída,75.6,Feira escolar
M0009274,A00788,O20250204,2025,Geografia,2025-01-11,25,Concluída,21.7,Instagram
M0009275,A00788,O20250203,2025,História,2025-02-11,20,,58.3,Google
M0009276,A00788,O20250207,2025,Inglês,2025-02-11,0,Concluída,60.8,Indicação
M0009277,A00788,O20250199,2025,Matemática,2025-01-19,15,Concluída,63.9,
M0009278,A00788,O20250205,2025,Português,2025-03-19,0,Concluída,39.4,Indicação
M0009279,A00788,O20250201,2025,Química,2025-03-26,10,Concluída,51.7,WhatsApp
M0009280,A00788,O20250206,2025,Redação,2025-03-22,30,Concluída,48.2,Google
M0009281,A00788,O20250209,2025,Sociologia,2025-01-17,,Ativa,61.4,
M0009282,A00789,O20240136,2024,Biologia,2024-03-14,15,Concluída,43.6,WhatsApp
M0009283,A00789,O20240142,2024,Filosofia,2024-04-18,0,concluida,39.1,WhatsApp
M0009284,A00789,O20240134,2024,Física,2024-02-15,10,Concluída,50.4,WhatsApp
M0009285,A00789,O20240137,2024,História,2024-01-23,10,Concluída,57.4,
M0009286,A00789,O20240141,2024,Inglês,2024-01-02,15,Concluída,70.4,Google
M0009287,A00789,O20240133,2024,Matemática,2024-02-25,25,Concluída,51.1,WhatsApp
M0009288,A00789,O20240139,2024,Português,2024-02-09,25,Concluída,61.0,WhatsApp
M0009289,A00789,O20240135,2024,Química,2024-01-25,25,Concluída,48.6,Indicação
M0009290,A00789,O20240140,2024,Redação,2024-02-15,15,Concluída,66.5,Instagram
M0009291,A00790,O20230103,2023,Biologia,2023-03-03,0,Concluída,43.7,Instagram
M0009292,A00790,O20230101,2023,Física,2023-04-24,0,Ativa,44.5,Feira escolar
M0009293,A00790,O20230105,2023,GEOGRAFIA,2023-02-26,0,concluida,42.6,Indicação
M0009294,A00790,O20230108,2023,Inglês,2023-02-20,0,Concluída,40.9,
M0009295,A00790,O20230100,2023,Matemática,2023-02-17,,Concluída,48.4,Google
M0009296,A00790,O20230106,2023,Português,2023-03-17,50,Concluída,51.3,Instagram
M0009297,A00790,O20230102,2023,QUÍMICA,2023-02-24,,concluida,46.1,Instagram
M0009298,A00790,O20230107,2023,Redação,2023-03-12,50,Concluída,59.4,Instagram
M0009299,A00790,O20230110,2023,Sociologia,2023-01-27,0,Cancelada,37.7,Google
M0009300,A00790,O20240156,2024,Física,2024-03-14,20,Concluída,60.9,
M0009301,A00790,O20240160,2024,Geografia,2024-03-10,0,Cancelada,81.3,Google
M0009302,A00790,O20240163,2024,Inglês,2024-01-12,10,Concluída,44.4,WhatsApp
M0009303,A00790,O20240155,2024,Matemática,2024-01-16,30,Concluída,68.1,Indicação
M0009304,A00790,O20240161,2024,Português,2024-03-23,20,Concluída,56.8,Indicação
M0009305,A00790,O20240157,2024,Química,2024-02-02,0,Concluída,65.0,Feira escolar
M0009306,A00790,O20240162,2024,Redação,2024-03-27,10,Concluída,83.8,Feira escolar
M0009307,A00791,O20210037,2021,Biologia,2021-01-10,0,Concluída,59.0,
M0009308,A00791,O20210043,2021,Filosofia,2021-03-20,10,Concluída,69.5,WhatsApp
M0009309,A00791,O20210035,2021,Física,2021-04-12,0,Concluída,77.3,WhatsApp
M0009310,A00791,O20210039,2021,Geografia,2021-02-07,,Concluída,62.5,
M0009311,A00791,O20210038,2021,História,2021-04-11,30,Cancelada,73.7,Instagram
M0009312,A00791,O20210042,2021,Inglês,2021-02-25,,Trancada,55.2,
M0009313,A00791,O20210034,2021,Matemática,2021-04-13,20,Ativa,66.7,Indicação
M0009314,A00791,O20210040,2021,Português,2021-02-09,15,Trancada,68.5,Indicação
M0009315,A00791,O20210036,2021,Química,2021-04-15,,Concluída,39.9,Google
M0009316,A00791,O20210041,2021,Redação,2021-04-23,10,Concluída,56.6,Feira escolar
M0009317,A00791,O20210044,2021,Sociologia,2021-04-07,30,Concluída,65.2,
M0009318,A00792,O20250191,2025,Biologia,2025-01-22,15,Concluída,86.8,Google
M0009319,A00792,O20250197,2025,Filosofia,2025-03-25,10,,58.0,
M0009320,A00792,O20250193,2025,Geografia,2025-03-21,10,Ativa,72.6,Instagram
M0009321,A00792,O20250192,2025,História,2025-04-11,,Ativa,33.2,Instagram
M0009322,A00792,O20250196,2025,Inglês,2025-03-09,0,Concluída,54.5,
M0009323,A00792,O20250188,2025,Matemática,2025-02-09,15,concluida,45.5,WhatsApp
M0009324,A00792,O20250194,2025,Português,2025-02-24,,Concluída,43.2,Instagram
M0009325,A00792,O20250190,2025,Química,2025-04-02,20,Ativa,39.5,WhatsApp
M0009326,A00792,O20250195,2025,Redação,2025-04-26,0,Concluída,58.2,
M0009327,A00793,O20210004,2021,Biologia,2021-03-24,10,Ativa,50.3,WhatsApp
M0009328,A00793,O20210010,2021,Filosofia,2021-03-27,0,Concluída,26.5,Indicação
M0009329,A00793,O20210002,2021,Física,2021-03-21,10,Concluída,40.8,Google
M0009330,A00793,O20210006,2021,Geografia,2021-04-17,25,Concluída,60.4,Google
M0009331,A00793,O20210005,2021,História,2021-04-12,,Concluída,59.6,WhatsApp
M0009332,A00793,O20210009,2021,Inglês,2021-02-15,0,Concluída,59.9,Google
M0009333,A00793,O20210001,2021,Matemática,2021-02-15,50,Ativa,59.6,WhatsApp
M0009334,A00793,O20210007,2021,Português,04-25-2021,30,Concluída,69.0,Indicação
M0009335,A00793,O20210003,2021,Química,2021-01-09,50,Ativa,53.8,Feira escolar
M0009336,A00793,O20210008,2021,Redação,2021-03-13,0,Concluída,48.5,Indicação
M0009337,A00793,O20210011,2021,Sociologia,2021-02-07,30,Ativa,45.5,Instagram
M0009338,A00794,O20220079,2022,FÍSICA,2022-01-26,20,Concluída,57.3,Instagram
M0009339,A00794,O20220083,2022,Geografia,2022-01-27,30,Concluída,69.6,Indicação
M0009340,A00794,O20220082,2022,História,2022-03-21,50,Concluída,55.7,Indicação
M0009341,A00794,O20220086,2022,Inglês,2022-01-11,0,concluida,48.4,Indicação
M0009342,A00794,O20220078,2022,Matemática,2022-02-21,20,Concluída,63.0,WhatsApp
M0009343,A00794,O20220084,2022,Português,2022-01-26,0,Concluída,61.6,Indicação
M0009344,A00794,O20220085,2022,Redação,2022/03/06,15,Cancelada,57.6,Instagram
M0009345,A00795,O20230125,2023,Biologia,2023-03-14,15,Concluída,77.4,Instagram
M0009346,A00795,O20230131,2023,Filosofia,2023-02-20,25,Concluída,48.3,WhatsApp
M0009347,A00795,O20230123,2023,Física,2023-02-27,50,concluida,76.1,Indicação
M0009348,A00795,O20230126,2023,História,2023-03-11,,Concluída,68.5,
M0009349,A00795,O20230122,2023,Matemática,2023-04-11,0,Ativa,46.5,Indicação
M0009350,A00795,O20230128,2023,PORTUGUÊS,2023-02-11,0,Concluída,72.5,WhatsApp
M0009351,A00795,O20230129,2023,Redação,2023-01-19,15,Concluída,47.8,Feira escolar
M0009352,A00796,O20210004,2021,Biologia,2021-03-04,20,Concluída,65.1,Feira escolar
M0009353,A00796,O20210010,2021,Filosofia,2021-03-23,25,concluida,75.6,WhatsApp
M0009354,A00796,O20210002,2021,Fisica,2021-01-19,15,Cancelada,59.5,Google
M0009355,A00796,O20210006,2021,Geografia,2021-04-08,,concluida,91.7,
M0009356,A00796,O20210005,2021,História,2021-04-09,0,Concluída,82.8,Feira escolar
M0009357,A00796,O20210009,2021,Inglês,2021-02-25,25,Concluída,71.6,Google
M0009358,A00796,O20210001,2021,Matemática,2021-02-04,0,Ativa,51.0,Feira escolar
M0009359,A00796,O20210007,2021,Português,2021-04-10,0,Concluída,58.0,Instagram
M0009360,A00796,O20210003,2021,Química,2021-04-11,50,Concluída,43.4,
M0009361,A00796,O20210008,2021,Redação,2021-02-23,15,Trancada,67.9,Google
M0009362,A00796,O20210011,2021,Sociologia,2021-04-28,25,Trancada,67.3,Indicação
M0009363,A00797,O20240158,2024,Biologia,2024-03-12,50,Concluída,74.4,Instagram
M0009364,A00797,O20240164,2024,Filosofia,2024-02-12,0,Concluída,53.2,Instagram
M0009365,A00797,O20240156,2024,Física,2024-02-10,10,Concluída,51.9,Feira escolar
M0009366,A00797,O20240159,2024,Historia,2024-04-13,50,Concluída,50.6,Feira escolar
M0009367,A00797,O20240155,2024,Matemática,2024-02-13,10,Concluída,52.0,Indicação
M0009368,A00797,O20240161,2024,Português,04-06-2024,0,Concluída,59.2,Indicação
M0009369,A00797,O20240157,2024,Química,2024-01-07,0,Concluída,36.6,Indicação
M0009370,A00797,O20240162,2024,Redacao,2024/02/24,,Concluída,88.1,Indicação
M0009371,A00797,O20240165,2024,Sociologia,2024-02-21,30,Concluída,47.6,
M0009372,A00797,O20250202,2025,Biologia,2025-04-12,10,Ativa,60.0,WhatsApp
M0009373,A00797,O20250208,2025,Filosofia,2025-02-20,50,Trancada,26.1,Instagram
M0009374,A00797,O20250200,2025,Física,2025-04-03,0,concluida,63.4,Google
M0009375,A00797,O20250204,2025,Geografia,2025-01-16,20,Concluída,42.4,Indicação
M0009376,A00797,O20250203,2025,História,2025-03-26,20,concluida,46.7,Indicação
M0009377,A00797,O20250207,2025,Ingles,2025-01-01,30,Concluída,61.3,Feira escolar
M0009378,A00797,O20250199,2025,Matemática,2025-02-24,25,Concluída,66.3,Google
M0009379,A00797,O20250205,2025,Português,2025-02-01,50,Concluída,67.7,Indicação
M0009380,A00797,O20250201,2025,Química,2025-03-26,,Concluída,54.9,
M0009381,A00797,O20250206,2025,Redação,2025-02-03,15,Concluída,60.5,Instagram
M0009382,A00797,O20250209,2025,Sociologia,2025-03-10,50,Cancelada,62.6,WhatsApp
M0009383,A00798,O20210004,2021,Biologia,2021-04-27,20,concluida,72.2,WhatsApp
M0009384,A00798,O20210010,2021,Filosofia,03-27-2021,15,Concluída,53.7,Instagram
M0009385,A00798,O20210002,2021,Física,2021-01-17,0,Ativa,50.2,Indicação
M0009386,A00798,O20210006,2021,GEOGRAFIA,2021-02-05,0,Concluída,43.1,Indicação
M0009387,A00798,O20210005,2021,História,2021-01-01,50,concluida,49.6,Feira escolar
M0009388,A00798,O20210009,2021,Inglês,2021-03-22,25,Concluída,81.3,Feira escolar
M0009389,A00798,O20210001,2021,Matemática,2021-03-12,50,Concluída,71.1,Google
M0009390,A00798,O20210007,2021,Português,2021-04-18,10,Cancelada,47.8,
M0009391,A00798,O20210003,2021,QUÍMICA,2021-03-06,10,Ativa,69.3,WhatsApp
M0009392,A00798,O20210008,2021,Redação,2021-04-14,0,Concluída,61.5,WhatsApp
M0009393,A00798,O20210011,2021,Sociologia,2021-02-15,0,concluida,61.0,
M0009394,A00799,O20250202,2025,Biologia,10/02/2025,50,Concluída,35.0,WhatsApp
M0009395,A00799,O20250200,2025,Física,2025-02-05,10,concluida,52.8,Instagram
M0009396,A00799,O20250204,2025,Geografia,2025-04-03,30,Ativa,58.2,Google
M0009397,A00799,O20250203,2025,História,2025-02-20,,Concluída,28.8,Instagram
M0009398,A00799,O20250207,2025,Inglês,2025-01-21,30,concluida,72.9,Indicação
M0009399,A00799,O20250199,2025,Matemática,2025-01-27,20,Concluída,44.3,Google
M0009400,A00799,O20250205,2025,Português,2025-04-20,25,Ativa,52.3,Indicação
M0009401,A00799,O20250206,2025,REDAÇÃO,2025-02-27,20,Concluída,71.0,WhatsApp
M0009402,A00799,O20250209,2025,Sociologia,2025-04-17,20,Ativa,61.3,Feira escolar
M0009403,A00800,O20250213,2025,Biologia,2025-03-26,,Cancelada,45.5,
M0009404,A00800,O20250219,2025,FILOSOFIA,2025-02-19,,Concluída,18.7,
M0009405,A00800,O20250211,2025,Física,2025-01-16,,Concluída,57.2,
M0009406,A00800,O20250215,2025,Geografia,2025-04-22,20,Cancelada,67.1,Feira escolar
M0009407,A00800,O20250214,2025,História,2025-02-28,0,Concluída,52.4,Feira escolar
M0009408,A00800,O20250218,2025,Inglês,2025-04-24,10,Concluída,76.6,Instagram
M0009409,A00800,O20250210,2025,Matemática,2025-03-10,30,Concluída,58.2,Google
M0009410,A00800,O20250216,2025,Português,2025-02-02,,Ativa,42.5,WhatsApp
M0009411,A00800,O20250217,2025,Redação,16/01/2025,25,Concluída,33.1,
M0009412,A00800,O20250220,2025,Sociologia,04-07-2025,20,Concluída,60.8,Google
M0009413,A00323,O20210039,2021,GEOGRAFIA,2021-04-04,50,,48.0,Google
M0009414,A00104,O20240151,2024,Redação,2024-01-15,0,,61.1,Indicação
M0009415,A00048,O20220048,2022,Biologia,2022-03-28,10,Concluída,65.8,Google
M0009416,A00740,O20230094,2023,Geografia,2023-04-25,20,Concluída,41.9,Google
M0009417,A00304,O20230126,2023,História,2023-04-10,,Ativa,51.7,Instagram
M0009418,A00508,O20240143,2024,Sociologia,2024-04-24,25,Concluída,51.8,Google
M0009419,A00249,O20220050,2022,Geografia,2022-04-23,25,Concluída,56.3,Instagram
M0009420,A00019,O20230105,2023,Geografia,2023-04-10,0,Ativa,54.2,Google
M0009421,A00659,O20230116,2023,Geografia,25/02/2023,10,Ativa,80.0,Indicação
M0009422,A00465,O20240133,2024,Matemática,2024-03-21,25,Ativa,70.3,
M0009423,A00226,O20230103,2023,Biologia,2023-04-03,30,Concluída,42.9,
M0009424,A00029,O20240146,2024,Química,2024-04-11,30,Concluída,66.7,Instagram
M0009425,A00055,O20250205,2025,Português,2025-04-12,0,Ativa,60.7,
M0009426,A00194,O20240142,2024,Filosofia,2024-03-09,20,Concluída,46.5,Indicação
M0009427,A00032,O20240163,2024,Inglês,2024/01/23,30,Concluída,36.9,WhatsApp
M0009428,A00513,O20240161,2024,Português,2024-04-21,,Concluída,72.9,Google
M0009429,A00220,O20250214,2025,História,2025-03-26,,Ativa,70.0,Feira escolar
M0009430,A00339,O20220068,2022,Física,02-05-2022,,Ativa,37.3,
M0009431,A00192,O20230105,2023,Geografia,2023-02-06,,,61.0,Indicação
M0009432,A00549,O20240160,2024,GEOGRAFIA,2024-03-13,10,Ativa,85.0,Google
M0009433,A00525,O20230106,2023,Português,2023-03-25,20,Concluída,48.7,Google
M0009434,A00451,O20240143,2024,Sociologia,2024-04-16,0,Ativa,40.4,
M0009435,A00273,O20230100,2023,Matemática,2023-02-22,10,,65.9,Feira escolar
M0009436,A00191,O20210019,2021,Redacao,2021-04-11,15,Concluída,46.0,Indicação
M0009437,A00158,O20230091,2023,Química,2023-01-26,0,,61.7,WhatsApp
M0009438,A00219,O20250185,2025,Inglês,2025-02-18,10,Ativa,52.1,WhatsApp
M0009439,A00636,O20210014,2021,Química,2021-02-06,50,Concluída,66.7,WhatsApp
M0009440,A00162,O20230099,2023,Sociologia,2023-02-05,30,Ativa,71.1,Google
M0009441,A00255,O20230108,2023,Inglês,05/04/2023,15,Ativa,58.8,Feira escolar
M0009442,A00670,O20230107,2023,Redação,2023-04-09,0,Concluída,51.7,Instagram
M0009443,A00371,O20250190,2025,Química,2025-04-04,25,Ativa,46.3,Feira escolar
M0009444,A00526,O20210023,2021,Matemática,2021-04-04,10,Ativa,47.9,Google
M0009445,A00031,O20230111,2023,Matemática,2023-03-08,0,,66.3,
M0009446,A00343,O20210041,2021,Redação,2021-01-01,25,,68.4,Instagram
M0009447,A00010,O20220056,2022,Matemática,2022-03-27,50,Ativa,59.5,Google
M0009448,A00401,O20240138,2024,Geografia,2024-03-15,10,Ativa,51.7,Instagram
M0009449,A00020,O20240151,2024,Redação,03-12-2024,10,Ativa,62.3,Google
M0009450,A00327,O20250205,2025,Português,2025-02-11,20,Concluída,89.4,WhatsApp
M0009451,A00709,O20240165,2024,Sociologia,2024-03-04,50,Concluída,67.6,Google
M0009452,A00389,O20240138,2024,Geografia,2024-01-19,15,Concluída,68.9,
